Sym,Issuer Name,Cl,CUSIP,Value ($000),%,Shares,Principal,Option Type
SPY,SPDR S&P 500 ETF TR,TR UNIT,78462F103,"2,935,124",13%,"9,119,258",,
QQQ,INVESCO QQQ TR,UNIT SER 1,46090E103,"1,158,725",5.0%,"5,450,000",,
IWM,ISHARES TR,RUSSELL 2000 ETF,464287655,"1,143,454",4.9%,"6,902,000",,
HYG,ISHARES TR,IBOXX HI YD ETF,464288513,"1,104,087",4.7%,"12,555,000",,
LQD,ISHARES TR,IBOXX INV CP ETF,464287242,"936,795",4.0%,"7,321,000",,
MSFT,MICROSOFT CORP,COM,594918104,"512,136",2.2%,"3,247,532",,
AGG,ISHARES TR,CORE US AGGBD ET,464287226,"451,503",1.9%,"4,018,000",,
XBI,SPDR SERIES TRUST,S&P BIOTECH,78464A870,"445,495",1.9%,"4,684,000",,
GOOGL,ALPHABET INC,CAP STK CL A,02079K305,"383,427",1.6%,"286,270",,
JPM,JPMORGAN CHASE & CO,COM,46625H100,"376,065",1.6%,"2,697,743",,
JNK,SPDR SERIES TRUST,BLOOMBERG BRCLYS,78468R622,"350,528",1.5%,"3,200,000",,
AGN,ALLERGAN PLC,SHS,G0177J108,"321,503",1.4%,"1,681,763",,
XLU,SELECT SECTOR SPDR TR,SBI INT-UTILS,81369Y886,"317,891",1.4%,"4,919,391",,
AMZN,AMAZON COM INC,COM,023135106,"295,128",1.3%,"159,715",,
XLF,SELECT SECTOR SPDR TR,SBI INT-FINL,81369Y605,"293,949",1.3%,"9,550,000",,
XLV,SELECT SECTOR SPDR TR,SBI HEALTHCARE,81369Y209,"256,708",1.1%,"2,520,200",,
IBB,ISHARES TR,NASDAQ BIOTECH,464287556,"238,610",1.0%,"1,980,000",,
XLP,SELECT SECTOR SPDR TR,SBI CONS STPLS,81369Y308,"214,132",0.9%,"3,400,000",,
XLI,SELECT SECTOR SPDR TR,SBI INT-INDS,81369Y704,"204,201",0.9%,"2,506,459",,
EMB,ISHARES TR,JPMORGAN USD EMG,464288281,"194,752",0.8%,"1,700,000",,
XLB,SELECT SECTOR SPDR TR,SBI MATERIALS,81369Y100,"190,943",0.8%,"3,108,809",,
SMH,VANECK VECTORS ETF TRUST,SEMICONDUCTOR ET,92189F676,"173,227",0.7%,"1,225,000",,
IAU,ISHARES GOLD TRUST,ISHARES,464285105,"168,200",0.7%,"11,600,000",,
XOP,SPDR SERIES TRUST,S&P OILGAS EXP,78464A730,"167,132",0.7%,"7,052,000",,
BMO.TO,BANK MONTREAL QUE,COM,063671101,"165,667",0.7%,"2,138,399",,
CZR,CAESARS ENTMT CORP,COM,127686103,"161,347",0.7%,"11,863,754",,
KRE,SPDR SERIES TRUST,S&P REGL BKG,78464A698,"160,248",0.7%,"2,751,038",,
BAC,BANK AMER CORP,COM,060505104,"154,162",0.7%,"4,377,118",,
CSCO,CISCO SYS INC,COM,17275R102,"152,531",0.7%,"3,180,372",,
BABA,ALIBABA GROUP HLDG LTD,SPONSORED ADS,01609W102,"151,015",0.6%,"712,000",,
JNJ,JOHNSON & JOHNSON,COM,478160104,"148,730",0.6%,"1,019,608",,
OXY,OCCIDENTAL PETE CORP,COM,674599105,"144,463",0.6%,"3,505,522",,
ENB.TO,ENBRIDGE INC,COM,29250N105,"143,151",0.6%,"3,601,757",,
XRT,SPDR SERIES TRUST,S&P RETAIL ETF,78464A714,"142,769",0.6%,"3,103,000",,
IGV,ISHARES TR,EXPANDED TECH,464287515,"140,989",0.6%,"605,000",,
AAPL,APPLE INC,COM,037833100,"118,492",0.5%,"403,513",,
LPT,LIBERTY PPTY TR,SH BEN INT,531172104,"115,509",0.5%,"1,923,541",,
DIA,SPDR DOW JONES INDL AVRG ETF,UT SER 1,78467X109,"114,040",0.5%,"400,000",,
PG,PROCTER & GAMBLE CO,COM,742718109,"110,718",0.5%,"886,457",,
SOXX,ISHARES TR,PHLX SEMICND ETF,464287523,"108,726",0.5%,"433,000",,
DIS,DISNEY WALT CO,COM DISNEY,254687106,"107,501",0.5%,"743,280",,
PEP,PEPSICO INC,COM,713448108,"106,729",0.5%,"780,927",,
AMT,AMERICAN TOWER CORP NEW,COM,03027X100,"98,374",0.4%,"428,046",,
MRK,MERCK & CO INC,COM,58933Y105,"95,076",0.4%,"1,045,363",,
ADBE,ADOBE INC,COM,00724F101,"94,857",0.4%,"287,610",,
XLC,SELECT SECTOR SPDR TR,COMMUNICATION,81369Y852,"80,990",0.3%,"1,510,154",,
CME,CME GROUP INC,COM,12572Q105,"79,883",0.3%,"397,980",,
FRC,FIRST REP BK SAN FRANCISCO C,COM,33616C100,"75,990",0.3%,"647,000",,
XLY,SELECT SECTOR SPDR TR,SBI CONS DISCR,81369Y407,"75,252",0.3%,"600,000",,
CY,CYPRESS SEMICONDUCTOR CORP,COM,232806109,"74,082",0.3%,"3,175,396",,
META,FACEBOOK INC,CL A,30303M102,"70,660",0.3%,"344,261",,
MCD,MCDONALDS CORP,COM,580135101,"69,326",0.3%,"350,822",,
AFL,AFLAC INC,COM,001055102,"62,992",0.3%,"1,190,782",,
KO,COCA COLA CO,COM,191216100,"62,414",0.3%,"1,127,630",,
ASHR,DBX ETF TR,XTRACK HRVST CSI,233051879,"59,280",0.3%,"2,000,000",,
MDT,MEDTRONIC PLC,SHS,G5960L103,"58,180",0.2%,"512,824",,
MDLZ,MONDELEZ INTL INC,CL A,609207105,"57,543",0.2%,"1,044,711",,
SHOP,SHOPIFY INC,CL A,82509L107,"55,655",0.2%,"140,032",,
LYB,LYONDELLBASELL INDUSTRIES N,SHS - A -,N53745100,"55,311",0.2%,"585,424",,
SPG,SIMON PPTY GROUP INC NEW,COM,828806109,"54,202",0.2%,"363,871",,
XLE,SELECT SECTOR SPDR TR,ENERGY,81369Y506,"54,036",0.2%,"900,000",,
TD,TORONTO DOMINION BK ONT,COM NEW,891160509,"51,739",0.2%,"922,846",,
IAC,IAC INTERACTIVECORP,COM,44919P508,"51,317",0.2%,"206,000",,
IEF,ISHARES TR,BARCLAYS 7 10 YR,464287440,"50,150",0.2%,"455,000",,
TJX,TJX COS INC NEW,COM,872540109,"49,356",0.2%,"808,313",,
PFE,PFIZER INC,COM,717081103,"48,801",0.2%,"1,245,561",,
TIF,TIFFANY & CO NEW,COM,886547108,"48,044",0.2%,"359,477",,
ADSW,ADVANCED DISP SVCS INC DEL,COM,00790X101,"47,633",0.2%,"1,449,140",,
GEN,NORTONLIFELOCK INC,COM,668771108,"46,766",0.2%,"1,832,511",,
C,CITIGROUP INC,COM NEW,172967424,"46,527",0.2%,"582,394",,
CMG,CHIPOTLE MEXICAN GRILL INC,COM,169656105,"46,430",0.2%,"55,465",,
NOC,NORTHROP GRUMMAN CORP,COM,666807102,"46,167",0.2%,"134,219",,
FIS,FIDELITY NATL INFORMATION SV,COM,31620M106,"46,152",0.2%,"331,811",,
DHR,DANAHER CORPORATION,COM,235851102,"46,095",0.2%,"300,335",,
MA,MASTERCARD INC,CL A,57636Q104,"45,997",0.2%,"154,048",,
EVRG,EVERGY INC,COM,30034W106,"45,929",0.2%,"705,621",,
SYY,SYSCO CORP,COM,871829107,"45,737",0.2%,"534,691",,
GIB-A.TO,CGI INC,CL A SUB VTG,12532H104,"44,337",0.2%,"530,000",,
APD,AIR PRODS & CHEMS INC,COM,009158106,"44,314",0.2%,"188,579",,
UNP,UNION PACIFIC CORP,COM,907818108,"44,067",0.2%,"243,748",,
HYG,ISHARES TR,IBOXX HI YD ETF,464288513,"43,970",0.2%,"500,000",,put
GOOG,ALPHABET INC,CAP STK CL C,02079K107,"43,127",0.2%,"32,256",,
IYF,ISHARES TR,U.S. FINLS ETF,464287788,"41,334",0.2%,"300,000",,
WBC,WABCO HLDGS INC,COM,92927K102,"41,049",0.2%,"302,948",,
LOW,LOWES COS INC,COM,548661107,"40,215",0.2%,"335,800",,
UNH,UNITEDHEALTH GROUP INC,COM,91324P102,"39,644",0.2%,"134,852",,
MSI,MOTOROLA SOLUTIONS INC,COM NEW,620076307,"39,367",0.2%,"244,300",,
PM,PHILIP MORRIS INTL INC,COM,718172109,"38,738",0.2%,"455,257",,
RL,RALPH LAUREN CORP,CL A,751212101,"38,293",0.2%,"326,675",,
INXN,INTERXION HOLDING N.V,SHS,N47279109,"38,002",0.2%,"453,428",,
IJR,ISHARES TR,CORE S&P SCP ETF,464287804,"37,733",0.2%,"450,000",,
XLK,SELECT SECTOR SPDR TR,TECHNOLOGY,81369Y803,"37,224",0.2%,"406,070",,
MU,MICRON TECHNOLOGY INC,COM,595112103,"37,114",0.2%,"690,115",,
NTRS,NORTHERN TR CORP,COM,665859104,"37,095",0.2%,"349,166",,
BSV,VANGUARD BD INDEX FD INC,SHORT TRM BOND,921937827,"37,081",0.2%,"460,000",,
NKE,NIKE INC,CL B,654106103,"35,749",0.2%,"352,865",,
SBUX,STARBUCKS CORP,COM,855244109,"35,735",0.2%,"406,453",,
LHX,L3HARRIS TECHNOLOGIES INC,COM,502431109,"35,500",0.2%,"179,411",,
VEA,VANGUARD TAX MANAGED INTL FD,FTSE DEV MKT ETF,921943858,"35,248",0.2%,"800,000",,
HTZGQ,HERTZ GLOBAL HLDGS INC,COM,42806J106,"35,192",0.2%,"2,234,400",,
COST,COSTCO WHSL CORP NEW,COM,22160K105,"34,748",0.1%,"118,222",,
IWO,ISHARES TR,RUS 2000 GRW ETF,464287648,"34,275",0.1%,"160,000",,
AMAT,APPLIED MATLS INC,COM,038222105,"34,153",0.1%,"559,523",,
EMLC,VANECK VECTORS ETF TR,JP MORGAN MKTS,92189H300,"34,010",0.1%,"1,000,000",,
XOM,EXXON MOBIL CORP,COM,30231G102,"33,850",0.1%,"485,100",,
VRTU,VIRTUSA CORP,COM,92827P102,"33,807",0.1%,"745,800",,
RTN,RAYTHEON CO,COM NEW,755111507,"33,741",0.1%,"153,549",,
BX,BLACKSTONE GROUP INC,COM CL A,09260D107,"33,564",0.1%,"600,000",,
MLM,MARTIN MARIETTA MATLS INC,COM,573284106,"33,389",0.1%,"119,400",,
TROW,PRICE T ROWE GROUP INC,COM,74144T108,"33,384",0.1%,"274,000",,
TSN,TYSON FOODS INC,CL A,902494103,"32,877",0.1%,"361,124",,
ZAYO,ZAYO GROUP HLDGS INC,COM,98919V105,"32,452",0.1%,"936,578",,
TGT,TARGET CORP,COM,87612E106,"32,240",0.1%,"251,461",,
PHM,PULTE GROUP INC,COM,745867101,"30,555",0.1%,"787,488",,
WFC,WELLS FARGO CO NEW,COM,949746101,"30,355",0.1%,"564,224",,
GDDY,GODADDY INC,CL A,380237107,"30,245",0.1%,"445,300",,
CCL,CARNIVAL CORP,UNIT 99/99/9999,143658300,"30,192",0.1%,"593,982",,
AMGN,AMGEN INC,COM,031162100,"29,979",0.1%,"124,358",,
QCOM,QUALCOMM INC,COM,747525103,"29,926",0.1%,"339,184",,
BIIB,BIOGEN INC,COM,09062X103,"29,779",0.1%,"100,358",,
ALLY,ALLY FINL INC,COM,02005N100,"29,264",0.1%,"957,581",,
URI,UNITED RENTALS INC,COM,911363109,"29,008",0.1%,"173,938",,
SYF,SYNCHRONY FINL,COM,87165B103,"28,912",0.1%,"802,876",,
HEI-A,HEICO CORP NEW,CL A,422806208,"28,778",0.1%,"321,433",,
APO,APOLLO GLOBAL MGMT INC,COM CL A,03768E105,"28,670",0.1%,"600,926",,
LMT,LOCKHEED MARTIN CORP,COM,539830109,"28,012",0.1%,"71,941",,
ACIA,ACACIA COMMUNICATIONS INC,COM,00401C108,"27,689",0.1%,"408,335",,
EQR,EQUITY RESIDENTIAL,SH BEN INT,29476L107,"27,060",0.1%,"334,400",,
CB,CHUBB LIMITED,COM,H1467J104,"26,929",0.1%,"173,000",,
WMGI,WRIGHT MED GROUP N V,ORD SHS,N96617118,"26,733",0.1%,"877,082",,
TRV,TRAVELERS COMPANIES INC,COM,89417E109,"26,725",0.1%,"195,147",,
OC,OWENS CORNING NEW,COM,690742101,"26,178",0.1%,"402,000",,
MS,MORGAN STANLEY,COM NEW,617446448,"26,078",0.1%,"510,142",,
,VANECK VECTORS ETF TRUST,OIL SVCS ETF,92189F718,"25,838",0.1%,"1,950,000",,
IPHI,INPHI CORP,COM,45772F107,"25,596",0.1%,"345,800",,
UBER,UBER TECHNOLOGIES INC,COM,90353T100,"25,211",0.1%,"847,700",,
FTSV,FORTY SEVEN INC,COM,34983P104,"25,101",0.1%,"637,563",,
TIP,ISHARES TR,TIPS BD ETF,464287176,"24,946",0.1%,"214,000",,
TER,TERADYNE INC,COM,880770102,"24,379",0.1%,"357,520",,
GD,GENERAL DYNAMICS CORP,COM,369550108,"24,217",0.1%,"137,326",,
LSXMK,LIBERTY MEDIA CORP DELAWARE,COM C SIRIUSXM,531229607,"23,998",0.1%,"498,506",,
AMP,AMERIPRISE FINL INC,COM,03076C106,"23,988",0.1%,"144,000",,
IWN,ISHARES TR,RUS 2000 VAL ETF,464287630,"23,787",0.1%,"185,000",,
GPI,GROUP 1 AUTOMOTIVE INC,COM,398905109,"23,770",0.1%,"237,697",,
DVN,DEVON ENERGY CORP NEW,COM,25179M103,"23,438",0.1%,"902,500",,
KR,KROGER CO,COM,501044101,"23,337",0.1%,"805,003",,
FPAC,FAR PT ACQUISITION CORP,COM CL A,30734W109,"23,243",0.1%,"2,250,000",,
STX,SEAGATE TECHNOLOGY PLC,SHS,G7945M107,"23,146",0.1%,"389,000",,
SYK,STRYKER CORP,COM,863667101,"23,059",0.1%,"109,834",,
ORLY,O REILLY AUTOMOTIVE INC NEW,COM,67103H107,"22,833",0.1%,"52,100",,
VWO,VANGUARD INTL EQUITY INDEX F,FTSE EMR MKT ETF,922042858,"22,235",0.1%,"500,000",,
AES,AES CORP,COM,00130H105,"22,123",0.1%,"1,111,729",,
FIT,FITBIT INC,CL A,33812L102,"21,962",0.1%,"3,342,730",,
HII,HUNTINGTON INGALLS INDS INC,COM,446413106,"21,939",0.1%,"87,450",,
,SPARTAN ENERGY ACQUISITON CO,CL A COM STK,846784106,"21,810",0.1%,"2,145,000",,
MCO,MOODYS CORP,COM,615369105,"21,761",0.1%,"91,661",,
CPAAU,CONYERS PK II ACQUISITION CO,UNIT 99/99/9999,212896203,"21,760",0.1%,"2,000,000",,
CCX,CHURCHILL CAP CORP II,UNIT 99/99/9999,17143G205,"21,557",0.1%,"2,000,000",,
MTOR,MERITOR INC,COM,59001K100,"21,308",0.1%,"813,600",,
LSXMA,LIBERTY MEDIA CORP DELAWARE,COM A SIRIUSXM,531229409,"21,104",0.1%,"436,583",,
JBL,JABIL INC,COM,466313103,"20,996",0.1%,"508,013",,
WBA,WALGREENS BOOTS ALLIANCE INC,COM,931427108,"20,762",0.1%,"352,144",,
GIS,GENERAL MLS INC,COM,370334104,"20,464",0.1%,"382,083",,
IBM,INTERNATIONAL BUSINESS MACHS,COM,459200101,"20,351",0.1%,"151,825",,
W,WAYFAIR INC,CL A,94419L101,"20,333",0.1%,"225,000",,
TLT,ISHARES TR,20 YR TR BD ETF,464287432,"20,322",0.1%,"150,000",,
PGR,PROGRESSIVE CORP OHIO,COM,743315103,"19,751",0.1%,"272,848",,
TRI.TO,THOMSON REUTERS CORP,COM NEW,884903709,"19,307",0.1%,"270,000",,
CI,CIGNA CORP NEW,COM,125523100,"19,292",0.1%,"94,340",,
ORCL,ORACLE CORP,COM,68389X105,"19,289",0.1%,"364,076",,
SKX,SKECHERS U S A INC,CL A,830566105,"19,243",0.1%,"445,548",,
MO,ALTRIA GROUP INC,COM,02209S103,"18,830",0.1%,"377,272",,
HD,HOME DEPOT INC,COM,437076102,"18,544",0.1%,"84,916",,
CPE,CALLON PETE CO DEL,COM,13123X102,"18,519",0.1%,"3,834,194",,
FSLR,FIRST SOLAR INC,COM,336433107,"18,467",0.1%,"330,000",,
AIG,AMERICAN INTL GROUP INC,COM NEW,026874784,"18,273",0.1%,"356,000",,
PLAN,ANAPLAN INC,COM,03272L108,"17,635",0.1%,"336,541",,
AMTD,TD AMERITRADE HLDG CORP,COM,87236Y108,"17,410",0.1%,"350,293",,
FFIV,F5 NETWORKS INC,COM,315616102,"17,149",0.1%,"122,800",,
NVR,NVR INC,COM,62944T105,"17,138",0.1%,"4,500",,
PAE,GORES HOLDINGS III INC,CLASS A,38286G109,"17,061",0.1%,"1,650,000",,
VRSN,VERISIGN INC,COM,92343E102,"17,030",0.1%,"88,383",,
WY,WEYERHAEUSER CO,COM,962166104,"17,030",0.1%,"563,900",,
TFC,TRUIST FINL CORP,COM,89832Q109,"16,887",0.1%,"299,840",,
BCE.TO,BCE INC,COM NEW,05534B760,"16,885",0.1%,"364,600",,
FRT,FEDERAL REALTY INVT TR,SH BEN INT NEW,313747206,"16,883",0.1%,"131,148",,
KIM,KIMCO RLTY CORP,COM,49446R109,"16,802",0.1%,"811,300",,
GNW,GENWORTH FINL INC,COM CL A,37247D106,"16,763",0.1%,"3,809,877",,
MDCO,MEDICINES CO,COM,584688105,"16,610",0.1%,"195,555",,
PCAR,PACCAR INC,COM,693718108,"16,532",0.1%,"209,000",,
CM.TO,CDN IMPERIAL BK COMM TORONTO,COM,136069101,"16,509",0.1%,"198,459",,
LEA,LEAR CORP,COM NEW,521865204,"16,409",0.1%,"119,600",,
EW,EDWARDS LIFESCIENCES CORP,COM,28176E108,"16,307",0.1%,"69,900",,
TT,INGERSOLL-RAND PLC,SHS,G47791101,"16,280",0.1%,"122,483",,
,SPRINT CORPORATION,COM,85207U105,"16,275",0.1%,"3,123,730",,
JAZZ,JAZZ PHARMACEUTICALS PLC,SHS USD,G50871105,"16,272",0.1%,"109,000",,
HSY,HERSHEY CO,COM,427866108,"16,151",0.1%,"109,884",,
TECD,TECH DATA CORP,COM,878237106,"15,881",0.1%,"110,591",,
AWK,AMERICAN WTR WKS CO INC NEW,COM,030420103,"15,856",0.1%,"129,070",,
ETR,ENTERGY CORP NEW,COM,29364G103,"15,751",0.1%,"131,480",,
CVX,CHEVRON CORP NEW,COM,166764100,"15,664",0.1%,"129,984",,
LBRDK,LIBERTY BROADBAND CORP,COM SER C,530307305,"15,630",0.1%,"124,291",,
REG,REGENCY CTRS CORP,COM,758849103,"15,548",0.1%,"246,448",,
CCI,CROWN CASTLE INTL CORP NEW,COM,22822V101,"15,210",0.1%,"107,000",,
,SWITCHBACK ENERGY ACQUISITIO,UNIT 99/99/9999,87105M201,"15,045",0.1%,"1,500,000",,
WTW,WILLIS TOWERS WATSON PUB LTD,SHS,G96629103,"14,797",0.1%,"73,276",,
CL,COLGATE PALMOLIVE CO,COM,194162103,"14,778",0.1%,"214,666",,
IP,INTL PAPER CO,COM,460146103,"14,776",0.1%,"320,874",,
ACN,ACCENTURE PLC IRELAND,SHS CLASS A,G1151C101,"14,630",0.1%,"69,479",,
ED,CONSOLIDATED EDISON INC,COM,209115104,"14,442",0.1%,"159,628",,
PACB,PACIFIC BIOSCIENCES CALIF IN,COM,69404D108,"14,359",0.1%,"2,793,500",,
USB,US BANCORP DEL,COM NEW,902973304,"14,081",0.1%,"237,500",,
ICE,INTERCONTINENTAL EXCHANGE IN,COM,45866F104,"14,005",0.1%,"151,322",,
RARX,RA PHARMACEUTICALS INC,COM,74933V108,"13,977",0.1%,"297,831",,
SUI,SUN CMNTYS INC,COM,866674104,"13,898",0.1%,"92,594",,
STZ,CONSTELLATION BRANDS INC,CL A,21036P108,"13,852",0.1%,"73,000",,
DKNG,DIAMOND EAGLE ACQUISITION CO,COM CL A,25258L109,"13,803",0.1%,"1,290,000",,
STLD,STEEL DYNAMICS INC,COM,858119100,"13,727",0.1%,"403,250",,
THBR,THUNDER BRDG ACQUISTION II L,UNIT 99/99/9999,G8857S124,"13,585",0.1%,"1,300,000",,
NUE,NUCOR CORP,COM,670346105,"13,547",0.1%,"240,713",,
CIEN,CIENA CORP,COM NEW,171779309,"13,537",0.1%,"317,100",,
LEN-B,LENNAR CORP,CL B,526057302,"13,529",0.1%,"302,659",,
CSGS,CSG SYS INTL INC,COM,126349109,"13,370",0.1%,"258,200",,
HUM,HUMANA INC,COM,444859102,"13,304",0.1%,"36,298",,
BA,BOEING CO,COM,097023105,"13,252",0.1%,"40,681",,
LAZR,GORES METROPOULOS INC,COM CL A,382872109,"13,250",0.1%,"1,299,000",,
WING,WINGSTOP INC,COM,974155103,"13,240",0.1%,"153,548",,
ARQL,ARQULE INC,COM,04269E107,"13,176",0.1%,"660,121",,
AGO,ASSURED GUARANTY LTD,COM,G0585R106,"13,159",0.1%,"268,441",,
TMUS,T MOBILE US INC,COM,872590104,"13,096",0.1%,"167,000",,
HOUS,REALOGY HLDGS CORP,COM,75605Y106,"12,720",0.1%,"1,314,000",,
DXCM,DEXCOM INC,COM,252131107,"12,666",0.1%,"57,904",,
PNC,PNC FINL SVCS GROUP INC,COM,693475105,"12,502",0.1%,"78,316",,
JAG,JAGGED PEAK ENERGY INC,COM,47009K107,"12,462",0.1%,"1,467,797",,
PSX,PHILLIPS 66,COM,718546104,"12,311",0.1%,"110,500",,
BOLD,AUDENTES THERAPEUTICS INC,COM,05070R104,"12,294",0.1%,"205,456",,
HFC,HOLLYFRONTIER CORP,COM,436106108,"12,241",0.1%,"241,402",,
,JUNIPER INDL HLDGS INC,UNIT 11/13/2026,48205G205,"12,240",0.1%,"1,200,000",,
EE,EL PASO ELEC CO,COM NEW,283677854,"12,103",0.1%,"178,268",,
CNQ.TO,CANADIAN NAT RES LTD,COM,136385101,"12,048",0.1%,"372,628",,
RCL,ROYAL CARIBBEAN CRUISES LTD,COM,V7780T103,"12,016",0.1%,"90,000",,
BURL,BURLINGTON STORES INC,COM,122017106,"11,972",0.1%,"52,500",,
LOGM,LOGMEIN INC,COM,54142L109,"11,918",0.1%,"139,003",,
F,FORD MTR CO DEL,COM,345370860,"11,911",0.1%,"1,280,788",,
WCG,WELLCARE HEALTH PLANS INC,COM,94946T106,"11,893",0.1%,"36,017",,
AXE,ANIXTER INTL INC,COM,035290105,"11,884",0.1%,"129,038",,
K.TO,KINROSS GOLD CORP,COM,496902404,"11,855",0.1%,"2,500,000",,
NTAP,NETAPP INC,COM,64110D104,"11,828",0.1%,"190,000",,
NUVA,NUVASIVE INC,COM,670704105,"11,756",0.1%,"152,000",,
KEM,KEMET CORP,COM NEW,488360207,"11,623",0.0%,"429,693",,
WMS,ADVANCED DRAIN SYS INC DEL,COM,00790R104,"11,567",0.0%,"297,800",,
,MELLANOX TECHNOLOGIES LTD,SHS,M51363113,"11,481",0.0%,"97,978",,
EOG,EOG RES INC,COM,26875P101,"11,437",0.0%,"136,549",,
TROX,TRONOX HOLDINGS PLC,SHS,G9087Q102,"11,420",0.0%,"999,985",,
XEL,XCEL ENERGY INC,COM,98389B100,"11,409",0.0%,"179,700",,
TEL,TE CONNECTIVITY LTD,REG SHS,H84989104,"11,261",0.0%,"117,500",,
RS,RELIANCE STEEL & ALUMINUM CO,COM,759509102,"11,257",0.0%,"94,000",,
VLO,VALERO ENERGY CORP NEW,COM,91913Y100,"11,238",0.0%,"120,000",,
RLJ,RLJ LODGING TR,COM,74965L101,"11,203",0.0%,"632,237",,
ITT,ITT INC,COM,45073V108,"11,160",0.0%,"151,000",,
TMST,TIMKENSTEEL CORP,COM,887399103,"11,004",0.0%,"1,400,000",,
OLED,UNIVERSAL DISPLAY CORP,COM,91347P105,"10,818",0.0%,"52,496",,
THOR,SYNTHORX INC,COM,87167A103,"10,484",0.0%,"150,000",,
,APEX TECHNOLOGY ACQUISITN CO,UNIT 06/11/2026,03768F201,"10,480",0.0%,"1,000,000",,
VFC,V F CORP,COM,918204108,"10,464",0.0%,"105,000",,
LPRO,NEBULA ACQUISITION CORP,COM CLASS A,629076100,"10,435",0.0%,"990,000",,
BTRS,SOUTH MTN MERGER CORP,UNIT 99/99/9999,838884203,"10,410",0.0%,"1,000,000",,
MAS,MASCO CORP,COM,574599106,"10,381",0.0%,"216,322",,
,CHASERG TECHNLGY ACQUISITN C,CLASS A,16166A103,"10,308",0.0%,"950,000",,
,CF FIN ACQUISITION CORP,COM CL A,12528N107,"10,250",0.0%,"1,000,000",,
,SILVER SPIKE ACQUISITION COR,UNIT 99/99/9999,G8136L122,"10,170",0.0%,"1,000,000",,
,EXPERIENCE INVESTMENT CORP,UNIT 09/01/2026,30217C208,"10,135",0.0%,"1,000,000",,
PAYA,FINTECH ACQUISITION CORP III,COM CL A,31811A101,"10,120",0.0%,"1,000,000",,
,ALUSSA ENERGY ACQUISITION CO,UNIT 10/31/2026,G0232J127,"10,080",0.0%,"1,000,000",,
MYL,MYLAN N V,SHS EURO,N59465109,"10,050",0.0%,"500,000",,
CONE,CYRUSONE INC,COM,23283R100,"10,044",0.0%,"153,500",,
APA,APACHE CORP,COM,037411105,"9,980",0.0%,"390,000",,
,HAYMAKER ACQUISITION CORP II,COM CL A,42087L101,"9,950",0.0%,"990,000",,
CTSH,COGNIZANT TECHNOLOGY SOLUTIO,CL A,192446102,"9,938",0.0%,"160,242",,
GTE,GRAN TIERRA ENERGY INC,COM,38500T101,"9,804",0.0%,"7,600,000",,
WMT,WALMART INC,COM,931142103,"9,649",0.0%,"81,196",,
ESS,ESSEX PPTY TR INC,COM,297178105,"9,639",0.0%,"32,039",,
DHI,D R HORTON INC,COM,23331A109,"9,574",0.0%,"181,497",,
BAP,CREDICORP LTD,COM,G2519Y108,"9,492",0.0%,"44,534",,
INTEQ,INTELSAT S A,COM,L5140P101,"9,476",0.0%,"1,348,000",,
CHWY,CHEWY INC,CL A,16679L109,"9,425",0.0%,"325,000",,
EXR,EXTRA SPACE STORAGE INC,COM,30225T102,"9,400",0.0%,"89,000",,
AMZN,AMAZON COM INC,COM,023135106,"9,239",0.0%,"5,000",,call
FTNT,FORTINET INC,COM,34959E109,"9,161",0.0%,"85,810",,
,BOXWOOD MERGER CORP,COM CL A,10319T101,"9,144",0.0%,"900,000",,
GDOT,GREEN DOT CORP,CL A,39304D102,"9,137",0.0%,"392,135",,
,ACT II GLOBAL ACQUISITION CO,CL A SHS,G0080J104,"9,108",0.0%,"900,000",,
PRGS,PROGRESS SOFTWARE CORP,COM,743312100,"9,060",0.0%,"218,041",,
KFY,KORN FERRY,COM NEW,500643200,"9,040",0.0%,"213,200",,
EXEL,EXELIXIS INC,COM,30161Q104,"9,039",0.0%,"513,000",,
CRSA,CRESCENT ACQUISITION CORP,COM CL A,22564L105,"9,018",0.0%,"900,000",,
IWP,ISHARES TR,RUS MD CP GR ETF,464287481,"9,002",0.0%,"59,000",,
GL,GLOBE LIFE INC,COM,37959E102,"8,946",0.0%,"85,000",,
IRM,IRON MTN INC NEW,COM,46284V101,"8,943",0.0%,"280,600",,
BWA,BORGWARNER INC,COM,099724106,"8,810",0.0%,"203,080",,
NBR,NABORS INDUSTRIES LTD,SHS,G6359F103,"8,717",0.0%,"3,026,900",,
CRM,SALESFORCE COM INC,COM,79466L302,"8,673",0.0%,"53,324",,
BSX,BOSTON SCIENTIFIC CORP,COM,101137107,"8,583",0.0%,"189,804",,
STT,STATE STR CORP,COM,857477103,"8,572",0.0%,"108,368",,
LIN,LINDE PLC,SHS,G5494J103,"8,516",0.0%,"40,000",,
PEGI,PATTERN ENERGY GROUP INC,CL A,70338P100,"8,476",0.0%,"316,800",,
FCFS,FIRSTCASH INC,COM,33767D105,"8,369",0.0%,"103,800",,
FBP,FIRST BANCORP P R,COM NEW,318672706,"8,338",0.0%,"787,300",,
HAL,HALLIBURTON CO,COM,406216101,"8,197",0.0%,"335,000",,
CHKP,CHECK POINT SOFTWARE TECH LT,ORD,M22465104,"8,164",0.0%,"73,577",,
FOX,FOX CORP,CL B COM,35137L204,"8,154",0.0%,"224,000",,
XLI,SELECT SECTOR SPDR TR,SBI INT-INDS,81369Y704,"8,147",0.0%,"100,000",,call
GMS,GMS INC,COM,36251C103,"8,081",0.0%,"298,424",,
RNR,RENAISSANCERE HOLDINGS LTD,COM,G7496G103,"8,037",0.0%,"41,000",,
ROST,ROSS STORES INC,COM,778296103,"8,033",0.0%,"69,000",,
IBKC,IBERIABANK CORP,COM,450828108,"8,011",0.0%,"107,054",,
DM,TRINE ACQUISITION CORP,COM CL A,89628U108,"7,984",0.0%,"800,000",,
SAM,BOSTON BEER INC,CL A,100557107,"7,946",0.0%,"21,029",,
RMO,RMG ACQUISITION CORP,CL A,749641106,"7,934",0.0%,"795,000",,
RIDE,DIAMONDPEAK HLDGS COR,COM CL A,25280H100,"7,910",0.0%,"795,000",,
FIVN,FIVE9 INC,COM,338307101,"7,896",0.0%,"120,400",,
TXT,TEXTRON INC,COM,883203101,"7,805",0.0%,"175,000",,
CTRA,CABOT OIL & GAS CORP,COM,127097103,"7,639",0.0%,"438,766",,
VER,VEREIT INC,COM,92339V100,"7,631",0.0%,"825,900",,
ACC,AMERICAN CAMPUS CMNTYS INC,COM,024835100,"7,620",0.0%,"162,031",,
CRWD,CROWDSTRIKE HLDGS INC,CL A,22788C105,"7,580",0.0%,"152,000",,
CRL,CHARLES RIV LABS INTL INC,COM,159864107,"7,550",0.0%,"49,421",,
LOTZ,ACAMAR PARTNERS ACQSITION CO,CL A,004285102,"7,493",0.0%,"750,000",,
PIPR,PIPER JAFFRAY COS,COM,724078100,"7,439",0.0%,"93,062",,
PRU,PRUDENTIAL FINL INC,COM,744320102,"7,324",0.0%,"78,126",,
CLDR,CLOUDERA INC,COM,18914U100,"7,296",0.0%,"627,325",,
MPW,MEDICAL PPTYS TRUST INC,COM,58463J304,"7,220",0.0%,"342,000",,
CARG,CARGURUS INC,COM CL A,141788109,"7,215",0.0%,"205,100",,
COMM,COMMSCOPE HLDG CO INC,COM,20337X109,"7,205",0.0%,"507,719",,
,PROPTECH ACQUISITION CORPORA,UNIT 10/01/2026,74349F200,"7,175",0.0%,"700,000",,
VRT,GS ACQUISITION HLDGS CORP,COM CL A,36255F102,"7,170",0.0%,"650,000",,
CIT,CIT GROUP INC,COM NEW,125581801,"7,156",0.0%,"156,826",,
PIC.U,PIVOTAL INVT CORP II,UNIT 06/01/2025,72582K209,"7,140",0.0%,"700,000",,
IHI,ISHARES TR,U.S. MED DVC ETF,464288810,"7,137",0.0%,"27,000",,
CIICU,CIIG MERGER CORP,UNIT 12/31/2026,12559C202,"7,112",0.0%,"700,000",,
IVR,INVESCO MORTGAGE CAPITAL INC,COM,46131B100,"7,089",0.0%,"425,780",,
MTX,MINERALS TECHNOLOGIES INC,COM,603158106,"6,996",0.0%,"121,400",,
PAYX,PAYCHEX INC,COM,704326107,"6,985",0.0%,"82,113",,
,GX ACQUISITION CORP,COM CL A,36251A107,"6,965",0.0%,"700,000",,
TCBI,TEXAS CAPITAL BANCSHARES INC,COM,88224Q107,"6,943",0.0%,"122,307",,
HPQ,HP INC,COM,40434L105,"6,891",0.0%,"335,309",,
IPG,INTERPUBLIC GROUP COS INC,COM,460690100,"6,806",0.0%,"294,630",,
STC,STEWART INFORMATION SVCS COR,COM,860372101,"6,730",0.0%,"165,000",,
CR,CRANE CO,COM,224399105,"6,729",0.0%,"77,900",,
AZO,AUTOZONE INC,COM,053332102,"6,704",0.0%,"5,627",,
MAR,MARRIOTT INTL INC NEW,CL A,571903202,"6,687",0.0%,"44,158",,
UTZ,COLLIER CREEK HOLDINGS,COM CL A,G22707106,"6,682",0.0%,"650,000",,
BBY,BEST BUY INC,COM,086516101,"6,663",0.0%,"75,894",,
WHR,WHIRLPOOL CORP,COM,963320106,"6,639",0.0%,"45,000",,
FSRVU,FINSERV ACQUISITION CORP,UNIT 12/31/2026,318085206,"6,627",0.0%,"650,000",,
PXD,PIONEER NAT RES CO,COM,723787107,"6,524",0.0%,"43,100",,
OEF,ISHARES TR,S&P 100 ETF,464287101,"6,484",0.0%,"45,000",,
SVMK,SVMK INC,COM,78489X103,"6,415",0.0%,"359,000",,
CRCM,CARE COM INC,COM,141633107,"6,394",0.0%,"425,392",,
INTU,INTUIT,COM,461202103,"6,377",0.0%,"24,345",,
VNO,VORNADO RLTY TR,SH BEN INT,929042109,"6,357",0.0%,"95,600",,
SWKS,SKYWORKS SOLUTIONS INC,COM,83088M102,"6,346",0.0%,"52,500",,
HAE,HAEMONETICS CORP,COM,405024100,"6,320",0.0%,"55,000",,
HI,HILLENBRAND INC,COM,431571108,"6,316",0.0%,"189,600",,
XLP,SELECT SECTOR SPDR TR,SBI CONS STPLS,81369Y308,"6,298",0.0%,"100,000",,put
INCY,INCYTE CORP,COM,45337C102,"6,287",0.0%,"72,000",,
CSOD,CORNERSTONE ONDEMAND INC,COM,21925Y103,"6,259",0.0%,"106,900",,
GLNG,GOLAR LNG LTD BERMUDA,SHS,G9456A100,"6,248",0.0%,"439,400",,
ALV,AUTOLIV INC,COM,052800109,"6,229",0.0%,"73,799",,
,STABLE RD ACQUISITION CORP,UNIT 05/15/2026,85236Q208,"6,174",0.0%,"600,000",,
OAC.U,OAKTREE ACQUISITION CORP,UNIT 99/99/9999,G67145121,"6,135",0.0%,"600,000",,
EGHT,8X8 INC NEW,COM,282914100,"6,109",0.0%,"333,800",,
FCN,FTI CONSULTING INC,COM,302941109,"6,108",0.0%,"55,200",,
PII,POLARIS INC,COM,731068102,"6,098",0.0%,"59,958",,
PPL,PPL CORP,COM,69351T106,"6,071",0.0%,"169,200",,
TBPH,THERAVANCE BIOPHARMA INC,COM,G8807B106,"6,071",0.0%,"234,500",,
AYR,AIRCASTLE LTD,COM,G0129K104,"6,002",0.0%,"187,500",,
LRCX,LAM RESEARCH CORP,COM,512807108,"5,962",0.0%,"20,390",,
PBCT,PEOPLES UTD FINL INC,COM,712704105,"5,949",0.0%,"352,000",,
RTX,UNITED TECHNOLOGIES CORP,COM,913017109,"5,867",0.0%,"39,173",,
EME,EMCOR GROUP INC,COM,29084Q100,"5,851",0.0%,"67,800",,
RH,RH,COM,74967X103,"5,765",0.0%,"27,000",,
HBAN,HUNTINGTON BANCSHARES INC,COM,446150104,"5,715",0.0%,"379,000",,
CROX,CROCS INC,COM,227046109,"5,651",0.0%,"134,900",,
STOR,STORE CAP CORP,COM,862121100,"5,632",0.0%,"151,244",,
L,LOEWS CORP,COM,540424108,"5,616",0.0%,"107,000",,
HCA,HCA HEALTHCARE INC,COM,40412C101,"5,543",0.0%,"37,500",,
BAX,BAXTER INTL INC,COM,071813109,"5,493",0.0%,"65,694",,
EVTC,EVERTEC INC,COM,30040P103,"5,460",0.0%,"160,400",,
UAL,UNITED AIRLINES HLDGS INC,COM,910047109,"5,430",0.0%,"61,640",,
SPGI,S&P GLOBAL INC,COM,78409V104,"5,428",0.0%,"19,880",,
CMI,CUMMINS INC,COM,231021106,"5,399",0.0%,"30,168",,
WFC,WELLS FARGO CO NEW,COM,949746101,"5,380",0.0%,"100,000",,call
ILMN,ILLUMINA INC,COM,452327109,"5,308",0.0%,"16,000",,
CWEN-A,CLEARWAY ENERGY INC,CL A,18539C105,"5,279",0.0%,"276,100",,
CZZ,COSAN LTD,SHS A,G25343107,"5,222",0.0%,"228,646",,
MHK,MOHAWK INDS INC,COM,608190104,"5,182",0.0%,"38,000",,
,NEW PROVIDENCE ACQUISITIN CO,UNIT 09/01/2024,64822P205,"5,138",0.0%,"500,000",,
VOYA,VOYA FINL INC,COM,929089100,"5,122",0.0%,"84,000",,
DLX,DELUXE CORP,COM,248019101,"4,992",0.0%,"100,000",,
VXX,BARCLAYS BK PLC,IPATH B SHRT TRM,06746P621,"4,990",0.0%,"330,000",,put
TPRE,THIRD PT REINS LTD,COM,G8827U100,"4,956",0.0%,"471,100",,
LEN,LENNAR CORP,CL A,526057104,"4,913",0.0%,"88,066",,
NMFC,NEW MTN FIN CORP,COM,647551100,"4,894",0.0%,"356,200",,
,LANDCADIA HLDGS II INC,CL A,51476X105,"4,891",0.0%,"495,000",,
BKD,BROOKDALE SR LIVING INC,COM,112463104,"4,817",0.0%,"662,597",,
FOLD,AMICUS THERAPEUTICS INC,COM,03152W109,"4,736",0.0%,"486,200",,
SRCI,SRC ENERGY INC,COM,78470V108,"4,729",0.0%,"1,147,730",,
QD,QUDIAN INC,ADR,747798106,"4,710",0.0%,"1,000,000",,
TMX,SERVICEMASTER GLOBAL HLDGS I,COM,81761R109,"4,604",0.0%,"119,100",,
ALL,ALLSTATE CORP,COM,020002101,"4,588",0.0%,"40,804",,
CVLT,COMMVAULT SYSTEMS INC,COM,204166102,"4,571",0.0%,"102,400",,
PE,PARSLEY ENERGY INC,CL A,701877102,"4,569",0.0%,"241,600",,
POR,PORTLAND GEN ELEC CO,COM NEW,736508847,"4,569",0.0%,"81,900",,
KMX,CARMAX INC,COM,143130102,"4,559",0.0%,"52,000",,
NCLH,NORWEGIAN CRUISE LINE HLDG L,SHS,G66721104,"4,556",0.0%,"78,000",,
NMIH,NMI HLDGS INC,CL A,629209305,"4,556",0.0%,"137,300",,
LYFT,LYFT INC,CL A COM,55087P104,"4,544",0.0%,"105,627",,
,CISION LTD,SHS,G1992S109,"4,487",0.0%,"450,000",,
TSCO,TRACTOR SUPPLY CO,COM,892356106,"4,463",0.0%,"47,766",,
RE,EVEREST RE GROUP LTD,COM,G3223R108,"4,429",0.0%,"16,000",,
UCBI,UNITED CMNTY BKS BLAIRSVLE G,COM,90984P303,"4,416",0.0%,"143,000",,
RSG,REPUBLIC SVCS INC,COM,760759100,"4,406",0.0%,"49,158",,
AWR,AMERICAN STS WTR CO,COM,029899101,"4,349",0.0%,"50,200",,
ADNT,ADIENT PLC,ORD SHS,G0084W101,"4,250",0.0%,"200,000",,
AER,AERCAP HOLDINGS NV,SHS,N00985106,"4,207",0.0%,"68,445",,
SBRA,SABRA HEALTH CARE REIT INC,COM,78573L106,"4,176",0.0%,"195,700",,
COP,CONOCOPHILLIPS,COM,20825C104,"4,172",0.0%,"64,148",,
VRA,VERA BRADLEY INC,COM,92335C106,"4,169",0.0%,"353,300",,
CM.TO,CDN IMPERIAL BK COMM TORONTO,COM,136069101,"4,159",0.0%,"50,000",,call
UVE,UNIVERSAL INS HLDGS INC,COM,91359V107,"4,137",0.0%,"147,800",,
MODN,MODEL N INC,COM,607525102,"4,117",0.0%,"117,400",,
LAD,LITHIA MTRS INC,CL A,536797103,"4,116",0.0%,"28,000",,
PFG,PRINCIPAL FINL GROUP INC,COM,74251V102,"4,087",0.0%,"74,300",,
YUM,YUM BRANDS INC,COM,988498101,"4,078",0.0%,"40,481",,
NVRO,NEVRO CORP,COM,64157F103,"4,067",0.0%,"34,600",,
SCS,STEELCASE INC,CL A,858155203,"4,035",0.0%,"197,200",,
QGEN,QIAGEN NV,SHS NEW,N72482123,"4,020",0.0%,"118,921",,
SFT,INSURANCE ACQUISITION CORP,CL A,457867109,"4,000",0.0%,"400,000",,
NAT,NORDIC AMERICAN TANKERS LIMI,COM,G65773106,"3,955",0.0%,"803,800",,
FOR,FORESTAR GROUP INC,COM,346232101,"3,943",0.0%,"189,116",,
NOMD,NOMAD FOODS LTD,USD ORD SHS,G6564A105,"3,920",0.0%,"175,222",,
CSTM,CONSTELLIUM SE,CL A SHS,F21107101,"3,901",0.0%,"291,100",,
CMC,COMMERCIAL METALS CO,COM,201723103,"3,897",0.0%,"174,983",,
NSCO,NESCO HLDGS INC,COM,64083J104,"3,892",0.0%,"947,017",,
CBOE,CBOE GLOBAL MARKETS INC,COM,12503M108,"3,840",0.0%,"32,000",,
ATRI,ATRION CORP,COM,049904105,"3,833",0.0%,"5,100",,
YELP,YELP INC,CL A,985817105,"3,814",0.0%,"109,500",,
SHW,SHERWIN WILLIAMS CO,COM,824348106,"3,810",0.0%,"6,529",,
SP,SP PLUS CORP,COM,78469C103,"3,795",0.0%,"89,441",,
EA,ELECTRONIC ARTS INC,COM,285512109,"3,750",0.0%,"34,881",,
WOW,WIDEOPENWEST INC,COM,96758W101,"3,710",0.0%,"500,000",,
CFG,CITIZENS FINL GROUP INC,COM,174610105,"3,704",0.0%,"91,200",,
VEEV,VEEVA SYS INC,CL A COM,922475108,"3,699",0.0%,"26,300",,
ACHN,ACHILLION PHARMACEUTICALS IN,COM,00448Q201,"3,678",0.0%,"610,006",,
UFPI,UNIVERSAL FST PRODS INC,COM,913543104,"3,663",0.0%,"76,800",,
CAI,CAI INTERNATIONAL INC,COM,12477X106,"3,651",0.0%,"126,000",,
ILPT,INDUSTRIAL LOGISTICS PPTYS T,COM SHS BEN INT,456237106,"3,648",0.0%,"162,702",,
TPTX,TURNING POINT THERAPEUTICS I,COM,90041T108,"3,644",0.0%,"58,500",,
BPFH,BOSTON PRIVATE FINL HLDGS IN,COM,101119105,"3,637",0.0%,"302,300",,
RMAX,RE MAX HLDGS INC,CL A,75524W108,"3,610",0.0%,"93,800",,
ATUS,ALTICE USA INC,CL A,02156K103,"3,595",0.0%,"131,488",,
DFNS,LGL SYS ACQUISITION CORP,UNIT 10/24/2024,50201G205,"3,567",0.0%,"350,000",,
INSW,INTERNATIONAL SEAWAYS INC,COM,Y41053102,"3,559",0.0%,"119,600",,
INGN,INOGEN INC,COM,45780L104,"3,546",0.0%,"51,900",,
AVP,AVON PRODS INC,COM,054303102,"3,518",0.0%,"623,800",,
FLEX,FLEX LTD,ORD,Y2573F102,"3,517",0.0%,"278,700",,
WLH,LYON WILLIAM HOMES,CL A NEW,552074700,"3,505",0.0%,"175,410",,
RITM,NEW RESIDENTIAL INVT CORP,COM NEW,64828T201,"3,496",0.0%,"217,000",,
R,RYDER SYS INC,COM,783549108,"3,477",0.0%,"64,020",,
MTSC,MTS SYS CORP,COM,553777103,"3,425",0.0%,"71,300",,
CNMD,CONMED CORP,COM,207410101,"3,422",0.0%,"30,600",,
WTS,WATTS WATER TECHNOLOGIES INC,CL A,942749102,"3,412",0.0%,"34,200",,
UDR,UDR INC,COM,902653104,"3,381",0.0%,"72,400",,
EEM,ISHARES TR,MSCI EMG MKT ETF,464287234,"3,365",0.0%,"75,000",,call
GE,GENERAL ELECTRIC CO,COM,369604103,"3,348",0.0%,"300,000",,
EBS,EMERGENT BIOSOLUTIONS INC,COM,29089Q105,"3,345",0.0%,"62,000",,
INST,INSTRUCTURE INC,COM,45781U103,"3,327",0.0%,"69,012",,
CUBE,CUBESMART,COM,229663109,"3,315",0.0%,"105,300",,
NEX,NEXTIER OILFIELD SOLUTIONS I,COM,65290C105,"3,285",0.0%,"490,300",,
SPT,SPROUT SOCIAL INC,COM CL A,85209W109,"3,210",0.0%,"200,000",,
RHI,ROBERT HALF INTL INC,COM,770323103,"3,188",0.0%,"50,485",,
HYMC,MUDRICK CAP ACQUISITION CORP,COM CLASS A,624745105,"3,100",0.0%,"300,000",,
AMSF,AMERISAFE INC,COM,03071H100,"3,090",0.0%,"46,800",,
,VIRGIN GALACTIC HOLDINGS INC,*W EXP 11/25/202,92766K114,"3,071",0.0%,"916,666",,
EEM,ISHARES TR,MSCI EMG MKT ETF,464287234,"3,051",0.0%,"68,000",,
GILD,GILEAD SCIENCES INC,COM,375558103,"3,031",0.0%,"46,642",,
ALX,ALEXANDERS INC,COM,014752109,"3,006",0.0%,"9,100",,
ELS,EQUITY LIFESTYLE PPTYS INC,COM,29472R108,"2,977",0.0%,"42,300",,
NNN,NATIONAL RETAIL PPTYS INC,COM,637417106,"2,949",0.0%,"55,000",,
SEIC,SEI INVESTMENTS CO,COM,784117103,"2,947",0.0%,"45,000",,
MCS,MARCUS CORP,COM,566330106,"2,923",0.0%,"92,005",,
GHC,GRAHAM HLDGS CO,COM,384637104,"2,875",0.0%,"4,500",,
RGA,REINSURANCE GRP OF AMERICA I,COM NEW,759351604,"2,870",0.0%,"17,600",,
AMLP,ALPS ETF TR,ALERIAN MLP,00162Q866,"2,831",0.0%,"333,000",,call
CNDT,CONDUENT INC,COM,206787103,"2,827",0.0%,"456,030",,
MXIM,MAXIM INTEGRATED PRODS INC,COM,57772K101,"2,823",0.0%,"45,900",,
EXLS,EXLSERVICE HOLDINGS INC,COM,302081104,"2,780",0.0%,"40,025",,
UPWK,UPWORK INC,COM,91688F104,"2,773",0.0%,"259,875",,
EXPO,EXPONENT INC,COM,30214U102,"2,760",0.0%,"40,000",,
CBPX,CONTINENTAL BLDG PRODS INC,COM,211171103,"2,732",0.0%,"75,000",,
CVCO,CAVCO INDS INC DEL,COM,149568107,"2,677",0.0%,"13,700",,
XEC,CIMAREX ENERGY CO,COM,171798101,"2,672",0.0%,"50,900",,
BSIG,BRIGHTSPHERE INVT GROUP INC,COM,10948W103,"2,662",0.0%,"260,500",,
HUBS,HUBSPOT INC,COM,443573100,"2,627",0.0%,"16,571",,
IMGN,IMMUNOGEN INC,COM,45253H101,"2,612",0.0%,"511,700",,
JLL,JONES LANG LASALLE INC,COM,48020Q107,"2,611",0.0%,"15,000",,
MORN,MORNINGSTAR INC,COM,617700109,"2,603",0.0%,"17,200",,
ARW,ARROW ELECTRS INC,COM,042735100,"2,597",0.0%,"30,650",,
ANF,ABERCROMBIE & FITCH CO,CL A,002896207,"2,592",0.0%,"149,900",,
ITGR,INTEGER HLDGS CORP,COM,45826H109,"2,558",0.0%,"31,800",,
TWO,TWO HBRS INVT CORP,COM NEW,90187B408,"2,548",0.0%,"174,315",,
PACW,PACWEST BANCORP DEL,COM,695263103,"2,535",0.0%,"66,233",,
HONE,HARBORONE BANCORP INC NEW,COM NEW,41165Y100,"2,479",0.0%,"225,600",,
OXY,OCCIDENTAL PETE CORP,COM,674599105,"2,473",0.0%,"60,000",,call
SHO,SUNSTONE HOTEL INVS INC NEW,COM,867892101,"2,453",0.0%,"176,200",,
WERN,WERNER ENTERPRISES INC,COM,950755108,"2,438",0.0%,"67,000",,
,TENNECO INC,CL A VTG COM STK,880349105,"2,415",0.0%,"184,323",,
FOXA,FOX CORP,CL A COM,35137L105,"2,410",0.0%,"65,024",,
GT,GOODYEAR TIRE & RUBR CO,COM,382550101,"2,399",0.0%,"154,207",,
MTH,MERITAGE HOMES CORP,COM,59001A102,"2,383",0.0%,"39,000",,
OSK,OSHKOSH CORP,COM,688239201,"2,379",0.0%,"25,134",,
CMPR,CIMPRESS PLC,SHS EURO,G2143T103,"2,372",0.0%,"18,863",,
FDP,FRESH DEL MONTE PRODUCE INC,ORD,G36738105,"2,357",0.0%,"67,382",,
FNB,FNB CORP PA,COM,302520101,"2,347",0.0%,"184,837",,
TRUE,TRUECAR INC,COM,89785L107,"2,341",0.0%,"492,800",,
FSV.TO,FIRSTSERVICE CORP NEW,COM,33767E202,"2,326",0.0%,"25,000",,
TSLA,TESLA INC,COM,88160R101,"2,301",0.0%,"5,500",,put
DHT,DHT HOLDINGS INC,SHS NEW,Y2065G121,"2,297",0.0%,"277,400",,
BILL,BILL COM HLDGS INC,COM,090043100,"2,283",0.0%,"60,000",,
MOBL,MOBILEIRON INC,COM NEW,60739U204,"2,274",0.0%,"468,000",,
UCTT,ULTRA CLEAN HLDGS INC,COM,90385V107,"2,272",0.0%,"96,800",,
SGH,SMART GLOBAL HLDGS INC,SHS,G8232Y101,"2,266",0.0%,"59,717",,
FICO,FAIR ISAAC CORP,COM,303250104,"2,261",0.0%,"6,034",,
ADC,AGREE REALTY CORP,COM,008492100,"2,258",0.0%,"32,178",,
HXL,HEXCEL CORP NEW,COM,428291108,"2,210",0.0%,"30,150",,
CHDN,CHURCHILL DOWNS INC,COM,171484108,"2,195",0.0%,"16,000",,
BRK-B,BERKSHIRE HATHAWAY INC DEL,CL B NEW,084670702,"2,194",0.0%,"9,685",,
EMR,EMERSON ELEC CO,COM,291011104,"2,150",0.0%,"28,190",,
PEN,PENUMBRA INC,COM,70975L107,"2,136",0.0%,"13,000",,
NX,QUANEX BUILDING PRODUCTS COR,COM,747619104,"2,135",0.0%,"125,000",,
WMB,WILLIAMS COS INC DEL,COM,969457100,"2,125",0.0%,"89,590",,
QRVO,QORVO INC,COM,74736K101,"2,123",0.0%,"18,266",,
PLUS,EPLUS INC,COM,294268107,"2,107",0.0%,"25,000",,
IBTX,INDEPENDENT BK GROUP INC,COM,45384B106,"2,097",0.0%,"37,816",,
WDR,WADDELL & REED FINL INC,CL A,930059100,"2,078",0.0%,"124,305",,
STAY,EXTENDED STAY AMER INC,UNIT 99/99/9999B,30224P200,"2,066",0.0%,"139,000",,
,DUKE REALTY CORP,COM NEW,264411505,"2,046",0.0%,"59,000",,
CASH,META FINL GROUP INC,COM,59100U108,"2,030",0.0%,"55,600",,
GLRE,GREENLIGHT CAPITAL RE LTD,CLASS A,G4095J109,"2,022",0.0%,"200,000",,
SHOO,MADDEN STEVEN LTD,COM,556269108,"2,004",0.0%,"46,600",,
BCOR,BLUCORA INC,COM,095229100,"2,002",0.0%,"76,600",,
CAL,CALERES INC,COM,129500104,"1,999",0.0%,"84,171",,
FNF,FIDELITY NATIONAL FINANCIAL,FNF GROUP COM,31620R303,"1,995",0.0%,"44,000",,
TXRH,TEXAS ROADHOUSE INC,COM,882681109,"1,971",0.0%,"35,000",,
ACEL/WS,ACCEL ENTMT INC,*W EXP 11/20/202,00436Q114,"1,967",0.0%,"666,666",,
AIT,APPLIED INDL TECHNOLOGIES IN,COM,03820C105,"1,961",0.0%,"29,402",,
ENSG,ENSIGN GROUP INC,COM,29358P101,"1,946",0.0%,"42,898",,
BMO.TO,BANK MONTREAL QUE,COM,063671101,"1,937",0.0%,"25,000",,call
BIIB,BIOGEN INC,COM,09062X103,"1,929",0.0%,"6,500",,call
BIIB,BIOGEN INC,COM,09062X103,"1,929",0.0%,"6,500",,put
GPORQ,GULFPORT ENERGY CORP,COM NEW,402635304,"1,910",0.0%,"628,348",,
AEP,AMERICAN ELEC PWR CO INC,COM,025537101,"1,890",0.0%,"20,000",,put
KRO,KRONOS WORLDWIDE INC,COM,50105F105,"1,887",0.0%,"140,800",,
EXPD,EXPEDITORS INTL WASH INC,COM,302130109,"1,881",0.0%,"24,112",,
WVE,WAVE LIFE SCIENCES LTD,SHS,Y95308105,"1,863",0.0%,"232,500",,
BG,BUNGE LIMITED,COM,G16962105,"1,845",0.0%,"32,064",,
THR,THERMON GROUP HLDGS INC,COM,88362T103,"1,828",0.0%,"68,200",,
CENTA,CENTRAL GARDEN & PET CO,CL A NON-VTG,153527205,"1,818",0.0%,"61,907",,
SAH,SONIC AUTOMOTIVE INC,CL A,83545G102,"1,805",0.0%,"58,211",,
ODT,ODONATE THERAPEUTICS INC,COM,676079106,"1,804",0.0%,"55,600",,
INN,SUMMIT HOTEL PPTYS INC,COM,866082100,"1,791",0.0%,"145,161",,
ASML,ASML HOLDING N V,N Y REGISTRY SHS,N07059210,"1,776",0.0%,"6,000",,
OCFC,OCEANFIRST FINL CORP,COM,675234108,"1,775",0.0%,"69,500",,
MEI,METHODE ELECTRS INC,COM,591520200,"1,775",0.0%,"45,100",,
NVDA,NVIDIA CORP,COM,67066G104,"1,765",0.0%,"7,500",,call
PPL.TO,PEMBINA PIPELINE CORP,COM,706327103,"1,762",0.0%,"47,554",,
PRTA,PROTHENA CORP PLC,SHS,G72800108,"1,754",0.0%,"110,800",,
TOO,TEEKAY OFFSHORE PARTNERS L P,PARTNERSHIP UN,Y8565J101,"1,733",0.0%,"1,125,000",,
HMN,HORACE MANN EDUCATORS CORP N,COM,440327104,"1,729",0.0%,"39,600",,
HLX,HELIX ENERGY SOLUTIONS GRP I,COM,42330P107,"1,707",0.0%,"177,225",,
M,MACYS INC,COM,55616P104,"1,700",0.0%,"100,000",,put
TH,TARGET HOSPITALITY CORP,COM,87615L107,"1,700",0.0%,"340,000",,
AVT,AVNET INC,COM,053807103,"1,698",0.0%,"40,000",,
BL,BLACKLINE INC,COM,09239B109,"1,688",0.0%,"32,747",,
AMK,ASSETMARK FINL HLDGS INC,COM,04546L106,"1,680",0.0%,"57,900",,
SNEX,INTL FCSTONE INC,COM,46116V105,"1,670",0.0%,"34,200",,
PRA,PROASSURANCE CORP,COM,74267C106,"1,662",0.0%,"46,000",,
BXP,BOSTON PROPERTIES INC,COM,101121101,"1,654",0.0%,"12,000",,
SLB,SCHLUMBERGER LTD,COM,806857108,"1,652",0.0%,"41,100",,
TBBK,BANCORP INC DEL,COM,05969A105,"1,647",0.0%,"127,000",,
HPP,HUDSON PAC PPTYS INC,COM,444097109,"1,642",0.0%,"43,600",,
RMBS,RAMBUS INC DEL,COM,750917106,"1,625",0.0%,"118,000",,
SPCE,VIRGIN GALACTIC HOLDINGS INC,COM,92766K106,"1,617",0.0%,"140,000",,
KRNY,KEARNY FINL CORP MD,COM,48716P108,"1,593",0.0%,"115,200",,
BFI,OPES ACQUISITION CORP,COM,68373P100,"1,580",0.0%,"150,000",,
BRC,BRADY CORP,CL A,104674106,"1,575",0.0%,"27,500",,
ESNT,ESSENT GROUP LTD,COM,G3198U102,"1,575",0.0%,"30,300",,
IGIC,TIBERIUS ACQUISITION CORP,COM,88633A107,"1,575",0.0%,"150,000",,
LPLA,LPL FINL HLDGS INC,COM,50212V100,"1,573",0.0%,"17,055",,
,TENZING ACQUISITION CORP,ORD SHS,G8708A116,"1,569",0.0%,"150,000",,
MRTN,MARTEN TRANS LTD,COM,573075108,"1,560",0.0%,"72,600",,
PACQ,PURE ACQUISITION CORP,CL A,74621Q106,"1,556",0.0%,"150,000",,
LNTH,LANTHEUS HLDGS INC,COM,516544103,"1,555",0.0%,"75,800",,
RDN,RADIAN GROUP INC,COM,750236101,"1,552",0.0%,"61,700",,
CBZ,CBIZ INC,COM,124805102,"1,550",0.0%,"57,500",,
,VECTOIQ ACQUISITION CORP,COM,92243N103,"1,548",0.0%,"150,000",,
,MEGALITH FINL ACQUISITION CO,CL A COM,58518F109,"1,539",0.0%,"150,000",,
,TKK SYMPHONY ACQUISITION COR,ORD SHS,G88950103,"1,536",0.0%,"150,000",,
ALGR,ALLEGRO MERGER CORP,COM,01749N103,"1,533",0.0%,"150,000",,
TTCF,FORUM MERGER II CORP,CL A,34986F103,"1,532",0.0%,"150,000",,
VLDR,GRAF INDL CORP,COM,384278107,"1,529",0.0%,"150,000",,
OFC,CORPORATE OFFICE PPTYS TR,SH BEN INT,22002T108,"1,528",0.0%,"52,000",,
OMN,OMNOVA SOLUTIONS INC,COM,682129101,"1,517",0.0%,"150,000",,
INVH,INVITATION HOMES INC,COM,46187W107,"1,499",0.0%,"50,000",,
AME,AMETEK INC NEW,COM,031100100,"1,496",0.0%,"15,000",,
OMI,OWENS & MINOR INC NEW,COM,690732102,"1,491",0.0%,"288,464",,
EFSC,ENTERPRISE FINL SVCS CORP,COM,293712105,"1,485",0.0%,"30,800",,
EBAY,EBAY INC,COM,278642103,"1,477",0.0%,"40,914",,
USNA,USANA HEALTH SCIENCES INC,COM,90328M107,"1,469",0.0%,"18,700",,
LFAC,LF CAP ACQUISITION CORP,CL A,50200K108,"1,450",0.0%,"140,000",,
VNTR,VENATOR MATLS PLC,SHS,G9329Z100,"1,427",0.0%,"372,700",,
OAS,OASIS PETE INC NEW,COM,674215108,"1,424",0.0%,"438,188",,
FAF,FIRST AMERN FINL CORP,COM,31847R102,"1,400",0.0%,"24,000",,
BR,BROADRIDGE FINL SOLUTIONS IN,COM,11133T103,"1,393",0.0%,"11,277",,
NTRA,NATERA INC,COM,632307104,"1,381",0.0%,"41,000",,
V,VISA INC,COM CL A,92826C839,"1,378",0.0%,"7,333",,
HT,HERSHA HOSPITALITY TR,PR SHS BEN INT,427825500,"1,377",0.0%,"94,608",,
OPI,OFFICE PPTYS INCOME TR,COM SHS BEN INT,67623C109,"1,371",0.0%,"42,671",,
MHO,M/I HOMES INC,COM,55305B101,"1,365",0.0%,"34,700",,
ECOLW,US ECOLOGY INC,*W EXP 10/17/202,91734M111,"1,364",0.0%,"117,600",,
TMO,THERMO FISHER SCIENTIFIC INC,COM,883556102,"1,360",0.0%,"4,185",,
CARO,CAROLINA FINL CORP NEW,COM,143873107,"1,351",0.0%,"31,249",,
STAR,ISTAR INC,COM,45031U101,"1,351",0.0%,"93,100",,
EL,LAUDER ESTEE COS INC,CL A,518439104,"1,341",0.0%,"6,494",,
RUSHA,RUSH ENTERPRISES INC,CL A,781846209,"1,339",0.0%,"28,800",,
SVC,SERVICE PPTYS TR,COM SH BEN INT,81761L102,"1,336",0.0%,"54,900",,
ETSY,ETSY INC,COM,29786A106,"1,329",0.0%,"30,000",,call
PFSI,PENNYMAC FINL SVCS INC,COM,70932M107,"1,322",0.0%,"38,827",,
RESI,FRONT YD RESIDENTIAL CORP,COM,35904G107,"1,320",0.0%,"107,000",,
BRKL,BROOKLINE BANCORP INC DEL,COM,11373M107,"1,316",0.0%,"79,975",,
ATO,ATMOS ENERGY CORP,COM,049560105,"1,310",0.0%,"11,710",,
VRTV,VERITIV CORP,COM,923454102,"1,308",0.0%,"66,500",,
LBPS,LONGEVITY ACQUISITION CORP,ORD SHS,G56372132,"1,302",0.0%,"125,000",,
,GS ACQUISITION HLDGS CORP,*W EXP 06/12/202,36255F110,"1,302",0.0%,"565,000",,
EIG,EMPLOYERS HOLDINGS INC,COM,292218104,"1,294",0.0%,"31,000",,
SRC,SPIRIT RLTY CAP INC NEW,COM NEW,84860W300,"1,289",0.0%,"26,213",,
ALXN,ALEXION PHARMACEUTICALS INC,COM,015351109,"1,285",0.0%,"11,880",,
,TWITTER INC,COM,90184L102,"1,282",0.0%,"40,000",,call
WST,WEST PHARMACEUTICAL SVSC INC,COM,955306105,"1,278",0.0%,"8,500",,
KIN,KINDRED BIOSCIENCES INC,COM,494577109,"1,272",0.0%,"150,000",,
ZTS,ZOETIS INC,CL A,98978V103,"1,272",0.0%,"9,611",,
ZIXI,ZIX CORP,COM,98974P100,"1,256",0.0%,"185,200",,
RF,REGIONS FINL CORP NEW,COM,7591EP100,"1,250",0.0%,"72,816",,
T,AT&T INC,COM,00206R102,"1,244",0.0%,"31,844",,
,WESCO AIRCRAFT HLDGS INC,COM,950814103,"1,240",0.0%,"112,499",,
PRSP,PERSPECTA INC,COM,715347100,"1,239",0.0%,"46,862",,
RPD,RAPID7 INC,COM,753422104,"1,232",0.0%,"22,000",,
TDS,TELEPHONE & DATA SYS INC,COM NEW,879433829,"1,225",0.0%,"48,155",,
VRRM,VERRA MOBILITY CORP,COM,92511U102,"1,224",0.0%,"87,500",,
ROCC,PENN VA CORP NEW,COM,70788V102,"1,222",0.0%,"40,265",,
STLA,FIAT CHRYSLER AUTOMOBILES N,SHS,N31738102,"1,220",0.0%,"83,076",,
FTV,FORTIVE CORP,COM,34959J108,"1,217",0.0%,"15,933",,
DBX,DROPBOX INC,CL A,26210C104,"1,202",0.0%,"67,100",,
IPHS,INNOPHOS HOLDINGS INC,COM,45774N108,"1,199",0.0%,"37,500",,
PRFT,PERFICIENT INC,COM,71375U101,"1,179",0.0%,"25,600",,
DG,DOLLAR GEN CORP NEW,COM,256677105,"1,172",0.0%,"7,514",,
VRTS,VIRTUS INVT PARTNERS INC,COM,92828Q109,"1,164",0.0%,"9,565",,
HNI,HNI CORP,COM,404251100,"1,162",0.0%,"31,013",,
DNR,DENBURY RES INC,COM NEW,247916208,"1,151",0.0%,"816,384",,
JOUT,JOHNSON OUTDOORS INC,CL A,479167108,"1,151",0.0%,"15,000",,
PI,IMPINJ INC,COM,453204109,"1,149",0.0%,"44,437",,
SNPS,SYNOPSYS INC,COM,871607107,"1,149",0.0%,"8,253",,
FIX,COMFORT SYS USA INC,COM,199908104,"1,147",0.0%,"23,000",,
CTS,CTS CORP,COM,126501105,"1,146",0.0%,"38,200",,
FR,FIRST INDUSTRIAL REALTY TRUS,COM,32054K103,"1,144",0.0%,"27,550",,
COLM,COLUMBIA SPORTSWEAR CO,COM,198516106,"1,132",0.0%,"11,300",,
MUSA,MURPHY USA INC,COM,626755102,"1,120",0.0%,"9,571",,
CPF,CENTRAL PAC FINL CORP,COM NEW,154760409,"1,112",0.0%,"37,600",,
JCAP,JERNIGAN CAP INC,COM,476405105,"1,106",0.0%,"57,800",,
NUS,NU SKIN ENTERPRISES INC,CL A,67018T105,"1,106",0.0%,"27,000",,
WW,WW INTL INC,COM,98262P101,"1,105",0.0%,"28,913",,
CP.TO,CANADIAN PAC RY LTD,COM,13645T100,"1,096",0.0%,"4,300",,
VIAV,VIAVI SOLUTIONS INC,COM,925550105,"1,088",0.0%,"72,520",,
ABB,ABB LTD,SPONSORED ADR,000375204,"1,084",0.0%,"45,000",,
LW,LAMB WESTON HLDGS INC,COM,513272104,"1,071",0.0%,"12,450",,
SWX,SOUTHWEST GAS HOLDINGS INC,COM,844895102,"1,062",0.0%,"13,974",,
FOCS,FOCUS FINL PARTNERS INC,COM CL A,34417P100,"1,049",0.0%,"35,600",,
,CHASERG TECHNLGY ACQUISITN C,*W EXP 04/10/202,16166A111,"1,045",0.0%,"475,000",,
FCX,FREEPORT-MCMORAN INC,CL B,35671D857,"1,042",0.0%,"79,400",,call
NEE,NEXTERA ENERGY INC,COM,65339F101,"1,041",0.0%,"4,300",,
HMST,HOMESTREET INC,COM,43785V102,"1,040",0.0%,"30,600",,
HUBB,HUBBELL INC,COM,443510607,"1,035",0.0%,"7,000",,
LYFT,LYFT INC,CL A COM,55087P104,"1,032",0.0%,"24,000",,put
OFIX,ORTHOFIX MED INC,COM,68752M108,"1,030",0.0%,"22,300",,
,DIAMOND EAGLE ACQUISITION CO,*W EXP 06/30/202,25258L117,"1,028",0.0%,"430,000",,
WDC,WESTERN DIGITAL CORP,COM,958102105,"1,023",0.0%,"16,117",,
KLAC,KLA CORPORATION,COM NEW,482480100,"1,023",0.0%,"5,744",,
BRK-A,BERKSHIRE HATHAWAY INC DEL,CL A,084670108,"1,019",0.0%,3,,
HFWA,HERITAGE FINL CORP WASH,COM,42722X106,"1,019",0.0%,"36,000",,
SRE,SEMPRA ENERGY,COM,816851109,"1,015",0.0%,"6,700",,
CYH,COMMUNITY HEALTH SYS INC NEW,COM,203668108,"1,001",0.0%,"345,221",,
ADI,ANALOG DEVICES INC,COM,032654105,998,0.0%,"8,400",,
ANET,ARISTA NETWORKS INC,COM,040413106,997,0.0%,"4,900",,
VVX,VECTRUS INC,COM,92242T101,994,0.0%,"19,400",,
NXPI,NXP SEMICONDUCTORS N V,COM,N6596X109,993,0.0%,"7,800",,
BRO,BROWN & BROWN INC,COM,115236101,991,0.0%,"25,100",,
,TWITTER INC,COM,90184L102,990,0.0%,"30,900",,
UNF,UNIFIRST CORP MASS,COM,904708104,990,0.0%,"4,900",,
ENVA,ENOVA INTL INC,COM,29357K103,989,0.0%,"41,100",,
SPLK,SPLUNK INC,COM,848637104,988,0.0%,"6,600",,
XLNX,XILINX INC,COM,983919101,987,0.0%,"10,100",,
VMW,VMWARE INC,CL A COM,928563402,987,0.0%,"6,500",,
,CITRIX SYS INC,COM,177376100,985,0.0%,"8,880",,
MRVL,MARVELL TECHNOLOGY GROUP LTD,ORD,G5876H105,985,0.0%,"37,100",,
PARA,VIACOMCBS INC,CL B,92556H206,982,0.0%,"23,400",,
ZNGA,ZYNGA INC,CL A,98986T108,982,0.0%,"160,519",,
GLPI,GAMING & LEISURE PPTYS INC,COM,36467J108,977,0.0%,"22,700",,
MGNI,RUBICON PROJ INC,COM,78112V102,975,0.0%,"119,500",,
ATKR,ATKORE INTL GROUP INC,COM,047649108,971,0.0%,"24,000",,
UIS,UNISYS CORP,COM NEW,909214306,967,0.0%,"81,573",,
MAA,MID AMER APT CMNTYS INC,COM,59522J103,949,0.0%,"7,200",,
ANGO,ANGIODYNAMICS INC,COM,03475V101,948,0.0%,"59,200",,
AA,ALCOA CORP,COM,013872106,946,0.0%,"44,001",,
LC,LENDINGCLUB CORP,COM NEW,52603A208,920,0.0%,"72,900",,
LRN,K12 INC,COM,48273U102,916,0.0%,"45,000",,
VIVO,MERIDIAN BIOSCIENCE INC,COM,589584101,913,0.0%,"93,500",,
,FAR PT ACQUISITION CORP,*W EXP 06/01/202,30734W117,903,0.0%,"700,000",,
QEP,QEP RES INC,COM,74733V100,859,0.0%,"190,965",,
BMY,BRISTOL MYERS SQUIBB CO,COM,110122108,852,0.0%,"13,268",,
GPMT,GRANITE PT MTG TR INC,COM,38741L107,845,0.0%,"46,000",,
HABT,HABIT RESTAURANTS INC,COM CL A,40449J103,843,0.0%,"80,800",,
FN,FABRINET,SHS,G3323L100,843,0.0%,"13,000",,
DHT,DHT HOLDINGS INC,SHS NEW,Y2065G121,828,0.0%,"100,000",,call
ALRM,ALARM COM HLDGS INC,COM,011642105,825,0.0%,"19,200",,
TBI,TRUEBLUE INC,COM,89785X101,818,0.0%,"34,000",,
AIZ,ASSURANT INC,COM,04621X108,815,0.0%,"6,219",,
AXP,AMERICAN EXPRESS CO,COM,025816109,809,0.0%,"6,500",,call
DISCK,DISCOVERY INC,COM SER C,25470F302,790,0.0%,"25,900",,
HIW,HIGHWOODS PPTYS INC,COM,431284108,783,0.0%,"16,000",,
,GORES HOLDINGS III INC,*W EXP 09/11/202,38286G117,775,0.0%,"500,000",,
HAFC,HANMI FINL CORP,COM NEW,410495204,769,0.0%,"38,461",,
GEF,GREIF INC,CL A,397624107,769,0.0%,"17,400",,
XPER,XPERI CORP,COM,98421B100,764,0.0%,"41,300",,
AQUA,EVOQUA WATER TECHNOLOGIES CO,COM,30057T105,758,0.0%,"40,000",,
MKTX,MARKETAXESS HLDGS INC,COM,57060D108,758,0.0%,"2,000",,
TRTX,TPG RE FIN TR INC,COM,87266M107,752,0.0%,"37,100",,
LAUR,LAUREATE EDUCATION INC,CL A,518613203,750,0.0%,"42,577",,
CSWI,CSW INDUSTRIALS INC,COM,126402106,739,0.0%,"9,600",,
RMD,RESMED INC,COM,761152107,727,0.0%,"4,692",,
BFS,SAUL CTRS INC,COM,804395101,723,0.0%,"13,700",,
AMD,ADVANCED MICRO DEVICES INC,COM,007903107,718,0.0%,"15,666",,
ATEN,A10 NETWORKS INC,COM,002121101,717,0.0%,"104,300",,
DHIL,DIAMOND HILL INVESTMENT GROU,COM NEW,25264R207,716,0.0%,"5,100",,
LTS,LADENBURG THALMAN FIN SVCS I,COM,50575Q102,696,0.0%,"200,000",,
,COLLIER CREEK HOLDINGS,*W EXP 99/99/999,G22707114,695,0.0%,"500,000",,
,FINTECH ACQUISITION CORP III,*W EXP 12/01/202,31811A119,687,0.0%,"500,000",,
HMSY,HMS HLDGS CORP,COM,40425J101,678,0.0%,"22,900",,
,CF FIN ACQUISITION CORP,*W EXP 04/30/202,12528N115,675,0.0%,"750,000",,
ABBV,ABBVIE INC,COM,00287Y109,669,0.0%,"7,553",,
NFH/WS,NEW FRONTIER HEALTH CORP,*W EXP 11/30/202,G6461G114,650,0.0%,"425,000",,
,GORES METROPOULOS INC,*W EXP 01/28/202,382872117,649,0.0%,"433,000",,
DIOD,DIODES INC,COM,254543101,648,0.0%,"11,500",,
ACEL,ACCEL ENTMT INC,COM CL A1,00436Q106,625,0.0%,"50,000",,
CADE,CADENCE BANCORPORATION,CL A,12739A100,616,0.0%,"33,955",,
BHLB,BERKSHIRE HILLS BANCORP INC,COM,084680107,612,0.0%,"18,600",,
,AVALARA INC,COM,05338G106,591,0.0%,"8,072",,
FIVE,FIVE BELOW INC,COM,33829M101,585,0.0%,"4,575",,
BLD,TOPBUILD CORP,COM,89055F103,577,0.0%,"5,600",,
,RANPAK HLDGS CORP,*W EXP 06/03/202,75321W111,570,0.0%,"500,000",,
,BOXWOOD MERGER CORP,*W EXP 11/26/202,10319T119,558,0.0%,"900,000",,
HTOO,HL ACQUISITIONS CORP,SHS,G4603R106,558,0.0%,"54,000",,
HSII,HEIDRICK & STRUGGLES INTL IN,COM,422819102,553,0.0%,"17,000",,
PLNT,PLANET FITNESS INC,CL A,72703H101,544,0.0%,"7,291",,
,PURE ACQUISITION CORP,*W EXP 04/17/202,74621Q114,542,0.0%,"550,000",,
FE,FIRSTENERGY CORP,COM,337932107,535,0.0%,"11,000",,
NBL,NOBLE ENERGY INC,COM,655044105,532,0.0%,"21,400",,
STBA,S & T BANCORP INC,COM,783859101,524,0.0%,"13,000",,
BKR,BAKER HUGHES COMPANY,CL A,05722G100,518,0.0%,"20,200",,
OVV,ENCANA CORP,COM,292505104,516,0.0%,"110,000",,call
,LEISURE ACQUISITION CORP,*W EXP 12/05/201,52539T115,516,0.0%,"500,000",,
WEC,WEC ENERGY GROUP INC,COM,92939U106,516,0.0%,"5,600",,
HES,HESS CORP,COM,42809H107,514,0.0%,"7,700",,
SAIL,SAILPOINT TECHNLGIES HLDGS I,COM,78781P105,510,0.0%,"21,629",,
,MOSAIC ACQUISITION CORP,*W EXP 10/23/202,61946M118,509,0.0%,"525,000",,
NVDA,NVIDIA CORP,COM,67066G104,507,0.0%,"2,155",,
CMS,CMS ENERGY CORP,COM,125896100,490,0.0%,"7,800",,
FSK,FS KKR CAPITAL CORP,COM,302635107,487,0.0%,"79,500",,
LNG,CHENIERE ENERGY INC,COM NEW,16411R208,482,0.0%,"7,900",,
CYBR,CYBERARK SOFTWARE LTD,SHS,M2682V108,478,0.0%,"4,100",,
CMCSA,COMCAST CORP NEW,CL A,20030N101,476,0.0%,"10,589",,
,HAYMAKER ACQUISITION CORP II,*W EXP 10/31/202,42087L119,465,0.0%,"330,000",,
USFD,US FOODS HLDG CORP,COM,912008109,455,0.0%,"10,873",,
,ACT II GLOBAL ACQUISITION CO,*W EXP 04/30/202,G0080J120,450,0.0%,"450,000",,
EFC,ELLINGTON FINANCIAL INC,COM,28852N109,436,0.0%,"23,800",,
OKTA,OKTA INC,CL A,679295105,427,0.0%,"3,700",,
PLOW,DOUGLAS DYNAMICS INC,COM,25960R105,423,0.0%,"7,684",,
,NEBULA ACQUISITION CORP,*W EXP 03/12/202,629076118,413,0.0%,"330,000",,
AMRX,AMNEAL PHARMACEUTICALS INC,COM STK CL A,03168L105,397,0.0%,"82,458",,
NTCT,NETSCOUT SYS INC,COM,64115T104,395,0.0%,"16,413",,
,MUDRICK CAP ACQUISITION CORP,*W EXP 02/12/202,624745113,392,0.0%,"800,000",,
T.TO,TELUS CORP,COM,87971M103,387,0.0%,"10,000",,
SU.TO,SUNCOR ENERGY INC NEW,COM,867224107,387,0.0%,"11,800",,
SJR-B.TO,SHAW COMMUNICATIONS INC,CL B CONV,82028K200,383,0.0%,"18,900",,
,TRINE ACQUISITION CORP,*W EXP 03/31/202,89628U116,380,0.0%,"400,000",,
,SPARTAN ENERGY ACQUISITON CO,*W EXP 08/27/202,846784122,366,0.0%,"665,000",,
GWW,GRAINGER W W INC,COM,384802104,362,0.0%,"1,070",,
CLVT,CLARIVATE ANALYTICS PLC,COM,G21810109,361,0.0%,"21,500",,
,CRESCENT ACQUISITION CORP,*W EXP 03/08/202,22564L113,360,0.0%,"450,000",,
DRI,DARDEN RESTAURANTS INC,COM,237194105,352,0.0%,"3,233",,
WORK,SLACK TECHNOLOGIES INC,COM CL A,83088V102,346,0.0%,"15,400",,
TUFN,TUFIN SOFTWARE TECHNOLOGIS L,SHS,M8893U102,343,0.0%,"19,500",,
ROP,ROPER TECHNOLOGIES INC,COM,776696106,336,0.0%,948,,
MSCI,MSCI INC,COM,55354G100,335,0.0%,"1,296",,
CPK,CHESAPEAKE UTILS CORP,COM,165303108,332,0.0%,"3,464",,
ADP,AUTOMATIC DATA PROCESSING IN,COM,053015103,331,0.0%,"1,939",,
CBU,COMMUNITY BK SYS INC,COM,203607106,326,0.0%,"4,600",,
,NESCO HLDGS INC,*W EXP 01/01/202,64083J112,313,0.0%,"666,666",,
PFGC,PERFORMANCE FOOD GROUP CO,COM,71377A103,311,0.0%,"6,036",,
,PING IDENTITY HLDG CORP,COM,72341T103,301,0.0%,"12,400",,
AKRXQ,AKORN INC,COM,009728106,300,0.0%,"200,287",,
,LEO HOLDINGS CORP,*W EXP 02/07/202,G5463L113,298,0.0%,"450,000",,
BKNG,BOOKING HLDGS INC,COM,09857L108,294,0.0%,143,,
,GX ACQUISITION CORP,*W EXP 05/24/202,36251A115,280,0.0%,"350,000",,
PSB,PS BUSINESS PKS INC CALIF,COM,69360J107,280,0.0%,"1,701",,
RNG,RINGCENTRAL INC,CL A,76680R206,279,0.0%,"1,652",,
BAH,BOOZ ALLEN HAMILTON HLDG COR,CL A,099502106,279,0.0%,"3,920",,
UTL,UNITIL CORP,COM,913259107,260,0.0%,"4,200",,
,INSURANCE ACQUISITION CORP,*W EXP 03/31/202,457867117,238,0.0%,"200,000",,
GWB,GREAT WESTN BANCORP INC,COM,391416104,234,0.0%,"6,744",,
INTC,INTEL CORP,COM,458140100,229,0.0%,"3,818",,
VZ,VERIZON COMMUNICATIONS INC,COM,92343V104,224,0.0%,"3,646",,
LM,LEGG MASON INC,COM,524901105,223,0.0%,"6,200",,
INDB,INDEPENDENT BANK CORP MASS,COM,453836108,216,0.0%,"2,600",,
M,MACYS INC,COM,55616P104,211,0.0%,"12,437",,
KBE,SPDR SERIES TRUST,S&P BK ETF,78464A797,208,0.0%,"4,400",,
OCN,OCWEN FINL CORP,COM NEW,675746309,206,0.0%,"150,000",,
,DIAMONDPEAK HLDGS COR,*W EXP 02/22/202,25280H118,204,0.0%,"265,000",,
LDOS,LEIDOS HLDGS INC,COM,525327102,203,0.0%,"2,077",,
TPR,TAPESTRY INC,COM,876030107,201,0.0%,"7,436",,
CSX,CSX CORP,COM,126408103,199,0.0%,"2,755",,
LVS,LAS VEGAS SANDS CORP,COM,517834107,198,0.0%,"2,875",,
CPRI,CAPRI HOLDINGS LIMITED,SHS,G1890L107,194,0.0%,"5,080",,
CCOI,COGENT COMMUNICATIONS HLDGS,COM NEW,19239V302,194,0.0%,"2,948",,
,ACAMAR PARTNERS ACQSITION CO,*W EXP 02/26/202,004285110,187,0.0%,"250,000",,
APTV,APTIV PLC,SHS,G6095L109,181,0.0%,"1,907",,
HWC,HANCOCK WHITNEY CORPORATION,COM,410120109,178,0.0%,"4,062",,
ULTA,ULTA BEAUTY INC,COM,90384S303,177,0.0%,700,,call
DAN,DANA INCORPORATED,COM,235825205,176,0.0%,"9,685",,
MKC,MCCORMICK & CO INC,COM NON VTG,579780206,175,0.0%,"1,032",,
THWWW,TARGET HOSPITALITY CORP,*W EXP 03/15/202,87615L115,173,0.0%,"333,333",,
ECOL,US ECOLOGY INC,COM,91734M103,170,0.0%,"2,940",,
ROCK,GIBRALTAR INDS INC,COM,374689107,170,0.0%,"3,374",,
HLT,HILTON WORLDWIDE HLDGS INC,COM,43300A203,168,0.0%,"1,514",,
MMM,3M CO,COM,88579Y101,167,0.0%,944,,
VICI,VICI PPTYS INC,COM,925652109,162,0.0%,"6,351",,
A,AGILENT TECHNOLOGIES INC,COM,00846U101,161,0.0%,"1,882",,
CERN,CERNER CORP,COM,156782104,161,0.0%,"2,187",,
LLY,LILLY ELI & CO,COM,532457108,160,0.0%,"1,220",,
PPG,PPG INDS INC,COM,693506107,160,0.0%,"1,201",,
FISV,FISERV INC,COM,337738108,160,0.0%,"1,381",,
ITW,ILLINOIS TOOL WKS INC,COM,452308109,160,0.0%,888,,
APH,AMPHENOL CORP NEW,CL A,032095101,160,0.0%,"1,478",,
CDW,CDW CORP,COM,12514G108,160,0.0%,"1,121",,
IDXX,IDEXX LABS INC,COM,45168D104,159,0.0%,609,,
ETN,EATON CORP PLC,SHS,G29183103,159,0.0%,"1,681",,
WAT,WATERS CORP,COM,941848103,159,0.0%,682,,
CDNS,CADENCE DESIGN SYSTEM INC,COM,127387108,159,0.0%,"2,299",,
,RMG ACQUISITION CORP,*W EXP 02/21/202,749641114,154,0.0%,"265,000",,
,GORDON POINTE ACQUISITION CO,*W EXP 07/30/202,382788115,153,0.0%,"425,000",,
NFE,NEW FORTRESS ENERGY LLC,CL A SHS RP LLC,644393100,150,0.0%,"9,592",,
AROC,ARCHROCK INC,COM,03957W106,150,0.0%,"14,979",,
GM,GENERAL MTRS CO,COM,37045V100,146,0.0%,"3,993",,
QRTEA,QURATE RETAIL INC,COM SER A,74915M100,132,0.0%,"15,700",,
ELV,ANTHEM INC,COM,036752103,127,0.0%,421,,
NDAQ,NASDAQ INC,COM,631103108,123,0.0%,"1,152",,
LULU,LULULEMON ATHLETICA INC,COM,550021109,121,0.0%,524,,
VMC,VULCAN MATLS CO,COM,929160109,121,0.0%,842,,
ANSS,ANSYS INC,COM,03662Q105,119,0.0%,463,,
,LANDCADIA HLDGS II INC,*W EXP 05/09/202,51476X113,119,0.0%,"165,000",,
HIG,HARTFORD FINL SVCS GROUP INC,COM,416515104,119,0.0%,"1,957",,
DEACU,DIAMOND EAGLE ACQUISITION CO,UNIT 06/30/2026,25258L208,118,0.0%,"10,000",,
GTES,GATES INDUSTRIAL CORPRATIN P,ORD SHS,G39108108,115,0.0%,"8,329",,
GS,GOLDMAN SACHS GROUP INC,COM,38141G104,112,0.0%,486,,
ADPT,ADAPTIVE BIOTECHNOLOGIES COR,COM,00650F109,111,0.0%,"3,718",,
DELL,DELL TECHNOLOGIES INC,CL C,24703L202,110,0.0%,"2,148",,
NEBUU,NEBULA ACQUISITION CORP,UNIT 03/12/2025,629076209,108,0.0%,"10,000",,
COF,CAPITAL ONE FINL CORP,COM,14040H105,107,0.0%,"1,036",,
MGY,MAGNOLIA OIL & GAS CORP,CL A,559663109,107,0.0%,"8,500",,
BK,BANK NEW YORK MELLON CORP,COM,064058100,107,0.0%,"2,118",,
MET,METLIFE INC,COM,59156R108,107,0.0%,"2,094",,
DAL,DELTA AIR LINES INC DEL,COM NEW,247361702,107,0.0%,"1,832",,
DOW,DOW INC,COM,260557103,106,0.0%,"1,944",,
HYACU,HAYMAKER ACQUISITION CORP II,UNIT 10/31/2026,42087L200,105,0.0%,"10,000",,
NTR.TO,NUTRIEN LTD,COM,67077M108,104,0.0%,"2,176",,
DOX,AMDOCS LTD,SHS,G02602103,104,0.0%,"1,444",,
PARAA,VIACOMCBS INC,CL A,92556H107,103,0.0%,"2,290",,
DFS,DISCOVER FINL SVCS,COM,254709108,103,0.0%,"1,218",,
AL,AIR LEASE CORP,CL A,00912X302,102,0.0%,"2,146",,
MPC,MARATHON PETE CORP,COM,56585A102,102,0.0%,"1,694",,
FLO,FLOWERS FOODS INC,COM,343498101,101,0.0%,"4,655",,
JBHT,HUNT J B TRANS SVCS INC,COM,445658107,101,0.0%,864,,
MCK,MCKESSON CORP,COM,58155Q103,100,0.0%,720,,
ANAT,AMERICAN NATL INS CO,COM,028591105,99,0.0%,843,,
LUV,SOUTHWEST AIRLS CO,COM,844741108,98,0.0%,"1,816",,
UPS,UNITED PARCEL SERVICE INC,CL B,911312106,98,0.0%,837,,
WLL,WHITING PETE CORP NEW,COM NEW,966387409,98,0.0%,"13,408",,
CDEV,CENTENNIAL RESOURCE DEV INC,CL A,15136A102,98,0.0%,"21,129",,
SNDR,SCHNEIDER NATIONAL INC,CL B,80689H102,97,0.0%,"4,434",,
IT,GARTNER INC,COM,366651107,97,0.0%,627,,
RRC,RANGE RES CORP,COM,75281A109,97,0.0%,"20,019",,
EURN.BR,EURONAV NV ANTWERPEN,SHS,B38564108,95,0.0%,"7,600",,
SNAP,SNAP INC,CL A,83304A106,95,0.0%,"5,836",,
EQT,EQT CORP,COM,26884L109,95,0.0%,"8,744",,
PDCE,PDC ENERGY INC,COM,69327R101,94,0.0%,"3,579",,
SM,SM ENERGY CO,COM,78454L100,94,0.0%,"8,398",,
KOS,KOSMOS ENERGY LTD,COM,500688106,93,0.0%,"16,322",,
,CONTINENTAL RESOURCES INC,COM,212015101,92,0.0%,"2,692",,
ADT,ADT INC,COM,00090Q103,87,0.0%,"11,013",,
TREE,LENDINGTREE INC NEW,COM,52603B107,85,0.0%,279,,
PANW,PALO ALTO NETWORKS INC,COM,697435105,84,0.0%,365,,
SMAR,SMARTSHEET INC,COM CL A,83200N103,81,0.0%,"1,800",,
FSLY,FASTLY INC,CL A,31188V100,80,0.0%,"4,000",,
,ZENDESK INC,COM,98936J101,77,0.0%,"1,000",,
FLMNW,FALCON MINERALS CORP,*W EXP 07/21/202,30607B208,75,0.0%,"250,000",,
CIO,CITY OFFICE REIT INC,COM,178587101,73,0.0%,"5,400",,
CMA,COMERICA INC,COM,200340107,61,0.0%,845,,
HTH,HILLTOP HOLDINGS INC,COM,432748101,61,0.0%,"2,448",,
BOKF,BOK FINL CORP,COM NEW,05561Q201,60,0.0%,692,,
FULT,FULTON FINL CORP PA,COM,360271100,60,0.0%,"3,442",,
NBHC,NATIONAL BK HLDGS CORP,CL A,633707104,60,0.0%,"1,712",,
FHN,FIRST HORIZON NATL CORP,COM,320517105,60,0.0%,"3,652",,
CSFL,CENTERSTATE BK CORP,COM,15201P109,60,0.0%,"2,406",,
CVBF,CVB FINL CORP,COM,126600105,60,0.0%,"2,799",,
WTFC,WINTRUST FINL CORP,COM,97650W108,60,0.0%,851,,
BPOP,POPULAR INC,COM NEW,733174700,60,0.0%,"1,026",,
VERT.U,GS ACQUISITION HLDGS CORP,UNIT 06/12/2023,36255F201,59,0.0%,"5,000",,
SPAQ.U,SPARTAN ENERGY ACQUISITON CO,UNIT 99/99/9999,846784114,52,0.0%,"5,000",,
RMG.U,RMG ACQUISITION CORP,UNIT 99/99/9999,749641205,51,0.0%,"5,000",,
DPHCU,DIAMONDPEAK HLDGS COR,UNIT 99/99/9999,25280H209,51,0.0%,"5,000",,
LCAHU,LANDCADIA HLDGS II INC,UNIT 05/09/2026,51476X204,51,0.0%,"5,000",,
NVST,ENVISTA HLDGS CORP,COM,29415F104,50,0.0%,"1,701",,
OSIS,OSI SYSTEMS INC,COM,671044105,50,0.0%,500,,
SBCF,SEACOAST BKG CORP FLA,COM NEW,811707801,49,0.0%,"1,600",,
STNG,SCORPIO TANKERS INC,SHS,Y7542C130,47,0.0%,"1,186",,
CNP,CENTERPOINT ENERGY INC,COM,15189T107,41,0.0%,"1,490",,
DLR,DIGITAL RLTY TR INC,COM,253868103,41,0.0%,339,,
KHC,KRAFT HEINZ CO,COM,500754106,41,0.0%,"1,262",,
FDX,FEDEX CORP,COM,31428X106,40,0.0%,265,,
PEG,PUBLIC SVC ENTERPRISE GRP IN,COM,744573106,40,0.0%,682,,
VTR,VENTAS INC,COM,92276F100,40,0.0%,694,,
CHRW,C H ROBINSON WORLDWIDE INC,COM NEW,12541W209,40,0.0%,514,,
,E TRADE FINANCIAL CORP,COM NEW,269246401,40,0.0%,877,,
HPE,HEWLETT PACKARD ENTERPRISE C,COM,42824C109,40,0.0%,"2,509",,
CAH,CARDINAL HEALTH INC,COM,14149Y108,40,0.0%,784,,
DLTR,DOLLAR TREE INC,COM,256746108,40,0.0%,427,,
BALL,BALL CORP,COM,058498106,40,0.0%,620,,
EXC,EXELON CORP,COM,30161N101,40,0.0%,881,,
CLX,CLOROX CO DEL,COM,189054109,40,0.0%,261,,
DTE,DTE ENERGY CO,COM,233331107,40,0.0%,311,,
PSA,PUBLIC STORAGE,COM,74460D109,40,0.0%,189,,
FPAC.U,FAR PT ACQUISITION CORP,UNIT 06/01/2025,30734W208,38,0.0%,"3,500",,
NAK,NORTHERN DYNASTY MINERALS LT,COM NEW,66510M204,27,0.0%,"61,800",,
ROKU,ROKU INC,COM CL A,77543R102,26,0.0%,195,,
,SWITCH INC,CL A,87105L104,25,0.0%,"1,692",,
SBGI,SINCLAIR BROADCAST GROUP INC,CL A,829226109,14,0.0%,408,,
TIVO,TIVO CORP,COM,88870P106,14,0.0%,"1,605",,
COUP,COUPA SOFTWARE INC,COM,22266L106,13,0.0%,89,,
WK,WORKIVA INC,COM CL A,98139A105,13,0.0%,305,,
AYX,ALTERYX INC,COM CL A,02156B103,13,0.0%,130,,
PSTG,PURE STORAGE INC,CL A,74624M102,13,0.0%,752,,
UI,UBIQUITI INC,COM,90353W103,13,0.0%,67,,
COHR,COHERENT INC,COM,192479103,13,0.0%,77,,
ENTG,ENTEGRIS INC,COM,29362U104,12,0.0%,248,,
MKSI,MKS INSTRUMENT INC,COM,55306N104,12,0.0%,113,,
NTNX,NUTANIX INC,CL A,67059N108,12,0.0%,382,,
LPSN,LIVEPERSON INC,COM,538146101,12,0.0%,330,,
GMHIU,GORES METROPOULOS INC,UNIT 99/99/9999,382872208,11,0.0%,"1,000",,
ZS,ZSCALER INC,COM,98980G102,1,0.0%,23,,
TRP.TO,TC ENERGY CORP,COM,87807B107,1,0.0%,18,,
NGVT,INGEVITY CORP,COM,45688C107,0,0.0%,1,,
AHCO,ADAPTHEALTH CORP,COM CL A,00653Q102,0,0.0%,1,,
,VIRGIN GALACTIC HOLDINGS INC,UNIT 99/99/9999,92766K205,0,0.0%,2,,
CRCQQ,CALIFORNIA RES CORP,COM NEW,13057Q206,0,0.0%,8,,
,BRISTOL MYERS SQUIBB CO,RIGHT 99/99/9999,110122157,0,0.0%,"403,598",,
LILAK,LIBERTY LATIN AMERICA LTD,COM CL C,G9001E128,0,0.0%,1,,
LILA,LIBERTY LATIN AMERICA LTD,COM CL A,G9001E102,0,0.0%,1,,
CAG,CONAGRA BRANDS INC,COM,205887102,0,0.0%,2,,
