KZBE RM Equity 2018,#N/A N/A,#N/A N/A,#N/A N/A,#N/A N/A,#N/A N/A,#N/A N/A,#N/A N/A,#N/A N/A,#N/A N/A,#N/A N/A,#N/A N/A,#N/A N/A,#N/A N/A,#N/A N/A,#N/A N/A,#N/A N/A,#N/A N/A,#N/A N/A,#N/A N/A,#N/A N/A,#N/A N/A,#N/A N/A,KUZBASSENERGO JSC,#N/A N/A,#N/A N/A,#N/A N/A,#N/A N/A,#N/A N/A
KZBE RM Equity 2019,#N/A N/A,#N/A N/A,#N/A N/A,#N/A N/A,#N/A N/A,#N/A N/A,#N/A N/A,#N/A N/A,#N/A N/A,#N/A N/A,#N/A N/A,#N/A N/A,#N/A N/A,#N/A N/A,#N/A N/A,#N/A N/A,#N/A N/A,#N/A N/A,#N/A N/A,#N/A N/A,#N/A N/A,#N/A N/A,KUZBASSENERGO JSC,#N/A N/A,#N/A N/A,#N/A N/A,#N/A N/A,#N/A N/A
KZBE RM Equity 2020,#N/A N/A,#N/A N/A,#N/A N/A,#N/A N/A,#N/A N/A,#N/A N/A,#N/A N/A,#N/A N/A,#N/A N/A,#N/A N/A,#N/A N/A,#N/A N/A,#N/A N/A,#N/A N/A,#N/A N/A,#N/A N/A,#N/A N/A,#N/A N/A,#N/A N/A,#N/A N/A,#N/A N/A,#N/A N/A,KUZBASSENERGO JSC,#N/A N/A,#N/A N/A,#N/A N/A,#N/A N/A,#N/A N/A
KZBE RM Equity 2021,#N/A N/A,#N/A N/A,#N/A N/A,#N/A N/A,#N/A N/A,#N/A N/A,#N/A N/A,#N/A N/A,#N/A N/A,#N/A N/A,#N/A N/A,#N/A N/A,#N/A N/A,#N/A N/A,#N/A N/A,#N/A N/A,#N/A N/A,#N/A N/A,#N/A N/A,#N/A N/A,#N/A N/A,#N/A N/A,KUZBASSENERGO JSC,#N/A N/A,#N/A N/A,#N/A N/A,#N/A N/A,#N/A N/A
KZBE RM Equity 2022,#N/A N/A,#N/A N/A,#N/A N/A,#N/A N/A,#N/A N/A,#N/A N/A,#N/A N/A,#N/A N/A,#N/A N/A,#N/A N/A,#N/A N/A,#N/A N/A,#N/A N/A,#N/A N/A,#N/A N/A,#N/A N/A,#N/A N/A,#N/A N/A,#N/A N/A,#N/A N/A,#N/A N/A,#N/A N/A,KUZBASSENERGO JSC,#N/A N/A,#N/A N/A,#N/A N/A,#N/A N/A,#N/A N/A
KZBE RM Equity 2023,#N/A N/A,#N/A N/A,#N/A N/A,#N/A N/A,#N/A N/A,#N/A N/A,#N/A N/A,#N/A N/A,#N/A N/A,#N/A N/A,#N/A N/A,#N/A N/A,#N/A N/A,#N/A N/A,#N/A N/A,#N/A N/A,#N/A N/A,#N/A N/A,#N/A N/A,#N/A N/A,#N/A N/A,#N/A N/A,KUZBASSENERGO JSC,#N/A N/A,#N/A N/A,#N/A N/A,#N/A N/A,#N/A N/A
KZBE RM Equity 2024,#N/A N/A,#N/A N/A,#N/A N/A,#N/A N/A,#N/A N/A,#N/A N/A,#N/A N/A,#N/A N/A,#N/A N/A,#N/A N/A,#N/A N/A,#N/A N/A,#N/A N/A,#N/A N/A,#N/A N/A,#N/A N/A,#N/A N/A,#N/A N/A,#N/A N/A,#N/A N/A,#N/A N/A,#N/A N/A,KUZBASSENERGO JSC,#N/A N/A,#N/A N/A,#N/A N/A,#N/A N/A,#N/A N/A
KLAICZ CH Equity 2018,#N/A N/A,#N/A N/A,#N/A N/A,#N/A N/A,#N/A N/A,#N/A N/A,#N/A N/A,#N/A N/A,#N/A N/A,#N/A N/A,#N/A N/A,#N/A N/A,#N/A N/A,#N/A N/A,#N/A N/A,#N/A N/A,#N/A N/A,#N/A N/A,#N/A N/A,#N/A N/A,#N/A N/A,#N/A N/A,STATE GRID HENAN ELECTRIC PO,#N/A N/A,#N/A N/A,#N/A N/A,#N/A N/A,#N/A N/A
KLAICZ CH Equity 2019,#N/A N/A,#N/A N/A,#N/A N/A,#N/A N/A,#N/A N/A,#N/A N/A,#N/A N/A,#N/A N/A,#N/A N/A,#N/A N/A,#N/A N/A,#N/A N/A,#N/A N/A,#N/A N/A,#N/A N/A,#N/A N/A,#N/A N/A,#N/A N/A,#N/A N/A,#N/A N/A,#N/A N/A,#N/A N/A,STATE GRID HENAN ELECTRIC PO,#N/A N/A,#N/A N/A,#N/A N/A,#N/A N/A,#N/A N/A
KLAICZ CH Equity 2020,#N/A N/A,#N/A N/A,#N/A N/A,#N/A N/A,#N/A N/A,#N/A N/A,#N/A N/A,#N/A N/A,#N/A N/A,#N/A N/A,#N/A N/A,#N/A N/A,#N/A N/A,#N/A N/A,#N/A N/A,#N/A N/A,#N/A N/A,#N/A N/A,#N/A N/A,#N/A N/A,#N/A N/A,#N/A N/A,STATE GRID HENAN ELECTRIC PO,#N/A N/A,#N/A N/A,#N/A N/A,#N/A N/A,#N/A N/A
KLAICZ CH Equity 2021,#N/A N/A,#N/A N/A,#N/A N/A,#N/A N/A,#N/A N/A,#N/A N/A,#N/A N/A,#N/A N/A,#N/A N/A,#N/A N/A,#N/A N/A,#N/A N/A,#N/A N/A,#N/A N/A,#N/A N/A,#N/A N/A,#N/A N/A,#N/A N/A,#N/A N/A,#N/A N/A,#N/A N/A,#N/A N/A,STATE GRID HENAN ELECTRIC PO,#N/A N/A,#N/A N/A,#N/A N/A,#N/A N/A,#N/A N/A
KLAICZ CH Equity 2022,#N/A N/A,#N/A N/A,#N/A N/A,#N/A N/A,#N/A N/A,#N/A N/A,#N/A N/A,#N/A N/A,#N/A N/A,#N/A N/A,#N/A N/A,#N/A N/A,#N/A N/A,#N/A N/A,#N/A N/A,#N/A N/A,#N/A N/A,#N/A N/A,#N/A N/A,#N/A N/A,#N/A N/A,#N/A N/A,STATE GRID HENAN ELECTRIC PO,#N/A N/A,#N/A N/A,#N/A N/A,#N/A N/A,#N/A N/A
KLAICZ CH Equity 2023,#N/A N/A,#N/A N/A,#N/A N/A,#N/A N/A,#N/A N/A,#N/A N/A,#N/A N/A,#N/A N/A,#N/A N/A,#N/A N/A,#N/A N/A,#N/A N/A,#N/A N/A,#N/A N/A,#N/A N/A,#N/A N/A,#N/A N/A,#N/A N/A,#N/A N/A,#N/A N/A,#N/A N/A,#N/A N/A,STATE GRID HENAN ELECTRIC PO,#N/A N/A,#N/A N/A,#N/A N/A,#N/A N/A,#N/A N/A
KLAICZ CH Equity 2024,#N/A N/A,#N/A N/A,#N/A N/A,#N/A N/A,#N/A N/A,#N/A N/A,#N/A N/A,#N/A N/A,#N/A N/A,#N/A N/A,#N/A N/A,#N/A N/A,#N/A N/A,#N/A N/A,#N/A N/A,#N/A N/A,#N/A N/A,#N/A N/A,#N/A N/A,#N/A N/A,#N/A N/A,#N/A N/A,STATE GRID HENAN ELECTRIC PO,#N/A N/A,#N/A N/A,#N/A N/A,#N/A N/A,#N/A N/A
KLAKUZ CH Equity 2018,#N/A N/A,#N/A N/A,#N/A N/A,#N/A N/A,#N/A N/A,#N/A N/A,#N/A N/A,#N/A N/A,#N/A N/A,#N/A N/A,#N/A N/A,#N/A N/A,#N/A N/A,#N/A N/A,#N/A N/A,#N/A N/A,#N/A N/A,#N/A N/A,#N/A N/A,#N/A N/A,#N/A N/A,#N/A N/A,SHANDONG ELECTRIC POWER ENG,#N/A N/A,#N/A N/A,#N/A N/A,#N/A N/A,#N/A N/A
KLAKUZ CH Equity 2019,#N/A N/A,#N/A N/A,#N/A N/A,#N/A N/A,#N/A N/A,#N/A N/A,#N/A N/A,#N/A N/A,#N/A N/A,#N/A N/A,#N/A N/A,#N/A N/A,#N/A N/A,#N/A N/A,#N/A N/A,#N/A N/A,#N/A N/A,#N/A N/A,#N/A N/A,#N/A N/A,#N/A N/A,#N/A N/A,SHANDONG ELECTRIC POWER ENG,#N/A N/A,#N/A N/A,#N/A N/A,#N/A N/A,#N/A N/A
KLAKUZ CH Equity 2020,#N/A N/A,#N/A N/A,#N/A N/A,#N/A N/A,#N/A N/A,#N/A N/A,#N/A N/A,#N/A N/A,#N/A N/A,#N/A N/A,#N/A N/A,#N/A N/A,#N/A N/A,#N/A N/A,#N/A N/A,#N/A N/A,#N/A N/A,#N/A N/A,#N/A N/A,#N/A N/A,#N/A N/A,#N/A N/A,SHANDONG ELECTRIC POWER ENG,#N/A N/A,#N/A N/A,#N/A N/A,#N/A N/A,#N/A N/A
KLAKUZ CH Equity 2021,#N/A N/A,#N/A N/A,#N/A N/A,#N/A N/A,#N/A N/A,#N/A N/A,#N/A N/A,#N/A N/A,#N/A N/A,#N/A N/A,#N/A N/A,#N/A N/A,#N/A N/A,#N/A N/A,#N/A N/A,#N/A N/A,#N/A N/A,#N/A N/A,#N/A N/A,#N/A N/A,#N/A N/A,#N/A N/A,SHANDONG ELECTRIC POWER ENG,#N/A N/A,#N/A N/A,#N/A N/A,#N/A N/A,#N/A N/A
KLAKUZ CH Equity 2022,#N/A N/A,#N/A N/A,#N/A N/A,#N/A N/A,#N/A N/A,#N/A N/A,#N/A N/A,#N/A N/A,#N/A N/A,#N/A N/A,#N/A N/A,#N/A N/A,#N/A N/A,#N/A N/A,#N/A N/A,#N/A N/A,#N/A N/A,#N/A N/A,#N/A N/A,#N/A N/A,#N/A N/A,#N/A N/A,SHANDONG ELECTRIC POWER ENG,#N/A N/A,#N/A N/A,#N/A N/A,#N/A N/A,#N/A N/A
KLAKUZ CH Equity 2023,#N/A N/A,#N/A N/A,#N/A N/A,#N/A N/A,#N/A N/A,#N/A N/A,#N/A N/A,#N/A N/A,#N/A N/A,#N/A N/A,#N/A N/A,#N/A N/A,#N/A N/A,#N/A N/A,#N/A N/A,#N/A N/A,#N/A N/A,#N/A N/A,#N/A N/A,#N/A N/A,#N/A N/A,#N/A N/A,SHANDONG ELECTRIC POWER ENG,#N/A N/A,#N/A N/A,#N/A N/A,#N/A N/A,#N/A N/A
KLAKUZ CH Equity 2024,#N/A N/A,#N/A N/A,#N/A N/A,#N/A N/A,#N/A N/A,#N/A N/A,#N/A N/A,#N/A N/A,#N/A N/A,#N/A N/A,#N/A N/A,#N/A N/A,#N/A N/A,#N/A N/A,#N/A N/A,#N/A N/A,#N/A N/A,#N/A N/A,#N/A N/A,#N/A N/A,#N/A N/A,#N/A N/A,SHANDONG ELECTRIC POWER ENG,#N/A N/A,#N/A N/A,#N/A N/A,#N/A N/A,#N/A N/A
KEH SJ Equity 2018,#N/A N/A,#N/A N/A,#N/A N/A,#N/A N/A,#N/A N/A,#N/A N/A,#N/A N/A,#N/A N/A,#N/A N/A,#N/A N/A,#N/A N/A,#N/A N/A,#N/A N/A,#N/A N/A,#N/A N/A,#N/A N/A,#N/A N/A,#N/A N/A,#N/A N/A,#N/A N/A,#N/A N/A,#N/A N/A,KEATON ENERGY HOLDINGS LTD,#N/A N/A,#N/A N/A,#N/A N/A,#N/A N/A,#N/A N/A
KEH SJ Equity 2019,#N/A N/A,#N/A N/A,#N/A N/A,#N/A N/A,#N/A N/A,#N/A N/A,#N/A N/A,#N/A N/A,#N/A N/A,#N/A N/A,#N/A N/A,#N/A N/A,#N/A N/A,#N/A N/A,#N/A N/A,#N/A N/A,#N/A N/A,#N/A N/A,#N/A N/A,#N/A N/A,#N/A N/A,#N/A N/A,KEATON ENERGY HOLDINGS LTD,#N/A N/A,#N/A N/A,#N/A N/A,#N/A N/A,#N/A N/A
KEH SJ Equity 2020,#N/A N/A,#N/A N/A,#N/A N/A,#N/A N/A,#N/A N/A,#N/A N/A,#N/A N/A,#N/A N/A,#N/A N/A,#N/A N/A,#N/A N/A,#N/A N/A,#N/A N/A,#N/A N/A,#N/A N/A,#N/A N/A,#N/A N/A,#N/A N/A,#N/A N/A,#N/A N/A,#N/A N/A,#N/A N/A,KEATON ENERGY HOLDINGS LTD,419.409,#N/A N/A,1264.927,44.787,3961.45
KEH SJ Equity 2021,#N/A N/A,#N/A N/A,#N/A N/A,#N/A N/A,#N/A N/A,#N/A N/A,#N/A N/A,#N/A N/A,#N/A N/A,#N/A N/A,#N/A N/A,#N/A N/A,#N/A N/A,#N/A N/A,#N/A N/A,#N/A N/A,#N/A N/A,#N/A N/A,#N/A N/A,#N/A N/A,#N/A N/A,#N/A N/A,KEATON ENERGY HOLDINGS LTD,410.058,#N/A N/A,1259.97,238.565,4038.547
KEH SJ Equity 2022,#N/A N/A,#N/A N/A,#N/A N/A,#N/A N/A,#N/A N/A,#N/A N/A,#N/A N/A,#N/A N/A,#N/A N/A,#N/A N/A,#N/A N/A,#N/A N/A,#N/A N/A,#N/A N/A,#N/A N/A,#N/A N/A,#N/A N/A,#N/A N/A,#N/A N/A,#N/A N/A,#N/A N/A,#N/A N/A,KEATON ENERGY HOLDINGS LTD,#N/A N/A,#N/A N/A,#N/A N/A,#N/A N/A,#N/A N/A
KEH SJ Equity 2023,#N/A N/A,#N/A N/A,#N/A N/A,#N/A N/A,#N/A N/A,#N/A N/A,#N/A N/A,#N/A N/A,#N/A N/A,#N/A N/A,#N/A N/A,#N/A N/A,#N/A N/A,#N/A N/A,#N/A N/A,#N/A N/A,#N/A N/A,#N/A N/A,#N/A N/A,#N/A N/A,#N/A N/A,#N/A N/A,KEATON ENERGY HOLDINGS LTD,#N/A N/A,#N/A N/A,#N/A N/A,#N/A N/A,#N/A N/A
KEH SJ Equity 2024,#N/A N/A,#N/A N/A,#N/A N/A,#N/A N/A,#N/A N/A,#N/A N/A,#N/A N/A,#N/A N/A,#N/A N/A,#N/A N/A,#N/A N/A,#N/A N/A,#N/A N/A,#N/A N/A,#N/A N/A,#N/A N/A,#N/A N/A,#N/A N/A,#N/A N/A,#N/A N/A,#N/A N/A,#N/A N/A,KEATON ENERGY HOLDINGS LTD,#N/A N/A,#N/A N/A,#N/A N/A,#N/A N/A,#N/A N/A
KKGI IJ Equity 2018,#N/A N/A,#N/A N/A,#N/A N/A,#N/A N/A,#N/A N/A,#N/A N/A,#N/A N/A,#N/A N/A,#N/A N/A,#N/A N/A,#N/A N/A,#N/A N/A,#N/A N/A,#N/A N/A,#N/A N/A,#N/A N/A,#N/A N/A,#N/A N/A,#N/A N/A,119.0805,56.943,116.686,RESOURCE ALAM INDONESIA TBK,4888.2161,340,7.665,7.2919,117.2652
KKGI IJ Equity 2019,#N/A N/A,#N/A N/A,#N/A N/A,#N/A N/A,#N/A N/A,#N/A N/A,#N/A N/A,#N/A N/A,#N/A N/A,#N/A N/A,#N/A N/A,#N/A N/A,#N/A N/A,#N/A N/A,#N/A N/A,#N/A N/A,#N/A N/A,#N/A N/A,#N/A N/A,76.4542,114.852,79.6072,RESOURCE ALAM INDONESIA TBK,4888.1878,227,7.7163,12.7604,126.3545
KKGI IJ Equity 2020,#N/A N/A,#N/A N/A,#N/A N/A,#N/A N/A,#N/A N/A,#N/A N/A,#N/A N/A,#N/A N/A,#N/A N/A,#N/A N/A,#N/A N/A,#N/A N/A,#N/A N/A,#N/A N/A,#N/A N/A,#N/A N/A,#N/A N/A,#N/A N/A,#N/A N/A,84.7144,72.222,88.9406,RESOURCE ALAM INDONESIA TBK,4888.1878,255,5.6216,10.3937,108.6883
KKGI IJ Equity 2021,#N/A N/A,#N/A N/A,#N/A N/A,#N/A N/A,#N/A N/A,#N/A N/A,#N/A N/A,#N/A N/A,#N/A N/A,#N/A N/A,#N/A N/A,#N/A N/A,#N/A N/A,#N/A N/A,#N/A N/A,#N/A N/A,#N/A N/A,#N/A N/A,#N/A N/A,63.5842,132.15,86.8549,RESOURCE ALAM INDONESIA TBK,4888.1878,253,4.5234,28.2401,132.1823
KKGI IJ Equity 2022,#N/A N/A,#N/A N/A,#N/A N/A,#N/A N/A,#N/A N/A,#N/A N/A,#N/A N/A,#N/A N/A,#N/A N/A,#N/A N/A,#N/A N/A,#N/A N/A,#N/A N/A,#N/A N/A,#N/A N/A,#N/A N/A,#N/A N/A,#N/A N/A,#N/A N/A,98.3375,254.967,120.4037,RESOURCE ALAM INDONESIA TBK,4861.4198,384,3.1254,26.0245,170.1847
KKGI IJ Equity 2023,#N/A N/A,#N/A N/A,#N/A N/A,#N/A N/A,#N/A N/A,#N/A N/A,#N/A N/A,#N/A N/A,#N/A N/A,#N/A N/A,#N/A N/A,#N/A N/A,#N/A N/A,#N/A N/A,#N/A N/A,#N/A N/A,#N/A N/A,#N/A N/A,#N/A N/A,72.5737,#N/A N/A,111.599,RESOURCE ALAM INDONESIA TBK,4692.4902,366,5.3185,45.0985,200.5366
KKGI IJ Equity 2024,#N/A N/A,#N/A N/A,#N/A N/A,#N/A N/A,#N/A N/A,#N/A N/A,#N/A N/A,#N/A N/A,#N/A N/A,#N/A N/A,#N/A N/A,#N/A N/A,#N/A N/A,#N/A N/A,#N/A N/A,#N/A N/A,#N/A N/A,#N/A N/A,#N/A N/A,97.775,326.8049,163.1845,RESOURCE ALAM INDONESIA TBK,4873.3202,542,2.6679,68.2021,208.967
KRL AU Equity 2018,#N/A N/A,#N/A N/A,#N/A N/A,#N/A N/A,#N/A N/A,#N/A N/A,#N/A N/A,#N/A N/A,#N/A N/A,#N/A N/A,#N/A N/A,#N/A N/A,#N/A N/A,#N/A N/A,#N/A N/A,#N/A N/A,#N/A N/A,#N/A N/A,#N/A N/A,#N/A N/A,#N/A N/A,#N/A N/A,KANGAROO RESOURCES LTD,#N/A N/A,#N/A N/A,#N/A N/A,#N/A N/A,#N/A N/A
KRL AU Equity 2019,#N/A N/A,#N/A N/A,#N/A N/A,#N/A N/A,#N/A N/A,#N/A N/A,#N/A N/A,#N/A N/A,#N/A N/A,#N/A N/A,#N/A N/A,#N/A N/A,#N/A N/A,#N/A N/A,#N/A N/A,#N/A N/A,#N/A N/A,#N/A N/A,#N/A N/A,#N/A N/A,#N/A N/A,#N/A N/A,KANGAROO RESOURCES LTD,#N/A N/A,#N/A N/A,#N/A N/A,#N/A N/A,#N/A N/A
KRL AU Equity 2020,#N/A N/A,#N/A N/A,#N/A N/A,#N/A N/A,#N/A N/A,#N/A N/A,#N/A N/A,#N/A N/A,#N/A N/A,#N/A N/A,#N/A N/A,#N/A N/A,#N/A N/A,#N/A N/A,#N/A N/A,#N/A N/A,#N/A N/A,#N/A N/A,#N/A N/A,#N/A N/A,#N/A N/A,#N/A N/A,KANGAROO RESOURCES LTD,#N/A N/A,#N/A N/A,#N/A N/A,#N/A N/A,#N/A N/A
KRL AU Equity 2021,#N/A N/A,#N/A N/A,#N/A N/A,#N/A N/A,#N/A N/A,#N/A N/A,#N/A N/A,#N/A N/A,#N/A N/A,#N/A N/A,#N/A N/A,#N/A N/A,#N/A N/A,#N/A N/A,#N/A N/A,#N/A N/A,#N/A N/A,#N/A N/A,#N/A N/A,#N/A N/A,#N/A N/A,#N/A N/A,KANGAROO RESOURCES LTD,#N/A N/A,#N/A N/A,#N/A N/A,#N/A N/A,#N/A N/A
KRL AU Equity 2022,#N/A N/A,#N/A N/A,#N/A N/A,#N/A N/A,#N/A N/A,#N/A N/A,#N/A N/A,#N/A N/A,#N/A N/A,#N/A N/A,#N/A N/A,#N/A N/A,#N/A N/A,#N/A N/A,#N/A N/A,#N/A N/A,#N/A N/A,#N/A N/A,#N/A N/A,#N/A N/A,#N/A N/A,#N/A N/A,KANGAROO RESOURCES LTD,#N/A N/A,#N/A N/A,#N/A N/A,#N/A N/A,#N/A N/A
KRL AU Equity 2023,#N/A N/A,#N/A N/A,#N/A N/A,#N/A N/A,#N/A N/A,#N/A N/A,#N/A N/A,#N/A N/A,#N/A N/A,#N/A N/A,#N/A N/A,#N/A N/A,#N/A N/A,#N/A N/A,#N/A N/A,#N/A N/A,#N/A N/A,#N/A N/A,#N/A N/A,#N/A N/A,#N/A N/A,#N/A N/A,KANGAROO RESOURCES LTD,#N/A N/A,#N/A N/A,#N/A N/A,#N/A N/A,#N/A N/A
KRL AU Equity 2024,#N/A N/A,#N/A N/A,#N/A N/A,#N/A N/A,#N/A N/A,#N/A N/A,#N/A N/A,#N/A N/A,#N/A N/A,#N/A N/A,#N/A N/A,#N/A N/A,#N/A N/A,#N/A N/A,#N/A N/A,#N/A N/A,#N/A N/A,#N/A N/A,#N/A N/A,#N/A N/A,#N/A N/A,#N/A N/A,KANGAROO RESOURCES LTD,#N/A N/A,#N/A N/A,#N/A N/A,#N/A N/A,#N/A N/A
KU1 US Equity 2018,#N/A N/A,#N/A N/A,#N/A N/A,#N/A N/A,#N/A N/A,#N/A N/A,#N/A N/A,#N/A N/A,#N/A N/A,#N/A N/A,#N/A N/A,#N/A N/A,#N/A N/A,#N/A N/A,#N/A N/A,#N/A N/A,#N/A N/A,#N/A N/A,#N/A N/A,#N/A N/A,#N/A N/A,#N/A N/A,KENTUCKY UTILITIES COMPANY,37.8179,#N/A N/A,2556,14,8540
KU1 US Equity 2019,#N/A N/A,#N/A N/A,#N/A N/A,#N/A N/A,#N/A N/A,#N/A N/A,#N/A N/A,#N/A N/A,#N/A N/A,#N/A N/A,#N/A N/A,#N/A N/A,#N/A N/A,#N/A N/A,#N/A N/A,#N/A N/A,#N/A N/A,#N/A N/A,#N/A N/A,#N/A N/A,#N/A N/A,#N/A N/A,KENTUCKY UTILITIES COMPANY,37.8179,#N/A N/A,2773,12,8825
KU1 US Equity 2020,#N/A N/A,#N/A N/A,#N/A N/A,#N/A N/A,#N/A N/A,#N/A N/A,#N/A N/A,#N/A N/A,#N/A N/A,#N/A N/A,#N/A N/A,#N/A N/A,#N/A N/A,#N/A N/A,#N/A N/A,#N/A N/A,#N/A N/A,#N/A N/A,#N/A N/A,#N/A N/A,#N/A N/A,#N/A N/A,KENTUCKY UTILITIES COMPANY,37.8179,#N/A N/A,2821,22,9072
KU1 US Equity 2021,#N/A N/A,#N/A N/A,#N/A N/A,#N/A N/A,#N/A N/A,#N/A N/A,#N/A N/A,#N/A N/A,#N/A N/A,#N/A N/A,#N/A N/A,#N/A N/A,#N/A N/A,#N/A N/A,#N/A N/A,#N/A N/A,#N/A N/A,#N/A N/A,#N/A N/A,#N/A N/A,#N/A N/A,#N/A N/A,KENTUCKY UTILITIES COMPANY,37.8179,#N/A N/A,2912,13,9272
KU1 US Equity 2022,#N/A N/A,#N/A N/A,#N/A N/A,#N/A N/A,#N/A N/A,#N/A N/A,#N/A N/A,#N/A N/A,#N/A N/A,#N/A N/A,#N/A N/A,#N/A N/A,#N/A N/A,#N/A N/A,#N/A N/A,#N/A N/A,#N/A N/A,#N/A N/A,#N/A N/A,#N/A N/A,#N/A N/A,#N/A N/A,KENTUCKY UTILITIES COMPANY,37.8179,#N/A N/A,3021,21,9542
KU1 US Equity 2023,#N/A N/A,#N/A N/A,#N/A N/A,#N/A N/A,#N/A N/A,#N/A N/A,#N/A N/A,#N/A N/A,#N/A N/A,#N/A N/A,#N/A N/A,#N/A N/A,#N/A N/A,#N/A N/A,#N/A N/A,#N/A N/A,#N/A N/A,#N/A N/A,#N/A N/A,#N/A N/A,#N/A N/A,#N/A N/A,KENTUCKY UTILITIES COMPANY,37.8179,#N/A N/A,3157,14,9714
KU1 US Equity 2024,#N/A N/A,#N/A N/A,#N/A N/A,#N/A N/A,#N/A N/A,#N/A N/A,#N/A N/A,#N/A N/A,#N/A N/A,#N/A N/A,#N/A N/A,#N/A N/A,#N/A N/A,#N/A N/A,#N/A N/A,#N/A N/A,#N/A N/A,#N/A N/A,#N/A N/A,#N/A N/A,#N/A N/A,#N/A N/A,KENTUCKY UTILITIES COMPANY,37.8179,#N/A N/A,3279,13,10073
KGN PW Equity 2018,#N/A N/A,#N/A N/A,#N/A N/A,#N/A N/A,#N/A N/A,#N/A N/A,#N/A N/A,#N/A N/A,#N/A N/A,#N/A N/A,#N/A N/A,#N/A N/A,#N/A N/A,#N/A N/A,#N/A N/A,#N/A N/A,#N/A N/A,#N/A N/A,#N/A N/A,270.468,960.622,596,KOGENERACJA,14.9,40,25.233,354.04,2396.444
KGN PW Equity 2019,2111.68,#N/A N/A,#N/A N/A,#N/A N/A,#N/A N/A,#N/A N/A,#N/A N/A,#N/A N/A,#N/A N/A,#N/A N/A,#N/A N/A,#N/A N/A,#N/A N/A,#N/A N/A,#N/A N/A,#N/A N/A,#N/A N/A,#N/A N/A,#N/A N/A,101.484,#N/A N/A,512.56,KOGENERACJA,14.9,34.4,58.748,474.009,2586.605
KGN PW Equity 2020,2026.25,#N/A N/A,#N/A N/A,#N/A N/A,#N/A N/A,#N/A N/A,#N/A N/A,#N/A N/A,#N/A N/A,#N/A N/A,#N/A N/A,#N/A N/A,#N/A N/A,#N/A N/A,#N/A N/A,#N/A N/A,#N/A N/A,#N/A N/A,#N/A N/A,-58.807,#N/A N/A,521.5,KOGENERACJA,14.9,35,58.245,644.738,2854.313
KGN PW Equity 2021,2164.12,#N/A N/A,365.924,#N/A N/A,#N/A N/A,#N/A N/A,#N/A N/A,#N/A N/A,#N/A N/A,#N/A N/A,#N/A N/A,#N/A N/A,#N/A N/A,#N/A N/A,#N/A N/A,#N/A N/A,#N/A N/A,#N/A N/A,#N/A N/A,458.521,1434.506,415.71,KOGENERACJA,14.9,27.9,57.967,21.924,3206.857
KGN PW Equity 2022,2033.82,#N/A N/A,429.715,#N/A N/A,#N/A N/A,#N/A N/A,#N/A N/A,#N/A N/A,#N/A N/A,#N/A N/A,#N/A N/A,#N/A N/A,#N/A N/A,#N/A N/A,#N/A N/A,#N/A N/A,#N/A N/A,#N/A N/A,#N/A N/A,-50.689,#N/A N/A,357.6,KOGENERACJA,14.9,24,112.431,529.905,3530.838
KGN PW Equity 2023,1901.62,#N/A N/A,398.03,#N/A N/A,#N/A N/A,#N/A N/A,#N/A N/A,#N/A N/A,#N/A N/A,#N/A N/A,#N/A N/A,#N/A N/A,#N/A N/A,#N/A N/A,#N/A N/A,#N/A N/A,#N/A N/A,#N/A N/A,#N/A N/A,478.988,3164.375,965.52,KOGENERACJA,14.9,64.8,433.572,920.104,4720.543
KGN PW Equity 2024,1834.13,1.941,543.165,17.578,140.16,383.516,#N/A N/A,1.47,0.023,0.418,#N/A N/A,#N/A N/A,#N/A N/A,#N/A N/A,#N/A N/A,#N/A N/A,#N/A N/A,#N/A N/A,#N/A N/A,1152.794,#N/A N/A,746.49,KOGENERACJA,14.9,50.1,437.931,31.627,4732.609
KZRU RU Equity 2018,#N/A N/A,#N/A N/A,#N/A N/A,#N/A N/A,#N/A N/A,#N/A N/A,#N/A N/A,#N/A N/A,#N/A N/A,#N/A N/A,#N/A N/A,#N/A N/A,#N/A N/A,#N/A N/A,#N/A N/A,#N/A N/A,#N/A N/A,#N/A N/A,#N/A N/A,#N/A N/A,#N/A N/A,#N/A N/A,KUZBASSRAZREZUGOL-BRD,6113.834,#N/A N/A,61020.306,3349.089,140272.199
KZRU RU Equity 2019,#N/A N/A,#N/A N/A,#N/A N/A,#N/A N/A,#N/A N/A,#N/A N/A,#N/A N/A,#N/A N/A,#N/A N/A,#N/A N/A,#N/A N/A,#N/A N/A,#N/A N/A,#N/A N/A,#N/A N/A,#N/A N/A,#N/A N/A,#N/A N/A,#N/A N/A,#N/A N/A,#N/A N/A,#N/A N/A,KUZBASSRAZREZUGOL-BRD,6113.8337,#N/A N/A,55235.5,11245.771,135215.91
KZRU RU Equity 2020,#N/A N/A,#N/A N/A,#N/A N/A,#N/A N/A,#N/A N/A,#N/A N/A,#N/A N/A,#N/A N/A,#N/A N/A,#N/A N/A,#N/A N/A,#N/A N/A,#N/A N/A,#N/A N/A,#N/A N/A,#N/A N/A,#N/A N/A,#N/A N/A,#N/A N/A,#N/A N/A,#N/A N/A,#N/A N/A,KUZBASSRAZREZUGOL-BRD,6113.834,#N/A N/A,54445.825,10068.566,122338.815
KZRU RU Equity 2021,#N/A N/A,#N/A N/A,#N/A N/A,#N/A N/A,#N/A N/A,#N/A N/A,#N/A N/A,#N/A N/A,#N/A N/A,#N/A N/A,#N/A N/A,#N/A N/A,#N/A N/A,#N/A N/A,#N/A N/A,#N/A N/A,#N/A N/A,#N/A N/A,#N/A N/A,#N/A N/A,#N/A N/A,#N/A N/A,KUZBASSRAZREZUGOL-BRD,6113.834,#N/A N/A,54748.964,24714.213,199522.885
KZRU RU Equity 2022,#N/A N/A,#N/A N/A,#N/A N/A,#N/A N/A,#N/A N/A,#N/A N/A,#N/A N/A,#N/A N/A,#N/A N/A,#N/A N/A,#N/A N/A,#N/A N/A,#N/A N/A,#N/A N/A,#N/A N/A,#N/A N/A,#N/A N/A,#N/A N/A,#N/A N/A,#N/A N/A,#N/A N/A,#N/A N/A,KUZBASSRAZREZUGOL-BRD,6113.834,#N/A N/A,43553.498,21830.493,321076.988
KZRU RU Equity 2023,#N/A N/A,#N/A N/A,#N/A N/A,#N/A N/A,#N/A N/A,#N/A N/A,#N/A N/A,#N/A N/A,#N/A N/A,#N/A N/A,#N/A N/A,#N/A N/A,#N/A N/A,#N/A N/A,#N/A N/A,#N/A N/A,#N/A N/A,#N/A N/A,#N/A N/A,#N/A N/A,#N/A N/A,#N/A N/A,KUZBASSRAZREZUGOL-BRD,6113.8337,#N/A N/A,26707.799,19358.508,304535.52
KZRU RU Equity 2024,#N/A N/A,#N/A N/A,#N/A N/A,#N/A N/A,#N/A N/A,#N/A N/A,#N/A N/A,#N/A N/A,#N/A N/A,#N/A N/A,#N/A N/A,#N/A N/A,#N/A N/A,#N/A N/A,#N/A N/A,#N/A N/A,#N/A N/A,#N/A N/A,#N/A N/A,#N/A N/A,#N/A N/A,#N/A N/A,KUZBASSRAZREZUGOL-BRD,6113.8337,#N/A N/A,21370.492,10468.77,320712.628
KBTK RM Equity 2018,#N/A N/A,#N/A N/A,#N/A N/A,#N/A N/A,#N/A N/A,#N/A N/A,#N/A N/A,#N/A N/A,#N/A N/A,#N/A N/A,#N/A N/A,#N/A N/A,#N/A N/A,#N/A N/A,#N/A N/A,#N/A N/A,#N/A N/A,#N/A N/A,#N/A N/A,23215.4558,#N/A N/A,19077.4558,KUZBASSKAYA TOPLIVNAYA CO,99.2532,192.2,20960,16823,43715
KBTK RM Equity 2019,#N/A N/A,#N/A N/A,#N/A N/A,#N/A N/A,#N/A N/A,#N/A N/A,#N/A N/A,#N/A N/A,#N/A N/A,#N/A N/A,#N/A N/A,#N/A N/A,#N/A N/A,#N/A N/A,#N/A N/A,#N/A N/A,#N/A N/A,#N/A N/A,#N/A N/A,27562.7708,#N/A N/A,19200.7708,KUZBASSKAYA TOPLIVNAYA CO,99.1775,193.6,12752,4390,32326
KBTK RM Equity 2020,#N/A N/A,#N/A N/A,#N/A N/A,#N/A N/A,#N/A N/A,#N/A N/A,#N/A N/A,#N/A N/A,#N/A N/A,#N/A N/A,#N/A N/A,#N/A N/A,#N/A N/A,#N/A N/A,#N/A N/A,#N/A N/A,#N/A N/A,#N/A N/A,#N/A N/A,24968.5884,#N/A N/A,15084.5884,KUZBASSKAYA TOPLIVNAYA CO,99.1716,152.2,11743,1859,29545
KBTK RM Equity 2021,#N/A N/A,#N/A N/A,#N/A N/A,#N/A N/A,#N/A N/A,#N/A N/A,#N/A N/A,#N/A N/A,#N/A N/A,#N/A N/A,#N/A N/A,#N/A N/A,#N/A N/A,#N/A N/A,#N/A N/A,#N/A N/A,#N/A N/A,#N/A N/A,#N/A N/A,#N/A N/A,#N/A N/A,#N/A N/A,KUZBASSKAYA TOPLIVNAYA CO,#N/A N/A,#N/A N/A,#N/A N/A,#N/A N/A,#N/A N/A
KBTK RM Equity 2022,#N/A N/A,#N/A N/A,#N/A N/A,#N/A N/A,#N/A N/A,#N/A N/A,#N/A N/A,#N/A N/A,#N/A N/A,#N/A N/A,#N/A N/A,#N/A N/A,#N/A N/A,#N/A N/A,#N/A N/A,#N/A N/A,#N/A N/A,#N/A N/A,#N/A N/A,#N/A N/A,#N/A N/A,#N/A N/A,KUZBASSKAYA TOPLIVNAYA CO,#N/A N/A,#N/A N/A,#N/A N/A,#N/A N/A,#N/A N/A
KBTK RM Equity 2023,#N/A N/A,#N/A N/A,#N/A N/A,#N/A N/A,#N/A N/A,#N/A N/A,#N/A N/A,#N/A N/A,#N/A N/A,#N/A N/A,#N/A N/A,#N/A N/A,#N/A N/A,#N/A N/A,#N/A N/A,#N/A N/A,#N/A N/A,#N/A N/A,#N/A N/A,#N/A N/A,#N/A N/A,#N/A N/A,KUZBASSKAYA TOPLIVNAYA CO,#N/A N/A,#N/A N/A,#N/A N/A,#N/A N/A,#N/A N/A
KBTK RM Equity 2024,#N/A N/A,#N/A N/A,#N/A N/A,#N/A N/A,#N/A N/A,#N/A N/A,#N/A N/A,#N/A N/A,#N/A N/A,#N/A N/A,#N/A N/A,#N/A N/A,#N/A N/A,#N/A N/A,#N/A N/A,#N/A N/A,#N/A N/A,#N/A N/A,#N/A N/A,#N/A N/A,#N/A N/A,#N/A N/A,KUZBASSKAYA TOPLIVNAYA CO,#N/A N/A,#N/A N/A,#N/A N/A,#N/A N/A,#N/A N/A
KRL AU Equity 2018,#N/A N/A,#N/A N/A,#N/A N/A,#N/A N/A,#N/A N/A,#N/A N/A,#N/A N/A,#N/A N/A,#N/A N/A,#N/A N/A,#N/A N/A,#N/A N/A,#N/A N/A,#N/A N/A,#N/A N/A,#N/A N/A,#N/A N/A,#N/A N/A,#N/A N/A,#N/A N/A,#N/A N/A,#N/A N/A,KANGAROO RESOURCES LTD,#N/A N/A,#N/A N/A,#N/A N/A,#N/A N/A,#N/A N/A
KRL AU Equity 2019,#N/A N/A,#N/A N/A,#N/A N/A,#N/A N/A,#N/A N/A,#N/A N/A,#N/A N/A,#N/A N/A,#N/A N/A,#N/A N/A,#N/A N/A,#N/A N/A,#N/A N/A,#N/A N/A,#N/A N/A,#N/A N/A,#N/A N/A,#N/A N/A,#N/A N/A,#N/A N/A,#N/A N/A,#N/A N/A,KANGAROO RESOURCES LTD,#N/A N/A,#N/A N/A,#N/A N/A,#N/A N/A,#N/A N/A
KRL AU Equity 2020,#N/A N/A,#N/A N/A,#N/A N/A,#N/A N/A,#N/A N/A,#N/A N/A,#N/A N/A,#N/A N/A,#N/A N/A,#N/A N/A,#N/A N/A,#N/A N/A,#N/A N/A,#N/A N/A,#N/A N/A,#N/A N/A,#N/A N/A,#N/A N/A,#N/A N/A,#N/A N/A,#N/A N/A,#N/A N/A,KANGAROO RESOURCES LTD,#N/A N/A,#N/A N/A,#N/A N/A,#N/A N/A,#N/A N/A
KRL AU Equity 2021,#N/A N/A,#N/A N/A,#N/A N/A,#N/A N/A,#N/A N/A,#N/A N/A,#N/A N/A,#N/A N/A,#N/A N/A,#N/A N/A,#N/A N/A,#N/A N/A,#N/A N/A,#N/A N/A,#N/A N/A,#N/A N/A,#N/A N/A,#N/A N/A,#N/A N/A,#N/A N/A,#N/A N/A,#N/A N/A,KANGAROO RESOURCES LTD,#N/A N/A,#N/A N/A,#N/A N/A,#N/A N/A,#N/A N/A
KRL AU Equity 2022,#N/A N/A,#N/A N/A,#N/A N/A,#N/A N/A,#N/A N/A,#N/A N/A,#N/A N/A,#N/A N/A,#N/A N/A,#N/A N/A,#N/A N/A,#N/A N/A,#N/A N/A,#N/A N/A,#N/A N/A,#N/A N/A,#N/A N/A,#N/A N/A,#N/A N/A,#N/A N/A,#N/A N/A,#N/A N/A,KANGAROO RESOURCES LTD,#N/A N/A,#N/A N/A,#N/A N/A,#N/A N/A,#N/A N/A
KRL AU Equity 2023,#N/A N/A,#N/A N/A,#N/A N/A,#N/A N/A,#N/A N/A,#N/A N/A,#N/A N/A,#N/A N/A,#N/A N/A,#N/A N/A,#N/A N/A,#N/A N/A,#N/A N/A,#N/A N/A,#N/A N/A,#N/A N/A,#N/A N/A,#N/A N/A,#N/A N/A,#N/A N/A,#N/A N/A,#N/A N/A,KANGAROO RESOURCES LTD,#N/A N/A,#N/A N/A,#N/A N/A,#N/A N/A,#N/A N/A
KRL AU Equity 2024,#N/A N/A,#N/A N/A,#N/A N/A,#N/A N/A,#N/A N/A,#N/A N/A,#N/A N/A,#N/A N/A,#N/A N/A,#N/A N/A,#N/A N/A,#N/A N/A,#N/A N/A,#N/A N/A,#N/A N/A,#N/A N/A,#N/A N/A,#N/A N/A,#N/A N/A,#N/A N/A,#N/A N/A,#N/A N/A,KANGAROO RESOURCES LTD,#N/A N/A,#N/A N/A,#N/A N/A,#N/A N/A,#N/A N/A
KOWEPO KS Equity 2018,#N/A N/A,#N/A N/A,#N/A N/A,#N/A N/A,#N/A N/A,#N/A N/A,#N/A N/A,#N/A N/A,#N/A N/A,#N/A N/A,#N/A N/A,#N/A N/A,#N/A N/A,#N/A N/A,#N/A N/A,#N/A N/A,#N/A N/A,#N/A N/A,#N/A N/A,#N/A N/A,#N/A N/A,#N/A N/A,KOREA WESTERN POWER CO LTD,33.3291,#N/A N/A,5099790.964,117025.9972,9871681.882
KOWEPO KS Equity 2019,#N/A N/A,#N/A N/A,#N/A N/A,#N/A N/A,#N/A N/A,#N/A N/A,#N/A N/A,#N/A N/A,#N/A N/A,#N/A N/A,#N/A N/A,#N/A N/A,#N/A N/A,#N/A N/A,#N/A N/A,#N/A N/A,#N/A N/A,#N/A N/A,#N/A N/A,#N/A N/A,#N/A N/A,#N/A N/A,KOREA WESTERN POWER CO LTD,33.3291,#N/A N/A,5914860.45,61301.5131,10482487.93
KOWEPO KS Equity 2020,#N/A N/A,#N/A N/A,#N/A N/A,#N/A N/A,#N/A N/A,#N/A N/A,#N/A N/A,#N/A N/A,#N/A N/A,#N/A N/A,#N/A N/A,#N/A N/A,#N/A N/A,#N/A N/A,#N/A N/A,#N/A N/A,#N/A N/A,#N/A N/A,#N/A N/A,#N/A N/A,#N/A N/A,#N/A N/A,KOREA WESTERN POWER CO LTD,33.3291,#N/A N/A,5877469.016,218924.4711,10332650.33
KOWEPO KS Equity 2021,33198.398,159.888,3504.52,6,0,1835,5,63,0.411,1,0,14,0,0,0,0,0,1580,#N/A N/A,#N/A N/A,#N/A N/A,#N/A N/A,KOREA WESTERN POWER CO LTD,33.3291,#N/A N/A,6097611.412,128517.1421,10869085.29
KOWEPO KS Equity 2022,29970.5,188.693,6232.28,5,0,1725,5,1,0.597,1,0,13,0,0,0,0,0,1830,#N/A N/A,#N/A N/A,#N/A N/A,#N/A N/A,KOREA WESTERN POWER CO LTD,33.3291,#N/A N/A,6504274.448,82116.2865,13665498.34
KOWEPO KS Equity 2023,29059.6,237.994,3446.59,6,0,1657,4,4,1.151,1,#N/A N/A,13,#N/A N/A,#N/A N/A,#N/A N/A,#N/A N/A,#N/A N/A,1761,#N/A N/A,#N/A N/A,#N/A N/A,#N/A N/A,KOREA WESTERN POWER CO LTD,33.3291,#N/A N/A,6242821.087,77071.4149,12949775.31
KOWEPO KS Equity 2024,#N/A N/A,#N/A N/A,#N/A N/A,#N/A N/A,#N/A N/A,#N/A N/A,#N/A N/A,#N/A N/A,#N/A N/A,#N/A N/A,#N/A N/A,#N/A N/A,#N/A N/A,#N/A N/A,#N/A N/A,#N/A N/A,#N/A N/A,#N/A N/A,#N/A N/A,#N/A N/A,#N/A N/A,#N/A N/A,KOREA WESTERN POWER CO LTD,33.3291,#N/A N/A,6295506.663,91337.9375,13562105.61
KOSPO KS Equity 2018,#N/A N/A,#N/A N/A,#N/A N/A,#N/A N/A,#N/A N/A,#N/A N/A,#N/A N/A,#N/A N/A,#N/A N/A,#N/A N/A,#N/A N/A,#N/A N/A,#N/A N/A,#N/A N/A,#N/A N/A,#N/A N/A,#N/A N/A,#N/A N/A,#N/A N/A,#N/A N/A,#N/A N/A,#N/A N/A,KOREA SOUTHERN POWER CO LTD,47.7399,#N/A N/A,4731196.106,21730.4275,10208427.64
KOSPO KS Equity 2019,#N/A N/A,#N/A N/A,#N/A N/A,#N/A N/A,#N/A N/A,#N/A N/A,#N/A N/A,#N/A N/A,#N/A N/A,#N/A N/A,#N/A N/A,#N/A N/A,#N/A N/A,#N/A N/A,#N/A N/A,#N/A N/A,#N/A N/A,#N/A N/A,#N/A N/A,#N/A N/A,#N/A N/A,#N/A N/A,KOREA SOUTHERN POWER CO LTD,47.7399,#N/A N/A,5763670.131,212592.6329,11256273.39
KOSPO KS Equity 2020,#N/A N/A,#N/A N/A,#N/A N/A,#N/A N/A,#N/A N/A,#N/A N/A,#N/A N/A,#N/A N/A,#N/A N/A,#N/A N/A,#N/A N/A,#N/A N/A,#N/A N/A,#N/A N/A,#N/A N/A,#N/A N/A,#N/A N/A,#N/A N/A,#N/A N/A,#N/A N/A,#N/A N/A,#N/A N/A,KOREA SOUTHERN POWER CO LTD,47.7399,#N/A N/A,5917715.181,150351.2847,11006138.29
KOSPO KS Equity 2021,#N/A N/A,#N/A N/A,#N/A N/A,#N/A N/A,#N/A N/A,#N/A N/A,#N/A N/A,#N/A N/A,#N/A N/A,#N/A N/A,#N/A N/A,#N/A N/A,#N/A N/A,#N/A N/A,#N/A N/A,#N/A N/A,#N/A N/A,#N/A N/A,#N/A N/A,#N/A N/A,#N/A N/A,#N/A N/A,KOREA SOUTHERN POWER CO LTD,47.7399,#N/A N/A,6166022.494,248014.4169,11823085.31
KOSPO KS Equity 2022,#N/A N/A,#N/A N/A,#N/A N/A,#N/A N/A,#N/A N/A,#N/A N/A,#N/A N/A,#N/A N/A,#N/A N/A,#N/A N/A,#N/A N/A,#N/A N/A,#N/A N/A,#N/A N/A,#N/A N/A,#N/A N/A,#N/A N/A,#N/A N/A,#N/A N/A,#N/A N/A,#N/A N/A,#N/A N/A,KOREA SOUTHERN POWER CO LTD,47.7399,#N/A N/A,6626251.561,239308.6408,14598757.2
KOSPO KS Equity 2023,#N/A N/A,#N/A N/A,#N/A N/A,#N/A N/A,#N/A N/A,#N/A N/A,#N/A N/A,#N/A N/A,#N/A N/A,#N/A N/A,#N/A N/A,#N/A N/A,#N/A N/A,#N/A N/A,#N/A N/A,#N/A N/A,#N/A N/A,#N/A N/A,#N/A N/A,#N/A N/A,#N/A N/A,#N/A N/A,KOREA SOUTHERN POWER CO LTD,47.7399,#N/A N/A,6409055.285,585622.6465,13917599.23
KOSPO KS Equity 2024,#N/A N/A,#N/A N/A,#N/A N/A,#N/A N/A,#N/A N/A,#N/A N/A,#N/A N/A,#N/A N/A,#N/A N/A,#N/A N/A,#N/A N/A,#N/A N/A,#N/A N/A,#N/A N/A,#N/A N/A,#N/A N/A,#N/A N/A,#N/A N/A,#N/A N/A,#N/A N/A,#N/A N/A,#N/A N/A,KOREA SOUTHERN POWER CO LTD,47.7399,#N/A N/A,5835025.352,111732.1392,13876501.8
KOSEPCO KS Equity 2018,#N/A N/A,#N/A N/A,#N/A N/A,#N/A N/A,#N/A N/A,#N/A N/A,#N/A N/A,#N/A N/A,#N/A N/A,#N/A N/A,#N/A N/A,#N/A N/A,#N/A N/A,#N/A N/A,#N/A N/A,#N/A N/A,#N/A N/A,#N/A N/A,#N/A N/A,#N/A N/A,#N/A N/A,#N/A N/A,KOREA SOUTH-EAST POWER CO LT,59.5231,#N/A N/A,3548917.755,169803.1898,10201817.53
KOSEPCO KS Equity 2019,#N/A N/A,#N/A N/A,#N/A N/A,#N/A N/A,#N/A N/A,#N/A N/A,#N/A N/A,#N/A N/A,#N/A N/A,#N/A N/A,#N/A N/A,#N/A N/A,#N/A N/A,#N/A N/A,#N/A N/A,#N/A N/A,#N/A N/A,#N/A N/A,#N/A N/A,#N/A N/A,#N/A N/A,#N/A N/A,KOREA SOUTH-EAST POWER CO LT,59.5231,#N/A N/A,4576372.072,137891.3079,11452346.87
KOSEPCO KS Equity 2020,#N/A N/A,#N/A N/A,#N/A N/A,#N/A N/A,#N/A N/A,#N/A N/A,#N/A N/A,#N/A N/A,#N/A N/A,#N/A N/A,#N/A N/A,#N/A N/A,#N/A N/A,#N/A N/A,#N/A N/A,#N/A N/A,#N/A N/A,#N/A N/A,#N/A N/A,#N/A N/A,#N/A N/A,#N/A N/A,KOREA SOUTH-EAST POWER CO LT,59.5231,#N/A N/A,5102937.218,49466.0724,11491715.85
KOSEPCO KS Equity 2021,37142.102,86.171,32875.398,314,0,8315,274,4,1.816,0,#N/A N/A,#N/A N/A,#N/A N/A,20466,#N/A N/A,#N/A N/A,#N/A N/A,3500,#N/A N/A,#N/A N/A,#N/A N/A,#N/A N/A,KOREA SOUTH-EAST POWER CO LT,59.5231,#N/A N/A,5622851.572,64653.0301,12409572.56
KOSEPCO KS Equity 2022,35297.898,87.02,13036.1,25,0,8346,249,14,2.386,0,#N/A N/A,#N/A N/A,#N/A N/A,#N/A N/A,#N/A N/A,#N/A N/A,#N/A N/A,4399,#N/A N/A,#N/A N/A,#N/A N/A,#N/A N/A,KOREA SOUTH-EAST POWER CO LT,59.5231,#N/A N/A,5786951.158,139913.944,14824855.61
KOSEPCO KS Equity 2023,31548.699,99.646,12380,19,0,7626,333,3,2.264,0,#N/A N/A,#N/A N/A,#N/A N/A,#N/A N/A,#N/A N/A,#N/A N/A,#N/A N/A,4397,#N/A N/A,#N/A N/A,#N/A N/A,#N/A N/A,KOREA SOUTH-EAST POWER CO LT,59.5231,#N/A N/A,5168286.135,648075.3366,14159295.98
KOSEPCO KS Equity 2024,#N/A N/A,#N/A N/A,#N/A N/A,#N/A N/A,#N/A N/A,#N/A N/A,#N/A N/A,#N/A N/A,#N/A N/A,#N/A N/A,#N/A N/A,#N/A N/A,#N/A N/A,#N/A N/A,#N/A N/A,#N/A N/A,#N/A N/A,#N/A N/A,#N/A N/A,#N/A N/A,#N/A N/A,#N/A N/A,KOREA SOUTH-EAST POWER CO LT,59.5231,#N/A N/A,5168825.944,335256.3297,14237429.56
KOMIPO KS Equity 2018,#N/A N/A,#N/A N/A,#N/A N/A,#N/A N/A,#N/A N/A,#N/A N/A,#N/A N/A,#N/A N/A,#N/A N/A,#N/A N/A,#N/A N/A,#N/A N/A,#N/A N/A,#N/A N/A,#N/A N/A,#N/A N/A,#N/A N/A,#N/A N/A,#N/A N/A,#N/A N/A,#N/A N/A,#N/A N/A,KOREA MIDLAND POWER CO LTD,28.5813,#N/A N/A,6335914.974,70660,11260275.83
KOMIPO KS Equity 2019,#N/A N/A,#N/A N/A,#N/A N/A,#N/A N/A,#N/A N/A,#N/A N/A,#N/A N/A,#N/A N/A,#N/A N/A,#N/A N/A,#N/A N/A,#N/A N/A,#N/A N/A,#N/A N/A,#N/A N/A,#N/A N/A,#N/A N/A,#N/A N/A,#N/A N/A,#N/A N/A,#N/A N/A,#N/A N/A,KOREA MIDLAND POWER CO LTD,28.5813,#N/A N/A,8190503.951,117354.7641,13092591.07
KOMIPO KS Equity 2020,#N/A N/A,#N/A N/A,#N/A N/A,#N/A N/A,#N/A N/A,#N/A N/A,#N/A N/A,#N/A N/A,#N/A N/A,#N/A N/A,#N/A N/A,#N/A N/A,#N/A N/A,#N/A N/A,#N/A N/A,#N/A N/A,#N/A N/A,#N/A N/A,#N/A N/A,#N/A N/A,#N/A N/A,#N/A N/A,KOREA MIDLAND POWER CO LTD,28.5813,#N/A N/A,8654513.375,241858.6848,13425627.9
KOMIPO KS Equity 2021,#N/A N/A,#N/A N/A,#N/A N/A,#N/A N/A,#N/A N/A,#N/A N/A,#N/A N/A,#N/A N/A,#N/A N/A,#N/A N/A,#N/A N/A,#N/A N/A,#N/A N/A,#N/A N/A,#N/A N/A,#N/A N/A,#N/A N/A,#N/A N/A,#N/A N/A,#N/A N/A,#N/A N/A,#N/A N/A,KOREA MIDLAND POWER CO LTD,28.5813,#N/A N/A,9151367.152,288102.7693,14438891.01
KOMIPO KS Equity 2022,#N/A N/A,#N/A N/A,#N/A N/A,#N/A N/A,#N/A N/A,#N/A N/A,#N/A N/A,#N/A N/A,#N/A N/A,#N/A N/A,#N/A N/A,#N/A N/A,#N/A N/A,#N/A N/A,#N/A N/A,#N/A N/A,#N/A N/A,#N/A N/A,#N/A N/A,#N/A N/A,#N/A N/A,#N/A N/A,KOREA MIDLAND POWER CO LTD,28.5813,#N/A N/A,9383435,435533.5223,17128434.18
KOMIPO KS Equity 2023,#N/A N/A,#N/A N/A,#N/A N/A,#N/A N/A,#N/A N/A,#N/A N/A,#N/A N/A,#N/A N/A,#N/A N/A,#N/A N/A,#N/A N/A,#N/A N/A,#N/A N/A,#N/A N/A,#N/A N/A,#N/A N/A,#N/A N/A,#N/A N/A,#N/A N/A,#N/A N/A,#N/A N/A,#N/A N/A,KOREA MIDLAND POWER CO LTD,28.5813,#N/A N/A,9043243.398,617417.2039,16394183.44
KOMIPO KS Equity 2024,#N/A N/A,#N/A N/A,#N/A N/A,#N/A N/A,#N/A N/A,#N/A N/A,#N/A N/A,#N/A N/A,#N/A N/A,#N/A N/A,#N/A N/A,#N/A N/A,#N/A N/A,#N/A N/A,#N/A N/A,#N/A N/A,#N/A N/A,#N/A N/A,#N/A N/A,#N/A N/A,#N/A N/A,#N/A N/A,KOREA MIDLAND POWER CO LTD,28.5813,#N/A N/A,8186225.104,328424.5505,16059710.35
KEWSPO KS Equity 2018,#N/A N/A,#N/A N/A,#N/A N/A,#N/A N/A,#N/A N/A,#N/A N/A,#N/A N/A,#N/A N/A,#N/A N/A,#N/A N/A,#N/A N/A,#N/A N/A,#N/A N/A,#N/A N/A,#N/A N/A,#N/A N/A,#N/A N/A,#N/A N/A,#N/A N/A,#N/A N/A,#N/A N/A,#N/A N/A,KOREA EAST-WEST POWER CO LTD,57.9322,#N/A N/A,3272867.617,33963.4033,8812076.955
KEWSPO KS Equity 2019,#N/A N/A,#N/A N/A,#N/A N/A,#N/A N/A,#N/A N/A,#N/A N/A,#N/A N/A,#N/A N/A,#N/A N/A,#N/A N/A,#N/A N/A,#N/A N/A,#N/A N/A,#N/A N/A,#N/A N/A,#N/A N/A,#N/A N/A,#N/A N/A,#N/A N/A,#N/A N/A,#N/A N/A,#N/A N/A,KOREA EAST-WEST POWER CO LTD,57.9322,#N/A N/A,3977533.694,302904.4761,9882703.369
KEWSPO KS Equity 2020,#N/A N/A,#N/A N/A,#N/A N/A,#N/A N/A,#N/A N/A,#N/A N/A,#N/A N/A,#N/A N/A,#N/A N/A,#N/A N/A,#N/A N/A,#N/A N/A,#N/A N/A,#N/A N/A,#N/A N/A,#N/A N/A,#N/A N/A,#N/A N/A,#N/A N/A,#N/A N/A,#N/A N/A,#N/A N/A,KOREA EAST-WEST POWER CO LTD,57.9322,#N/A N/A,3877413.239,330822.8604,9772483.253
KEWSPO KS Equity 2021,#N/A N/A,#N/A N/A,#N/A N/A,#N/A N/A,#N/A N/A,#N/A N/A,#N/A N/A,#N/A N/A,#N/A N/A,#N/A N/A,#N/A N/A,#N/A N/A,#N/A N/A,#N/A N/A,#N/A N/A,#N/A N/A,#N/A N/A,#N/A N/A,#N/A N/A,#N/A N/A,#N/A N/A,#N/A N/A,KOREA EAST-WEST POWER CO LTD,57.9322,#N/A N/A,4139601.307,524191.5254,10114221.92
KEWSPO KS Equity 2022,#N/A N/A,#N/A N/A,#N/A N/A,#N/A N/A,#N/A N/A,#N/A N/A,#N/A N/A,#N/A N/A,#N/A N/A,#N/A N/A,#N/A N/A,#N/A N/A,#N/A N/A,#N/A N/A,#N/A N/A,#N/A N/A,#N/A N/A,#N/A N/A,#N/A N/A,#N/A N/A,#N/A N/A,#N/A N/A,KOREA EAST-WEST POWER CO LTD,57.9322,#N/A N/A,4293043.096,159398.22,12448304.37
KEWSPO KS Equity 2023,#N/A N/A,#N/A N/A,#N/A N/A,#N/A N/A,#N/A N/A,#N/A N/A,#N/A N/A,#N/A N/A,#N/A N/A,#N/A N/A,#N/A N/A,#N/A N/A,#N/A N/A,#N/A N/A,#N/A N/A,#N/A N/A,#N/A N/A,#N/A N/A,#N/A N/A,#N/A N/A,#N/A N/A,#N/A N/A,KOREA EAST-WEST POWER CO LTD,57.9322,#N/A N/A,4141611.172,2717888.424,12139139.42
KEWSPO KS Equity 2024,#N/A N/A,#N/A N/A,#N/A N/A,#N/A N/A,#N/A N/A,#N/A N/A,#N/A N/A,#N/A N/A,#N/A N/A,#N/A N/A,#N/A N/A,#N/A N/A,#N/A N/A,#N/A N/A,#N/A N/A,#N/A N/A,#N/A N/A,#N/A N/A,#N/A N/A,#N/A N/A,#N/A N/A,#N/A N/A,KOREA EAST-WEST POWER CO LTD,57.9322,#N/A N/A,4307942.063,231444.8562,12894232.7
KZHR KZ Equity 2018,#N/A N/A,#N/A N/A,#N/A N/A,#N/A N/A,#N/A N/A,#N/A N/A,#N/A N/A,#N/A N/A,#N/A N/A,#N/A N/A,#N/A N/A,#N/A N/A,#N/A N/A,#N/A N/A,#N/A N/A,#N/A N/A,#N/A N/A,#N/A N/A,#N/A N/A,#N/A N/A,#N/A N/A,#N/A N/A,KARAZHYRA LTD TOO,#N/A N/A,#N/A N/A,#N/A N/A,#N/A N/A,#N/A N/A
KZHR KZ Equity 2019,#N/A N/A,#N/A N/A,#N/A N/A,#N/A N/A,#N/A N/A,#N/A N/A,#N/A N/A,#N/A N/A,#N/A N/A,#N/A N/A,#N/A N/A,#N/A N/A,#N/A N/A,#N/A N/A,#N/A N/A,#N/A N/A,#N/A N/A,#N/A N/A,#N/A N/A,#N/A N/A,#N/A N/A,#N/A N/A,KARAZHYRA LTD TOO,#N/A N/A,#N/A N/A,#N/A N/A,#N/A N/A,#N/A N/A
KZHR KZ Equity 2020,#N/A N/A,#N/A N/A,#N/A N/A,#N/A N/A,#N/A N/A,#N/A N/A,#N/A N/A,#N/A N/A,#N/A N/A,#N/A N/A,#N/A N/A,#N/A N/A,#N/A N/A,#N/A N/A,#N/A N/A,#N/A N/A,#N/A N/A,#N/A N/A,#N/A N/A,#N/A N/A,#N/A N/A,#N/A N/A,KARAZHYRA LTD TOO,#N/A N/A,#N/A N/A,#N/A N/A,#N/A N/A,#N/A N/A
KZHR KZ Equity 2021,#N/A N/A,#N/A N/A,#N/A N/A,#N/A N/A,#N/A N/A,#N/A N/A,#N/A N/A,#N/A N/A,#N/A N/A,#N/A N/A,#N/A N/A,#N/A N/A,#N/A N/A,#N/A N/A,#N/A N/A,#N/A N/A,#N/A N/A,#N/A N/A,#N/A N/A,#N/A N/A,#N/A N/A,#N/A N/A,KARAZHYRA LTD TOO,#N/A N/A,#N/A N/A,#N/A N/A,#N/A N/A,#N/A N/A
KZHR KZ Equity 2022,#N/A N/A,#N/A N/A,#N/A N/A,#N/A N/A,#N/A N/A,#N/A N/A,#N/A N/A,#N/A N/A,#N/A N/A,#N/A N/A,#N/A N/A,#N/A N/A,#N/A N/A,#N/A N/A,#N/A N/A,#N/A N/A,#N/A N/A,#N/A N/A,#N/A N/A,#N/A N/A,#N/A N/A,#N/A N/A,KARAZHYRA LTD TOO,#N/A N/A,#N/A N/A,#N/A N/A,#N/A N/A,#N/A N/A
KZHR KZ Equity 2023,#N/A N/A,#N/A N/A,#N/A N/A,#N/A N/A,#N/A N/A,#N/A N/A,#N/A N/A,#N/A N/A,#N/A N/A,#N/A N/A,#N/A N/A,#N/A N/A,#N/A N/A,#N/A N/A,#N/A N/A,#N/A N/A,#N/A N/A,#N/A N/A,#N/A N/A,#N/A N/A,#N/A N/A,#N/A N/A,KARAZHYRA LTD TOO,#N/A N/A,#N/A N/A,#N/A N/A,#N/A N/A,#N/A N/A
KZHR KZ Equity 2024,#N/A N/A,#N/A N/A,#N/A N/A,#N/A N/A,#N/A N/A,#N/A N/A,#N/A N/A,#N/A N/A,#N/A N/A,#N/A N/A,#N/A N/A,#N/A N/A,#N/A N/A,#N/A N/A,#N/A N/A,#N/A N/A,#N/A N/A,#N/A N/A,#N/A N/A,#N/A N/A,#N/A N/A,#N/A N/A,KARAZHYRA LTD TOO,#N/A N/A,#N/A N/A,#N/A N/A,#N/A N/A,#N/A N/A
KLGLGZ CH Equity 2018,#N/A N/A,#N/A N/A,#N/A N/A,#N/A N/A,#N/A N/A,#N/A N/A,#N/A N/A,#N/A N/A,#N/A N/A,#N/A N/A,#N/A N/A,#N/A N/A,#N/A N/A,#N/A N/A,#N/A N/A,#N/A N/A,#N/A N/A,#N/A N/A,#N/A N/A,#N/A N/A,#N/A N/A,#N/A N/A,KAILUAN GROUP LTD LIABILITY,#N/A N/A,#N/A N/A,33297.8066,6297.8879,80719.3803
KLGLGZ CH Equity 2019,#N/A N/A,#N/A N/A,#N/A N/A,#N/A N/A,#N/A N/A,#N/A N/A,#N/A N/A,#N/A N/A,#N/A N/A,#N/A N/A,#N/A N/A,#N/A N/A,#N/A N/A,#N/A N/A,#N/A N/A,#N/A N/A,#N/A N/A,#N/A N/A,#N/A N/A,#N/A N/A,#N/A N/A,#N/A N/A,KAILUAN GROUP LTD LIABILITY,#N/A N/A,#N/A N/A,45519.653,8823.5715,85540.9418
KLGLGZ CH Equity 2020,#N/A N/A,#N/A N/A,#N/A N/A,#N/A N/A,#N/A N/A,#N/A N/A,#N/A N/A,#N/A N/A,#N/A N/A,#N/A N/A,#N/A N/A,#N/A N/A,#N/A N/A,#N/A N/A,#N/A N/A,#N/A N/A,#N/A N/A,#N/A N/A,#N/A N/A,#N/A N/A,#N/A N/A,#N/A N/A,KAILUAN GROUP LTD LIABILITY,#N/A N/A,#N/A N/A,46168.7483,5317.025,89537.1801
KLGLGZ CH Equity 2021,#N/A N/A,#N/A N/A,#N/A N/A,#N/A N/A,#N/A N/A,#N/A N/A,#N/A N/A,#N/A N/A,#N/A N/A,#N/A N/A,#N/A N/A,#N/A N/A,#N/A N/A,#N/A N/A,#N/A N/A,#N/A N/A,#N/A N/A,#N/A N/A,#N/A N/A,#N/A N/A,#N/A N/A,#N/A N/A,KAILUAN GROUP LTD LIABILITY,#N/A N/A,#N/A N/A,46900.5175,6273.7746,90109.0813
KLGLGZ CH Equity 2022,#N/A N/A,#N/A N/A,#N/A N/A,#N/A N/A,#N/A N/A,#N/A N/A,#N/A N/A,#N/A N/A,#N/A N/A,#N/A N/A,#N/A N/A,#N/A N/A,#N/A N/A,#N/A N/A,#N/A N/A,#N/A N/A,#N/A N/A,#N/A N/A,#N/A N/A,#N/A N/A,#N/A N/A,#N/A N/A,KAILUAN GROUP LTD LIABILITY,#N/A N/A,#N/A N/A,43887.1282,8139.5132,92725.6594
KLGLGZ CH Equity 2023,#N/A N/A,#N/A N/A,#N/A N/A,#N/A N/A,#N/A N/A,#N/A N/A,#N/A N/A,#N/A N/A,#N/A N/A,#N/A N/A,#N/A N/A,#N/A N/A,#N/A N/A,#N/A N/A,#N/A N/A,#N/A N/A,#N/A N/A,#N/A N/A,#N/A N/A,#N/A N/A,#N/A N/A,#N/A N/A,KAILUAN GROUP LTD LIABILITY,#N/A N/A,#N/A N/A,42977.8585,8812.8156,94591.0463
KLGLGZ CH Equity 2024,#N/A N/A,#N/A N/A,#N/A N/A,#N/A N/A,#N/A N/A,#N/A N/A,#N/A N/A,#N/A N/A,#N/A N/A,#N/A N/A,#N/A N/A,#N/A N/A,#N/A N/A,#N/A N/A,#N/A N/A,#N/A N/A,#N/A N/A,#N/A N/A,#N/A N/A,#N/A N/A,#N/A N/A,#N/A N/A,KAILUAN GROUP LTD LIABILITY,#N/A N/A,#N/A N/A,#N/A N/A,#N/A N/A,#N/A N/A
KACL IN Equity 2018,#N/A N/A,#N/A N/A,#N/A N/A,#N/A N/A,#N/A N/A,#N/A N/A,#N/A N/A,#N/A N/A,#N/A N/A,#N/A N/A,#N/A N/A,#N/A N/A,#N/A N/A,#N/A N/A,#N/A N/A,#N/A N/A,#N/A N/A,#N/A N/A,#N/A N/A,0.0552,164.317,40.4838,KABRA COMMERCIAL LTD,2.94,13.77,106.8462,147.2748,230.1804
KACL IN Equity 2019,#N/A N/A,#N/A N/A,#N/A N/A,#N/A N/A,#N/A N/A,#N/A N/A,#N/A N/A,#N/A N/A,#N/A N/A,#N/A N/A,#N/A N/A,#N/A N/A,#N/A N/A,#N/A N/A,#N/A N/A,#N/A N/A,#N/A N/A,#N/A N/A,#N/A N/A,11.231,#N/A N/A,42.483,KABRA COMMERCIAL LTD,2.94,14.45,180.0419,211.2939,310.9216
KACL IN Equity 2020,#N/A N/A,#N/A N/A,#N/A N/A,#N/A N/A,#N/A N/A,#N/A N/A,#N/A N/A,#N/A N/A,#N/A N/A,#N/A N/A,#N/A N/A,#N/A N/A,#N/A N/A,#N/A N/A,#N/A N/A,#N/A N/A,#N/A N/A,#N/A N/A,#N/A N/A,7.9222,#N/A N/A,53.655,KABRA COMMERCIAL LTD,2.94,18.25,85.4993,131.2322,234.9322
KACL IN Equity 2021,#N/A N/A,#N/A N/A,#N/A N/A,#N/A N/A,#N/A N/A,#N/A N/A,#N/A N/A,#N/A N/A,#N/A N/A,#N/A N/A,#N/A N/A,#N/A N/A,#N/A N/A,#N/A N/A,#N/A N/A,#N/A N/A,#N/A N/A,#N/A N/A,#N/A N/A,102.8415,87.951,56.742,KABRA COMMERCIAL LTD,2.94,19.3,89.2557,43.1563,234.3302
KACL IN Equity 2022,#N/A N/A,#N/A N/A,#N/A N/A,#N/A N/A,#N/A N/A,#N/A N/A,#N/A N/A,#N/A N/A,#N/A N/A,#N/A N/A,#N/A N/A,#N/A N/A,#N/A N/A,#N/A N/A,#N/A N/A,#N/A N/A,#N/A N/A,#N/A N/A,#N/A N/A,80.7947,137.046,68.796,KABRA COMMERCIAL LTD,2.94,23.4,101.0198,89.0211,245.4321
KACL IN Equity 2023,#N/A N/A,#N/A N/A,#N/A N/A,#N/A N/A,#N/A N/A,#N/A N/A,#N/A N/A,#N/A N/A,#N/A N/A,#N/A N/A,#N/A N/A,#N/A N/A,#N/A N/A,#N/A N/A,#N/A N/A,#N/A N/A,#N/A N/A,#N/A N/A,#N/A N/A,109.7729,116.655,72.177,KABRA COMMERCIAL LTD,2.94,24.55,109.7262,72.1303,287.0745
KACL IN Equity 2024,#N/A N/A,#N/A N/A,#N/A N/A,#N/A N/A,#N/A N/A,#N/A N/A,#N/A N/A,#N/A N/A,#N/A N/A,#N/A N/A,#N/A N/A,#N/A N/A,#N/A N/A,#N/A N/A,#N/A N/A,#N/A N/A,#N/A N/A,#N/A N/A,#N/A N/A,126.7197,195.773,75.7638,KABRA COMMERCIAL LTD,2.94,25.77,123.4336,72.4777,369.9087
KLAIJZ CH Equity 2018,#N/A N/A,#N/A N/A,#N/A N/A,#N/A N/A,#N/A N/A,#N/A N/A,#N/A N/A,#N/A N/A,#N/A N/A,#N/A N/A,#N/A N/A,#N/A N/A,#N/A N/A,#N/A N/A,#N/A N/A,#N/A N/A,#N/A N/A,#N/A N/A,#N/A N/A,#N/A N/A,#N/A N/A,#N/A N/A,GUONENG SHANXI HEQU POWER GE,#N/A N/A,#N/A N/A,#N/A N/A,#N/A N/A,#N/A N/A
KLAIJZ CH Equity 2019,#N/A N/A,#N/A N/A,#N/A N/A,#N/A N/A,#N/A N/A,#N/A N/A,#N/A N/A,#N/A N/A,#N/A N/A,#N/A N/A,#N/A N/A,#N/A N/A,#N/A N/A,#N/A N/A,#N/A N/A,#N/A N/A,#N/A N/A,#N/A N/A,#N/A N/A,#N/A N/A,#N/A N/A,#N/A N/A,GUONENG SHANXI HEQU POWER GE,#N/A N/A,#N/A N/A,#N/A N/A,#N/A N/A,#N/A N/A
KLAIJZ CH Equity 2020,#N/A N/A,#N/A N/A,#N/A N/A,#N/A N/A,#N/A N/A,#N/A N/A,#N/A N/A,#N/A N/A,#N/A N/A,#N/A N/A,#N/A N/A,#N/A N/A,#N/A N/A,#N/A N/A,#N/A N/A,#N/A N/A,#N/A N/A,#N/A N/A,#N/A N/A,#N/A N/A,#N/A N/A,#N/A N/A,GUONENG SHANXI HEQU POWER GE,#N/A N/A,#N/A N/A,#N/A N/A,#N/A N/A,#N/A N/A
KLAIJZ CH Equity 2021,#N/A N/A,#N/A N/A,#N/A N/A,#N/A N/A,#N/A N/A,#N/A N/A,#N/A N/A,#N/A N/A,#N/A N/A,#N/A N/A,#N/A N/A,#N/A N/A,#N/A N/A,#N/A N/A,#N/A N/A,#N/A N/A,#N/A N/A,#N/A N/A,#N/A N/A,#N/A N/A,#N/A N/A,#N/A N/A,GUONENG SHANXI HEQU POWER GE,#N/A N/A,#N/A N/A,#N/A N/A,#N/A N/A,#N/A N/A
KLAIJZ CH Equity 2022,#N/A N/A,#N/A N/A,#N/A N/A,#N/A N/A,#N/A N/A,#N/A N/A,#N/A N/A,#N/A N/A,#N/A N/A,#N/A N/A,#N/A N/A,#N/A N/A,#N/A N/A,#N/A N/A,#N/A N/A,#N/A N/A,#N/A N/A,#N/A N/A,#N/A N/A,#N/A N/A,#N/A N/A,#N/A N/A,GUONENG SHANXI HEQU POWER GE,#N/A N/A,#N/A N/A,#N/A N/A,#N/A N/A,#N/A N/A
KLAIJZ CH Equity 2023,#N/A N/A,#N/A N/A,#N/A N/A,#N/A N/A,#N/A N/A,#N/A N/A,#N/A N/A,#N/A N/A,#N/A N/A,#N/A N/A,#N/A N/A,#N/A N/A,#N/A N/A,#N/A N/A,#N/A N/A,#N/A N/A,#N/A N/A,#N/A N/A,#N/A N/A,#N/A N/A,#N/A N/A,#N/A N/A,GUONENG SHANXI HEQU POWER GE,#N/A N/A,#N/A N/A,#N/A N/A,#N/A N/A,#N/A N/A
KLAIJZ CH Equity 2024,#N/A N/A,#N/A N/A,#N/A N/A,#N/A N/A,#N/A N/A,#N/A N/A,#N/A N/A,#N/A N/A,#N/A N/A,#N/A N/A,#N/A N/A,#N/A N/A,#N/A N/A,#N/A N/A,#N/A N/A,#N/A N/A,#N/A N/A,#N/A N/A,#N/A N/A,#N/A N/A,#N/A N/A,#N/A N/A,GUONENG SHANXI HEQU POWER GE,#N/A N/A,#N/A N/A,#N/A N/A,#N/A N/A,#N/A N/A
KGE US Equity 2018,#N/A N/A,#N/A N/A,#N/A N/A,#N/A N/A,#N/A N/A,#N/A N/A,#N/A N/A,#N/A N/A,#N/A N/A,#N/A N/A,#N/A N/A,#N/A N/A,#N/A N/A,#N/A N/A,#N/A N/A,#N/A N/A,#N/A N/A,#N/A N/A,#N/A N/A,#N/A N/A,#N/A N/A,#N/A N/A,EVERGY KANSAS SOUTH INC,#N/A N/A,#N/A N/A,1048.029,#N/A N/A,5488.783
KGE US Equity 2019,#N/A N/A,#N/A N/A,#N/A N/A,#N/A N/A,#N/A N/A,#N/A N/A,#N/A N/A,#N/A N/A,#N/A N/A,#N/A N/A,#N/A N/A,#N/A N/A,#N/A N/A,#N/A N/A,#N/A N/A,#N/A N/A,#N/A N/A,#N/A N/A,#N/A N/A,#N/A N/A,#N/A N/A,#N/A N/A,EVERGY KANSAS SOUTH INC,#N/A N/A,#N/A N/A,717.769,#N/A N/A,5492.453
KGE US Equity 2020,#N/A N/A,#N/A N/A,#N/A N/A,#N/A N/A,#N/A N/A,#N/A N/A,#N/A N/A,#N/A N/A,#N/A N/A,#N/A N/A,#N/A N/A,#N/A N/A,#N/A N/A,#N/A N/A,#N/A N/A,#N/A N/A,#N/A N/A,#N/A N/A,#N/A N/A,#N/A N/A,#N/A N/A,#N/A N/A,EVERGY KANSAS SOUTH INC,#N/A N/A,#N/A N/A,685.8,3.3,5770.3
KGE US Equity 2021,#N/A N/A,#N/A N/A,#N/A N/A,#N/A N/A,#N/A N/A,#N/A N/A,#N/A N/A,#N/A N/A,#N/A N/A,#N/A N/A,#N/A N/A,#N/A N/A,#N/A N/A,#N/A N/A,#N/A N/A,#N/A N/A,#N/A N/A,#N/A N/A,#N/A N/A,#N/A N/A,#N/A N/A,#N/A N/A,EVERGY KANSAS SOUTH INC,#N/A N/A,#N/A N/A,667.3,0.9,6064.2
KGE US Equity 2022,#N/A N/A,#N/A N/A,#N/A N/A,#N/A N/A,#N/A N/A,#N/A N/A,#N/A N/A,#N/A N/A,#N/A N/A,#N/A N/A,#N/A N/A,#N/A N/A,#N/A N/A,#N/A N/A,#N/A N/A,#N/A N/A,#N/A N/A,#N/A N/A,#N/A N/A,#N/A N/A,#N/A N/A,#N/A N/A,EVERGY KANSAS SOUTH INC,#N/A N/A,#N/A N/A,667.6,5.8,6215.4
KGE US Equity 2023,#N/A N/A,#N/A N/A,#N/A N/A,#N/A N/A,#N/A N/A,#N/A N/A,#N/A N/A,#N/A N/A,#N/A N/A,#N/A N/A,#N/A N/A,#N/A N/A,#N/A N/A,#N/A N/A,#N/A N/A,#N/A N/A,#N/A N/A,#N/A N/A,#N/A N/A,#N/A N/A,#N/A N/A,#N/A N/A,EVERGY KANSAS SOUTH INC,#N/A N/A,#N/A N/A,617.8,1.4,6511.1
KGE US Equity 2024,#N/A N/A,#N/A N/A,#N/A N/A,#N/A N/A,#N/A N/A,#N/A N/A,#N/A N/A,#N/A N/A,#N/A N/A,#N/A N/A,#N/A N/A,#N/A N/A,#N/A N/A,#N/A N/A,#N/A N/A,#N/A N/A,#N/A N/A,#N/A N/A,#N/A N/A,#N/A N/A,#N/A N/A,#N/A N/A,EVERGY KANSAS SOUTH INC,#N/A N/A,#N/A N/A,#N/A N/A,#N/A N/A,#N/A N/A
KWNAF US Equity 2018,#N/A N/A,#N/A N/A,#N/A N/A,#N/A N/A,#N/A N/A,#N/A N/A,#N/A N/A,#N/A N/A,#N/A N/A,#N/A N/A,#N/A N/A,#N/A N/A,#N/A N/A,#N/A N/A,#N/A N/A,#N/A N/A,#N/A N/A,#N/A N/A,#N/A N/A,4427.3003,#N/A N/A,#N/A N/A,KWONG HING INTL HLDGS/BM,#N/A N/A,#N/A N/A,638.273,457.125,8088.678
KWNAF US Equity 2019,#N/A N/A,#N/A N/A,#N/A N/A,#N/A N/A,#N/A N/A,#N/A N/A,#N/A N/A,#N/A N/A,#N/A N/A,#N/A N/A,#N/A N/A,#N/A N/A,#N/A N/A,#N/A N/A,#N/A N/A,#N/A N/A,#N/A N/A,#N/A N/A,#N/A N/A,6774.1612,#N/A N/A,#N/A N/A,KWONG HING INTL HLDGS/BM,#N/A N/A,#N/A N/A,2929.425,642.364,12473.101
KWNAF US Equity 2020,#N/A N/A,#N/A N/A,#N/A N/A,#N/A N/A,#N/A N/A,#N/A N/A,#N/A N/A,#N/A N/A,#N/A N/A,#N/A N/A,#N/A N/A,#N/A N/A,#N/A N/A,#N/A N/A,#N/A N/A,#N/A N/A,#N/A N/A,#N/A N/A,#N/A N/A,#N/A N/A,#N/A N/A,#N/A N/A,KWONG HING INTL HLDGS/BM,#N/A N/A,#N/A N/A,#N/A N/A,#N/A N/A,#N/A N/A
KWNAF US Equity 2021,#N/A N/A,#N/A N/A,#N/A N/A,#N/A N/A,#N/A N/A,#N/A N/A,#N/A N/A,#N/A N/A,#N/A N/A,#N/A N/A,#N/A N/A,#N/A N/A,#N/A N/A,#N/A N/A,#N/A N/A,#N/A N/A,#N/A N/A,#N/A N/A,#N/A N/A,#N/A N/A,#N/A N/A,#N/A N/A,KWONG HING INTL HLDGS/BM,#N/A N/A,#N/A N/A,#N/A N/A,#N/A N/A,#N/A N/A
KWNAF US Equity 2022,#N/A N/A,#N/A N/A,#N/A N/A,#N/A N/A,#N/A N/A,#N/A N/A,#N/A N/A,#N/A N/A,#N/A N/A,#N/A N/A,#N/A N/A,#N/A N/A,#N/A N/A,#N/A N/A,#N/A N/A,#N/A N/A,#N/A N/A,#N/A N/A,#N/A N/A,#N/A N/A,#N/A N/A,#N/A N/A,KWONG HING INTL HLDGS/BM,#N/A N/A,#N/A N/A,#N/A N/A,#N/A N/A,#N/A N/A
KWNAF US Equity 2023,#N/A N/A,#N/A N/A,#N/A N/A,#N/A N/A,#N/A N/A,#N/A N/A,#N/A N/A,#N/A N/A,#N/A N/A,#N/A N/A,#N/A N/A,#N/A N/A,#N/A N/A,#N/A N/A,#N/A N/A,#N/A N/A,#N/A N/A,#N/A N/A,#N/A N/A,#N/A N/A,#N/A N/A,#N/A N/A,KWONG HING INTL HLDGS/BM,#N/A N/A,#N/A N/A,#N/A N/A,#N/A N/A,#N/A N/A
KWNAF US Equity 2024,#N/A N/A,#N/A N/A,#N/A N/A,#N/A N/A,#N/A N/A,#N/A N/A,#N/A N/A,#N/A N/A,#N/A N/A,#N/A N/A,#N/A N/A,#N/A N/A,#N/A N/A,#N/A N/A,#N/A N/A,#N/A N/A,#N/A N/A,#N/A N/A,#N/A N/A,#N/A N/A,#N/A N/A,#N/A N/A,KWONG HING INTL HLDGS/BM,#N/A N/A,#N/A N/A,#N/A N/A,#N/A N/A,#N/A N/A
KZTG KZ Equity 2018,#N/A N/A,#N/A N/A,#N/A N/A,#N/A N/A,#N/A N/A,#N/A N/A,#N/A N/A,#N/A N/A,#N/A N/A,#N/A N/A,#N/A N/A,#N/A N/A,#N/A N/A,#N/A N/A,#N/A N/A,#N/A N/A,#N/A N/A,#N/A N/A,#N/A N/A,#N/A N/A,#N/A N/A,#N/A N/A,QAZAQGAZ NC JSC,19.2621,#N/A N/A,527227.255,151155.747,1741510.695
KZTG KZ Equity 2019,#N/A N/A,#N/A N/A,#N/A N/A,#N/A N/A,#N/A N/A,#N/A N/A,#N/A N/A,#N/A N/A,#N/A N/A,#N/A N/A,#N/A N/A,#N/A N/A,#N/A N/A,#N/A N/A,#N/A N/A,#N/A N/A,#N/A N/A,#N/A N/A,#N/A N/A,#N/A N/A,#N/A N/A,#N/A N/A,QAZAQGAZ NC JSC,351.5408,#N/A N/A,492980.141,114229.673,2095017.86
KZTG KZ Equity 2020,#N/A N/A,#N/A N/A,#N/A N/A,#N/A N/A,#N/A N/A,#N/A N/A,#N/A N/A,#N/A N/A,#N/A N/A,#N/A N/A,#N/A N/A,#N/A N/A,#N/A N/A,#N/A N/A,#N/A N/A,#N/A N/A,#N/A N/A,#N/A N/A,#N/A N/A,#N/A N/A,#N/A N/A,#N/A N/A,QAZAQGAZ NC JSC,353.8564,#N/A N/A,488489.406,246328.301,2310082.086
KZTG KZ Equity 2021,#N/A N/A,#N/A N/A,#N/A N/A,#N/A N/A,#N/A N/A,#N/A N/A,#N/A N/A,#N/A N/A,#N/A N/A,#N/A N/A,#N/A N/A,#N/A N/A,#N/A N/A,#N/A N/A,#N/A N/A,#N/A N/A,#N/A N/A,#N/A N/A,#N/A N/A,#N/A N/A,#N/A N/A,#N/A N/A,QAZAQGAZ NC JSC,373.2882,#N/A N/A,502007.372,395717.34,2734202.514
KZTG KZ Equity 2022,#N/A N/A,#N/A N/A,#N/A N/A,#N/A N/A,#N/A N/A,#N/A N/A,#N/A N/A,#N/A N/A,#N/A N/A,#N/A N/A,#N/A N/A,#N/A N/A,#N/A N/A,#N/A N/A,#N/A N/A,#N/A N/A,#N/A N/A,#N/A N/A,#N/A N/A,#N/A N/A,#N/A N/A,#N/A N/A,QAZAQGAZ NC JSC,374.6061,#N/A N/A,606109.642,622081.101,3171495.69
KZTG KZ Equity 2023,#N/A N/A,#N/A N/A,#N/A N/A,#N/A N/A,#N/A N/A,#N/A N/A,#N/A N/A,#N/A N/A,#N/A N/A,#N/A N/A,#N/A N/A,#N/A N/A,#N/A N/A,#N/A N/A,#N/A N/A,#N/A N/A,#N/A N/A,#N/A N/A,#N/A N/A,#N/A N/A,#N/A N/A,#N/A N/A,QAZAQGAZ NC JSC,374.6068,#N/A N/A,461801.313,170498.296,3543009.613
KZTG KZ Equity 2024,#N/A N/A,#N/A N/A,#N/A N/A,#N/A N/A,#N/A N/A,#N/A N/A,#N/A N/A,#N/A N/A,#N/A N/A,#N/A N/A,#N/A N/A,#N/A N/A,#N/A N/A,#N/A N/A,#N/A N/A,#N/A N/A,#N/A N/A,#N/A N/A,#N/A N/A,#N/A N/A,#N/A N/A,#N/A N/A,QAZAQGAZ NC JSC,374.6082,#N/A N/A,581296.284,671493.828,4323354.614
KMGZ KZ Equity 2018,#N/A N/A,#N/A N/A,#N/A N/A,#N/A N/A,#N/A N/A,#N/A N/A,#N/A N/A,#N/A N/A,#N/A N/A,#N/A N/A,#N/A N/A,#N/A N/A,#N/A N/A,#N/A N/A,#N/A N/A,#N/A N/A,#N/A N/A,#N/A N/A,#N/A N/A,#N/A N/A,#N/A N/A,#N/A N/A,KAZMUNAYGAZ NATIONAL CO JSC,601.4863,#N/A N/A,4162444,1925912,14015280
KMGZ KZ Equity 2019,#N/A N/A,#N/A N/A,#N/A N/A,#N/A N/A,#N/A N/A,#N/A N/A,#N/A N/A,#N/A N/A,#N/A N/A,#N/A N/A,#N/A N/A,#N/A N/A,#N/A N/A,#N/A N/A,#N/A N/A,#N/A N/A,#N/A N/A,#N/A N/A,#N/A N/A,#N/A N/A,#N/A N/A,#N/A N/A,KAZMUNAYGAZ NATIONAL CO JSC,610.1195,#N/A N/A,3884422,1423956,14081915
KMGZ KZ Equity 2020,#N/A N/A,#N/A N/A,#N/A N/A,#N/A N/A,#N/A N/A,#N/A N/A,#N/A N/A,#N/A N/A,#N/A N/A,#N/A N/A,#N/A N/A,#N/A N/A,#N/A N/A,#N/A N/A,#N/A N/A,#N/A N/A,#N/A N/A,#N/A N/A,#N/A N/A,#N/A N/A,#N/A N/A,#N/A N/A,KAZMUNAYGAZ NATIONAL CO JSC,610.1195,#N/A N/A,4140918,1428336,14653287
KMGZ KZ Equity 2021,#N/A N/A,#N/A N/A,#N/A N/A,#N/A N/A,#N/A N/A,#N/A N/A,#N/A N/A,#N/A N/A,#N/A N/A,#N/A N/A,#N/A N/A,#N/A N/A,#N/A N/A,#N/A N/A,#N/A N/A,#N/A N/A,#N/A N/A,#N/A N/A,#N/A N/A,#N/A N/A,#N/A N/A,#N/A N/A,KAZMUNAYGAZ NATIONAL CO JSC,610.1195,#N/A N/A,3820748,1706545,15857452
KMGZ KZ Equity 2022,#N/A N/A,#N/A N/A,#N/A N/A,#N/A N/A,#N/A N/A,#N/A N/A,#N/A N/A,#N/A N/A,#N/A N/A,#N/A N/A,#N/A N/A,#N/A N/A,#N/A N/A,#N/A N/A,#N/A N/A,#N/A N/A,#N/A N/A,#N/A N/A,#N/A N/A,7986502.819,#N/A N/A,5753426.819,KAZMUNAYGAZ NATIONAL CO JSC,610.1195,9430,4235940,1941323,16656890
KMGZ KZ Equity 2023,#N/A N/A,#N/A N/A,#N/A N/A,#N/A N/A,#N/A N/A,#N/A N/A,#N/A N/A,#N/A N/A,#N/A N/A,#N/A N/A,#N/A N/A,#N/A N/A,#N/A N/A,#N/A N/A,#N/A N/A,#N/A N/A,#N/A N/A,#N/A N/A,#N/A N/A,8756474.069,#N/A N/A,7041389.069,KAZMUNAYGAZ NATIONAL CO JSC,610.1195,11541,3862374,2047885,16941101
KMGZ KZ Equity 2024,#N/A N/A,#N/A N/A,#N/A N/A,#N/A N/A,#N/A N/A,#N/A N/A,#N/A N/A,#N/A N/A,#N/A N/A,#N/A N/A,#N/A N/A,#N/A N/A,#N/A N/A,#N/A N/A,#N/A N/A,#N/A N/A,#N/A N/A,#N/A N/A,#N/A N/A,10172119.11,#N/A N/A,8920557.107,KAZMUNAYGAZ NATIONAL CO JSC,610.1195,14621,4091617,2730267,18934647
KOS US Equity 2018,109.309,2.34,2.019,#N/A N/A,#N/A N/A,#N/A N/A,#N/A N/A,#N/A N/A,2.019,#N/A N/A,#N/A N/A,#N/A N/A,#N/A N/A,#N/A N/A,#N/A N/A,#N/A N/A,#N/A N/A,#N/A N/A,#N/A N/A,3569.5432,902.369,1622.5112,KOSMOS ENERGY LTD,404.585,4.07,2120.547,173.515,4088.189
KOS US Equity 2019,39.058,1.33,1.075,#N/A N/A,#N/A N/A,#N/A N/A,#N/A N/A,#N/A N/A,1.075,#N/A N/A,#N/A N/A,#N/A N/A,#N/A N/A,#N/A N/A,#N/A N/A,#N/A N/A,#N/A N/A,#N/A N/A,#N/A N/A,4095.5818,1509.909,2288.6418,KOSMOS ENERGY LTD,401.368,5.7,2031.442,224.502,4317.232
KOS US Equity 2020,42.632,0.877,0.216,#N/A N/A,#N/A N/A,#N/A N/A,#N/A N/A,#N/A N/A,0.216,#N/A N/A,#N/A N/A,#N/A N/A,#N/A N/A,#N/A N/A,#N/A N/A,#N/A N/A,#N/A N/A,#N/A N/A,#N/A N/A,2939.3994,896.198,952.8194,KOSMOS ENERGY LTD,405.212,2.35,2135.607,149.027,3867.593
KOS US Equity 2021,26.591,0.958,0.199,#N/A N/A,#N/A N/A,#N/A N/A,#N/A N/A,#N/A N/A,0.199,#N/A N/A,#N/A N/A,#N/A N/A,#N/A N/A,#N/A N/A,#N/A N/A,#N/A N/A,#N/A N/A,#N/A N/A,#N/A N/A,4074.6672,1333.839,1563.5362,KOSMOS ENERGY LTD,416.943,3.46,2642.751,131.62,4940.651
KOS US Equity 2022,27.665,1.087,9282.41,#N/A N/A,#N/A N/A,#N/A N/A,#N/A N/A,#N/A N/A,0.661,#N/A N/A,#N/A N/A,#N/A N/A,#N/A N/A,8361.1602,#N/A N/A,#N/A N/A,#N/A N/A,935.913,#N/A N/A,4962.2062,2299.775,2899.5122,KOSMOS ENERGY LTD,455.346,6.36,2246.099,183.405,4579.988
KOS US Equity 2023,23.913,1.018,9362.47,#N/A N/A,#N/A N/A,#N/A N/A,#N/A N/A,#N/A N/A,0.391,#N/A N/A,#N/A N/A,#N/A N/A,#N/A N/A,8425.4199,#N/A N/A,#N/A N/A,#N/A N/A,936.663,#N/A N/A,5401.1074,1701.608,3087.4704,KOSMOS ENERGY LTD,459.641,6.71,2408.982,95.345,4938.134
KOS US Equity 2024,14.031,0.972,8878.07,#N/A N/A,#N/A N/A,#N/A N/A,#N/A N/A,#N/A N/A,#N/A N/A,#N/A N/A,#N/A N/A,#N/A N/A,#N/A N/A,8878.0703,#N/A N/A,#N/A N/A,#N/A N/A,#N/A N/A,#N/A N/A,4289.1835,1675.562,1613.8825,KOSMOS ENERGY LTD,470.844,3.42,2760.273,84.972,5308.988
KNOCPZ KS Equity 2018,#N/A N/A,#N/A N/A,#N/A N/A,#N/A N/A,#N/A N/A,#N/A N/A,#N/A N/A,#N/A N/A,#N/A N/A,#N/A N/A,#N/A N/A,#N/A N/A,#N/A N/A,#N/A N/A,#N/A N/A,#N/A N/A,#N/A N/A,#N/A N/A,#N/A N/A,#N/A N/A,#N/A N/A,#N/A N/A,KOREA NATIONAL OIL CORP,#N/A N/A,#N/A N/A,13783172.68,778120.1489,18239001.05
KNOCPZ KS Equity 2019,#N/A N/A,#N/A N/A,#N/A N/A,#N/A N/A,#N/A N/A,#N/A N/A,#N/A N/A,#N/A N/A,#N/A N/A,#N/A N/A,#N/A N/A,#N/A N/A,#N/A N/A,#N/A N/A,#N/A N/A,#N/A N/A,#N/A N/A,#N/A N/A,#N/A N/A,#N/A N/A,#N/A N/A,#N/A N/A,KOREA NATIONAL OIL CORP,#N/A N/A,#N/A N/A,14257161.71,1000925.42,18661802.83
KNOCPZ KS Equity 2020,#N/A N/A,#N/A N/A,#N/A N/A,#N/A N/A,#N/A N/A,#N/A N/A,#N/A N/A,#N/A N/A,#N/A N/A,#N/A N/A,#N/A N/A,#N/A N/A,#N/A N/A,#N/A N/A,#N/A N/A,#N/A N/A,#N/A N/A,#N/A N/A,#N/A N/A,#N/A N/A,#N/A N/A,#N/A N/A,KOREA NATIONAL OIL CORP,#N/A N/A,#N/A N/A,14668472.65,1336637.242,17504036.08
KNOCPZ KS Equity 2021,#N/A N/A,#N/A N/A,#N/A N/A,#N/A N/A,#N/A N/A,#N/A N/A,#N/A N/A,#N/A N/A,#N/A N/A,#N/A N/A,#N/A N/A,#N/A N/A,#N/A N/A,#N/A N/A,#N/A N/A,#N/A N/A,#N/A N/A,#N/A N/A,#N/A N/A,#N/A N/A,#N/A N/A,#N/A N/A,KOREA NATIONAL OIL CORP,#N/A N/A,#N/A N/A,15194145.06,1025164.534,18410740.92
KNOCPZ KS Equity 2022,#N/A N/A,#N/A N/A,#N/A N/A,#N/A N/A,#N/A N/A,#N/A N/A,#N/A N/A,#N/A N/A,#N/A N/A,#N/A N/A,#N/A N/A,#N/A N/A,#N/A N/A,#N/A N/A,#N/A N/A,#N/A N/A,#N/A N/A,#N/A N/A,#N/A N/A,#N/A N/A,#N/A N/A,#N/A N/A,KOREA NATIONAL OIL CORP,#N/A N/A,#N/A N/A,15498763.81,839721.2486,18299094.64
KNOCPZ KS Equity 2023,#N/A N/A,#N/A N/A,#N/A N/A,#N/A N/A,#N/A N/A,#N/A N/A,#N/A N/A,#N/A N/A,#N/A N/A,#N/A N/A,#N/A N/A,#N/A N/A,#N/A N/A,#N/A N/A,#N/A N/A,#N/A N/A,#N/A N/A,#N/A N/A,#N/A N/A,#N/A N/A,#N/A N/A,#N/A N/A,KOREA NATIONAL OIL CORP,#N/A N/A,#N/A N/A,15419654.52,731926.807,18229460.23
KNOCPZ KS Equity 2024,#N/A N/A,#N/A N/A,#N/A N/A,#N/A N/A,#N/A N/A,#N/A N/A,#N/A N/A,#N/A N/A,#N/A N/A,#N/A N/A,#N/A N/A,#N/A N/A,#N/A N/A,#N/A N/A,#N/A N/A,#N/A N/A,#N/A N/A,#N/A N/A,#N/A N/A,#N/A N/A,#N/A N/A,#N/A N/A,KOREA NATIONAL OIL CORP,#N/A N/A,#N/A N/A,17395167.77,465623.7569,20491551.96
KIST LN Equity 2018,#N/A N/A,#N/A N/A,#N/A N/A,#N/A N/A,#N/A N/A,#N/A N/A,#N/A N/A,#N/A N/A,#N/A N/A,#N/A N/A,#N/A N/A,#N/A N/A,#N/A N/A,#N/A N/A,#N/A N/A,#N/A N/A,#N/A N/A,#N/A N/A,#N/A N/A,#N/A N/A,#N/A N/A,#N/A N/A,KISTOS HOLDINGS PLC,#N/A N/A,#N/A N/A,#N/A N/A,#N/A N/A,#N/A N/A
KIST LN Equity 2019,#N/A N/A,#N/A N/A,#N/A N/A,#N/A N/A,#N/A N/A,#N/A N/A,#N/A N/A,#N/A N/A,#N/A N/A,#N/A N/A,#N/A N/A,#N/A N/A,#N/A N/A,#N/A N/A,#N/A N/A,#N/A N/A,#N/A N/A,#N/A N/A,#N/A N/A,#N/A N/A,#N/A N/A,#N/A N/A,KISTOS HOLDINGS PLC,#N/A N/A,#N/A N/A,#N/A N/A,#N/A N/A,#N/A N/A
KIST LN Equity 2020,#N/A N/A,#N/A N/A,#N/A N/A,#N/A N/A,#N/A N/A,#N/A N/A,#N/A N/A,#N/A N/A,#N/A N/A,#N/A N/A,#N/A N/A,#N/A N/A,#N/A N/A,#N/A N/A,#N/A N/A,#N/A N/A,#N/A N/A,#N/A N/A,#N/A N/A,#N/A N/A,#N/A N/A,#N/A N/A,KISTOS HOLDINGS PLC,#N/A N/A,#N/A N/A,#N/A N/A,#N/A N/A,#N/A N/A
KIST LN Equity 2021,#N/A N/A,#N/A N/A,#N/A N/A,#N/A N/A,#N/A N/A,#N/A N/A,#N/A N/A,#N/A N/A,#N/A N/A,#N/A N/A,#N/A N/A,#N/A N/A,#N/A N/A,#N/A N/A,#N/A N/A,#N/A N/A,#N/A N/A,#N/A N/A,#N/A N/A,#N/A N/A,#N/A N/A,#N/A N/A,KISTOS HOLDINGS PLC,#N/A N/A,410,145.165,77.288,357.422
KIST LN Equity 2022,#N/A N/A,#N/A N/A,#N/A N/A,#N/A N/A,#N/A N/A,#N/A N/A,#N/A N/A,#N/A N/A,#N/A N/A,#N/A N/A,#N/A N/A,#N/A N/A,#N/A N/A,#N/A N/A,#N/A N/A,#N/A N/A,#N/A N/A,#N/A N/A,#N/A N/A,277.165,411.512,407.134,KISTOS HOLDINGS PLC,82.8637,435,82.011,211.98,613.684
KIST LN Equity 2023,#N/A N/A,#N/A N/A,#N/A N/A,#N/A N/A,#N/A N/A,#N/A N/A,#N/A N/A,#N/A N/A,#N/A N/A,#N/A N/A,#N/A N/A,#N/A N/A,#N/A N/A,#N/A N/A,#N/A N/A,#N/A N/A,#N/A N/A,#N/A N/A,#N/A N/A,181.5459,206.997,157.7209,KISTOS HOLDINGS PLC,82.8637,165,238.614,214.789,901.902
KIST LN Equity 2024,#N/A N/A,#N/A N/A,#N/A N/A,#N/A N/A,#N/A N/A,#N/A N/A,#N/A N/A,#N/A N/A,#N/A N/A,#N/A N/A,#N/A N/A,#N/A N/A,#N/A N/A,#N/A N/A,#N/A N/A,#N/A N/A,#N/A N/A,#N/A N/A,#N/A N/A,244.4437,216.319,105.2507,KISTOS HOLDINGS PLC,82.2124,105,252.946,113.753,819.748
KKO AU Equity 2018,#N/A N/A,#N/A N/A,#N/A N/A,#N/A N/A,#N/A N/A,#N/A N/A,#N/A N/A,#N/A N/A,#N/A N/A,#N/A N/A,#N/A N/A,#N/A N/A,#N/A N/A,#N/A N/A,#N/A N/A,#N/A N/A,#N/A N/A,#N/A N/A,#N/A N/A,#N/A N/A,#N/A N/A,#N/A N/A,KINETIKO ENERGY LTD,259.9784,0.0196,0.4989,0.0073,0.225
KKO AU Equity 2019,#N/A N/A,#N/A N/A,#N/A N/A,#N/A N/A,#N/A N/A,#N/A N/A,#N/A N/A,#N/A N/A,#N/A N/A,#N/A N/A,#N/A N/A,#N/A N/A,#N/A N/A,#N/A N/A,#N/A N/A,#N/A N/A,#N/A N/A,#N/A N/A,#N/A N/A,#N/A N/A,#N/A N/A,#N/A N/A,KINETIKO ENERGY LTD,340.7865,#N/A N/A,0,0.0773,7.8253
KKO AU Equity 2020,#N/A N/A,#N/A N/A,#N/A N/A,#N/A N/A,#N/A N/A,#N/A N/A,#N/A N/A,#N/A N/A,#N/A N/A,#N/A N/A,#N/A N/A,#N/A N/A,#N/A N/A,#N/A N/A,#N/A N/A,#N/A N/A,#N/A N/A,#N/A N/A,#N/A N/A,22.7889,#N/A N/A,23.9036,KINETIKO ENERGY LTD,385.8021,0.0431,0,1.1148,7.8742
KKO AU Equity 2021,#N/A N/A,#N/A N/A,#N/A N/A,#N/A N/A,#N/A N/A,#N/A N/A,#N/A N/A,#N/A N/A,#N/A N/A,#N/A N/A,#N/A N/A,#N/A N/A,#N/A N/A,#N/A N/A,#N/A N/A,#N/A N/A,#N/A N/A,#N/A N/A,#N/A N/A,64.5079,#N/A N/A,64.6988,KINETIKO ENERGY LTD,577.9463,0.1077,0,0.1909,7.8409
KKO AU Equity 2022,#N/A N/A,#N/A N/A,#N/A N/A,#N/A N/A,#N/A N/A,#N/A N/A,#N/A N/A,#N/A N/A,#N/A N/A,#N/A N/A,#N/A N/A,#N/A N/A,#N/A N/A,#N/A N/A,#N/A N/A,#N/A N/A,#N/A N/A,#N/A N/A,#N/A N/A,44.0511,#N/A N/A,45.1489,KINETIKO ENERGY LTD,634.06,0.065,0.25,1.3478,9.8603
KKO AU Equity 2023,#N/A N/A,#N/A N/A,#N/A N/A,#N/A N/A,#N/A N/A,#N/A N/A,#N/A N/A,#N/A N/A,#N/A N/A,#N/A N/A,#N/A N/A,#N/A N/A,#N/A N/A,#N/A N/A,#N/A N/A,#N/A N/A,#N/A N/A,#N/A N/A,#N/A N/A,62.7868,#N/A N/A,66.3479,KINETIKO ENERGY LTD,752.701,0.0837,0,3.5611,13.2204
KKO AU Equity 2024,#N/A N/A,#N/A N/A,#N/A N/A,#N/A N/A,#N/A N/A,#N/A N/A,#N/A N/A,#N/A N/A,#N/A N/A,#N/A N/A,#N/A N/A,#N/A N/A,#N/A N/A,#N/A N/A,#N/A N/A,#N/A N/A,#N/A N/A,#N/A N/A,#N/A N/A,111.8114,#N/A N/A,117.4679,KINETIKO ENERGY LTD,1224.4929,0.082,1.4674,7.2117,74.9571
KMP US Equity 2018,#N/A N/A,#N/A N/A,#N/A N/A,#N/A N/A,#N/A N/A,#N/A N/A,#N/A N/A,#N/A N/A,#N/A N/A,#N/A N/A,#N/A N/A,#N/A N/A,#N/A N/A,#N/A N/A,#N/A N/A,#N/A N/A,#N/A N/A,#N/A N/A,#N/A N/A,#N/A N/A,#N/A N/A,#N/A N/A,KINDER MORGAN ENERGY PRTNRS,#N/A N/A,#N/A N/A,#N/A N/A,#N/A N/A,#N/A N/A
KMP US Equity 2019,#N/A N/A,#N/A N/A,#N/A N/A,#N/A N/A,#N/A N/A,#N/A N/A,#N/A N/A,#N/A N/A,#N/A N/A,#N/A N/A,#N/A N/A,#N/A N/A,#N/A N/A,#N/A N/A,#N/A N/A,#N/A N/A,#N/A N/A,#N/A N/A,#N/A N/A,#N/A N/A,#N/A N/A,#N/A N/A,KINDER MORGAN ENERGY PRTNRS,#N/A N/A,#N/A N/A,#N/A N/A,#N/A N/A,#N/A N/A
KMP US Equity 2020,#N/A N/A,#N/A N/A,#N/A N/A,#N/A N/A,#N/A N/A,#N/A N/A,#N/A N/A,#N/A N/A,#N/A N/A,#N/A N/A,#N/A N/A,#N/A N/A,#N/A N/A,#N/A N/A,#N/A N/A,#N/A N/A,#N/A N/A,#N/A N/A,#N/A N/A,#N/A N/A,#N/A N/A,#N/A N/A,KINDER MORGAN ENERGY PRTNRS,#N/A N/A,#N/A N/A,#N/A N/A,#N/A N/A,#N/A N/A
KMP US Equity 2021,#N/A N/A,#N/A N/A,#N/A N/A,#N/A N/A,#N/A N/A,#N/A N/A,#N/A N/A,#N/A N/A,#N/A N/A,#N/A N/A,#N/A N/A,#N/A N/A,#N/A N/A,#N/A N/A,#N/A N/A,#N/A N/A,#N/A N/A,#N/A N/A,#N/A N/A,#N/A N/A,#N/A N/A,#N/A N/A,KINDER MORGAN ENERGY PRTNRS,#N/A N/A,#N/A N/A,#N/A N/A,#N/A N/A,#N/A N/A
KMP US Equity 2022,#N/A N/A,#N/A N/A,#N/A N/A,#N/A N/A,#N/A N/A,#N/A N/A,#N/A N/A,#N/A N/A,#N/A N/A,#N/A N/A,#N/A N/A,#N/A N/A,#N/A N/A,#N/A N/A,#N/A N/A,#N/A N/A,#N/A N/A,#N/A N/A,#N/A N/A,#N/A N/A,#N/A N/A,#N/A N/A,KINDER MORGAN ENERGY PRTNRS,#N/A N/A,#N/A N/A,#N/A N/A,#N/A N/A,#N/A N/A
KMP US Equity 2023,#N/A N/A,#N/A N/A,#N/A N/A,#N/A N/A,#N/A N/A,#N/A N/A,#N/A N/A,#N/A N/A,#N/A N/A,#N/A N/A,#N/A N/A,#N/A N/A,#N/A N/A,#N/A N/A,#N/A N/A,#N/A N/A,#N/A N/A,#N/A N/A,#N/A N/A,#N/A N/A,#N/A N/A,#N/A N/A,KINDER MORGAN ENERGY PRTNRS,#N/A N/A,#N/A N/A,#N/A N/A,#N/A N/A,#N/A N/A
KMP US Equity 2024,#N/A N/A,#N/A N/A,#N/A N/A,#N/A N/A,#N/A N/A,#N/A N/A,#N/A N/A,#N/A N/A,#N/A N/A,#N/A N/A,#N/A N/A,#N/A N/A,#N/A N/A,#N/A N/A,#N/A N/A,#N/A N/A,#N/A N/A,#N/A N/A,#N/A N/A,#N/A N/A,#N/A N/A,#N/A N/A,KINDER MORGAN ENERGY PRTNRS,#N/A N/A,#N/A N/A,#N/A N/A,#N/A N/A,#N/A N/A
KMI US Equity 2018,14100,#N/A N/A,#N/A N/A,#N/A N/A,#N/A N/A,#N/A N/A,#N/A N/A,#N/A N/A,#N/A N/A,#N/A N/A,#N/A N/A,#N/A N/A,#N/A N/A,#N/A N/A,#N/A N/A,#N/A N/A,#N/A N/A,#N/A N/A,#N/A N/A,70355.1097,14144,34792.1097,KINDER MORGAN INC,2216,15.38,37324,3280,78866
KMI US Equity 2019,16000,3300,#N/A N/A,#N/A N/A,#N/A N/A,#N/A N/A,#N/A N/A,#N/A N/A,#N/A N/A,#N/A N/A,#N/A N/A,#N/A N/A,#N/A N/A,#N/A N/A,#N/A N/A,#N/A N/A,#N/A N/A,#N/A N/A,#N/A N/A,82706.6963,13209,47948.6963,KINDER MORGAN INC,2264,21.17,34721,1110,74157
KMI US Equity 2020,15300,2900,#N/A N/A,#N/A N/A,#N/A N/A,#N/A N/A,#N/A N/A,#N/A N/A,#N/A N/A,#N/A N/A,#N/A N/A,#N/A N/A,#N/A N/A,#N/A N/A,#N/A N/A,#N/A N/A,#N/A N/A,#N/A N/A,#N/A N/A,65890.3978,11700,30952.3978,KINDER MORGAN INC,2263,13.67,34992,1184,71973
KMI US Equity 2021,15200,2800,#N/A N/A,#N/A N/A,#N/A N/A,#N/A N/A,#N/A N/A,#N/A N/A,#N/A N/A,#N/A N/A,#N/A N/A,#N/A N/A,#N/A N/A,#N/A N/A,#N/A N/A,#N/A N/A,#N/A N/A,#N/A N/A,#N/A N/A,69553.8296,16610,35960.8296,KINDER MORGAN INC,2266,15.86,33635,1140,70416
KMI US Equity 2022,14800,3100,#N/A N/A,#N/A N/A,#N/A N/A,#N/A N/A,#N/A N/A,#N/A N/A,#N/A N/A,#N/A N/A,#N/A N/A,#N/A N/A,#N/A N/A,#N/A N/A,#N/A N/A,#N/A N/A,#N/A N/A,#N/A N/A,#N/A N/A,73340.0838,19200,40638.0838,KINDER MORGAN INC,2258,18.08,32075,745,70078
KMI US Equity 2023,15400,3100,#N/A N/A,#N/A N/A,#N/A N/A,#N/A N/A,#N/A N/A,#N/A N/A,#N/A N/A,#N/A N/A,#N/A N/A,#N/A N/A,#N/A N/A,#N/A N/A,#N/A N/A,#N/A N/A,#N/A N/A,#N/A N/A,#N/A N/A,72897.0309,15334,39156.0309,KINDER MORGAN INC,2234,17.64,32401,83,71020
KMI US Equity 2024,15400,3000,#N/A N/A,#N/A N/A,#N/A N/A,#N/A N/A,#N/A N/A,#N/A N/A,#N/A N/A,#N/A N/A,#N/A N/A,#N/A N/A,#N/A N/A,#N/A N/A,#N/A N/A,#N/A N/A,#N/A N/A,#N/A N/A,#N/A N/A,94264.149,15100,60873.149,KINDER MORGAN INC,2220,27.4,32143,88,71407
KPE AU Equity 2018,#N/A N/A,#N/A N/A,#N/A N/A,#N/A N/A,#N/A N/A,#N/A N/A,#N/A N/A,#N/A N/A,#N/A N/A,#N/A N/A,#N/A N/A,#N/A N/A,#N/A N/A,#N/A N/A,#N/A N/A,#N/A N/A,#N/A N/A,#N/A N/A,#N/A N/A,10.5641,#N/A N/A,15.7906,KINA PETROLEUM CORP,12.7583,1.74,0,5.2265,27.9183
KPE AU Equity 2019,#N/A N/A,#N/A N/A,#N/A N/A,#N/A N/A,#N/A N/A,#N/A N/A,#N/A N/A,#N/A N/A,#N/A N/A,#N/A N/A,#N/A N/A,#N/A N/A,#N/A N/A,#N/A N/A,#N/A N/A,#N/A N/A,#N/A N/A,#N/A N/A,#N/A N/A,9.3932,#N/A N/A,11.1762,KINA PETROLEUM CORP,12.8008,1.25,0,1.783,13.9919
KPE AU Equity 2020,#N/A N/A,#N/A N/A,#N/A N/A,#N/A N/A,#N/A N/A,#N/A N/A,#N/A N/A,#N/A N/A,#N/A N/A,#N/A N/A,#N/A N/A,#N/A N/A,#N/A N/A,#N/A N/A,#N/A N/A,#N/A N/A,#N/A N/A,#N/A N/A,#N/A N/A,#N/A N/A,#N/A N/A,#N/A N/A,KINA PETROLEUM CORP,#N/A N/A,#N/A N/A,#N/A N/A,#N/A N/A,#N/A N/A
KPE AU Equity 2021,#N/A N/A,#N/A N/A,#N/A N/A,#N/A N/A,#N/A N/A,#N/A N/A,#N/A N/A,#N/A N/A,#N/A N/A,#N/A N/A,#N/A N/A,#N/A N/A,#N/A N/A,#N/A N/A,#N/A N/A,#N/A N/A,#N/A N/A,#N/A N/A,#N/A N/A,#N/A N/A,#N/A N/A,#N/A N/A,KINA PETROLEUM CORP,#N/A N/A,#N/A N/A,#N/A N/A,#N/A N/A,#N/A N/A
KPE AU Equity 2022,#N/A N/A,#N/A N/A,#N/A N/A,#N/A N/A,#N/A N/A,#N/A N/A,#N/A N/A,#N/A N/A,#N/A N/A,#N/A N/A,#N/A N/A,#N/A N/A,#N/A N/A,#N/A N/A,#N/A N/A,#N/A N/A,#N/A N/A,#N/A N/A,#N/A N/A,#N/A N/A,#N/A N/A,#N/A N/A,KINA PETROLEUM CORP,#N/A N/A,#N/A N/A,#N/A N/A,#N/A N/A,#N/A N/A
KPE AU Equity 2023,#N/A N/A,#N/A N/A,#N/A N/A,#N/A N/A,#N/A N/A,#N/A N/A,#N/A N/A,#N/A N/A,#N/A N/A,#N/A N/A,#N/A N/A,#N/A N/A,#N/A N/A,#N/A N/A,#N/A N/A,#N/A N/A,#N/A N/A,#N/A N/A,#N/A N/A,#N/A N/A,#N/A N/A,#N/A N/A,KINA PETROLEUM CORP,#N/A N/A,#N/A N/A,#N/A N/A,#N/A N/A,#N/A N/A
KPE AU Equity 2024,#N/A N/A,#N/A N/A,#N/A N/A,#N/A N/A,#N/A N/A,#N/A N/A,#N/A N/A,#N/A N/A,#N/A N/A,#N/A N/A,#N/A N/A,#N/A N/A,#N/A N/A,#N/A N/A,#N/A N/A,#N/A N/A,#N/A N/A,#N/A N/A,#N/A N/A,#N/A N/A,#N/A N/A,#N/A N/A,KINA PETROLEUM CORP,#N/A N/A,#N/A N/A,#N/A N/A,#N/A N/A,#N/A N/A
KEL CN Equity 2018,191.239,13.198,#N/A N/A,#N/A N/A,#N/A N/A,#N/A N/A,#N/A N/A,#N/A N/A,#N/A N/A,#N/A N/A,#N/A N/A,#N/A N/A,#N/A N/A,#N/A N/A,#N/A N/A,#N/A N/A,#N/A N/A,#N/A N/A,#N/A N/A,1093.5899,389.277,853.7739,KELT EXPLORATION LTD,182.576,4.64,247.271,7.455,1423.521
KEL CN Equity 2019,210.055,12.565,#N/A N/A,#N/A N/A,#N/A N/A,#N/A N/A,#N/A N/A,#N/A N/A,#N/A N/A,#N/A N/A,#N/A N/A,#N/A N/A,#N/A N/A,#N/A N/A,#N/A N/A,#N/A N/A,#N/A N/A,#N/A N/A,#N/A N/A,1291.6098,394.356,914.5178,KELT EXPLORATION LTD,184.302,4.87,385.457,8.365,1605.465
KEL CN Equity 2020,196.293,12.14,#N/A N/A,#N/A N/A,#N/A N/A,#N/A N/A,#N/A N/A,#N/A N/A,#N/A N/A,#N/A N/A,#N/A N/A,#N/A N/A,#N/A N/A,#N/A N/A,#N/A N/A,#N/A N/A,#N/A N/A,#N/A N/A,#N/A N/A,309.338,207.156,339.444,KELT EXPLORATION LTD,188.093,1.8,1.464,31.57,759.987
KEL CN Equity 2021,136.077,5.085,#N/A N/A,#N/A N/A,#N/A N/A,#N/A N/A,#N/A N/A,#N/A N/A,#N/A N/A,#N/A N/A,#N/A N/A,#N/A N/A,#N/A N/A,#N/A N/A,#N/A N/A,#N/A N/A,#N/A N/A,#N/A N/A,#N/A N/A,913.2095,316.763,911.7705,KELT EXPLORATION LTD,188.8,4.82,2.158,0.719,913.497
KEL CN Equity 2022,171.431,7.447,#N/A N/A,#N/A N/A,#N/A N/A,#N/A N/A,#N/A N/A,#N/A N/A,#N/A N/A,#N/A N/A,#N/A N/A,#N/A N/A,#N/A N/A,#N/A N/A,#N/A N/A,#N/A N/A,#N/A N/A,#N/A N/A,#N/A N/A,974.2131,613.358,961.9901,KELT EXPLORATION LTD,191.101,5.01,12.348,0.125,1128.104
KEL CN Equity 2023,#N/A N/A,#N/A N/A,#N/A N/A,#N/A N/A,#N/A N/A,#N/A N/A,#N/A N/A,#N/A N/A,#N/A N/A,#N/A N/A,#N/A N/A,#N/A N/A,#N/A N/A,#N/A N/A,#N/A N/A,#N/A N/A,#N/A N/A,#N/A N/A,#N/A N/A,1099.6913,495.58,1112.5743,KELT EXPLORATION LTD,193.116,5.72,1.457,14.34,1260.292
KEL CN Equity 2024,#N/A N/A,#N/A N/A,#N/A N/A,#N/A N/A,#N/A N/A,#N/A N/A,#N/A N/A,#N/A N/A,#N/A N/A,#N/A N/A,#N/A N/A,#N/A N/A,#N/A N/A,#N/A N/A,#N/A N/A,#N/A N/A,#N/A N/A,#N/A N/A,#N/A N/A,1492.0661,468.432,1381.2271,KELT EXPLORATION LTD,195.719,7.02,111.067,0.228,1450.679
KAR AU Equity 2018,0.045,0.182,#N/A N/A,#N/A N/A,#N/A N/A,#N/A N/A,#N/A N/A,#N/A N/A,#N/A N/A,#N/A N/A,#N/A N/A,#N/A N/A,#N/A N/A,#N/A N/A,#N/A N/A,#N/A N/A,#N/A N/A,#N/A N/A,#N/A N/A,-41.2554,0.5509,205.2982,KAROON ENERGY LTD,269.7123,1.0288,0.0902,246.6438,439.8843
KAR AU Equity 2019,0.057,0.168,#N/A N/A,#N/A N/A,#N/A N/A,#N/A N/A,#N/A N/A,#N/A N/A,#N/A N/A,#N/A N/A,#N/A N/A,#N/A N/A,#N/A N/A,#N/A N/A,#N/A N/A,#N/A N/A,#N/A N/A,#N/A N/A,#N/A N/A,-63.8417,1.6556,164.8509,KAROON ENERGY LTD,270.0357,0.8695,0,228.6926,320.9797
KAR AU Equity 2020,19.971,0.152,#N/A N/A,#N/A N/A,#N/A N/A,#N/A N/A,#N/A N/A,#N/A N/A,#N/A N/A,#N/A N/A,#N/A N/A,#N/A N/A,#N/A N/A,#N/A N/A,#N/A N/A,#N/A N/A,#N/A N/A,#N/A N/A,#N/A N/A,-65.5495,2.3091,230.5123,KAROON ENERGY LTD,449.3861,0.5991,1.5194,297.5811,399.1485
KAR AU Equity 2021,49.525,0.143,#N/A N/A,#N/A N/A,#N/A N/A,#N/A N/A,#N/A N/A,#N/A N/A,#N/A N/A,#N/A N/A,#N/A N/A,#N/A N/A,#N/A N/A,#N/A N/A,#N/A N/A,#N/A N/A,#N/A N/A,#N/A N/A,#N/A N/A,731.7961,170.809,552.1651,KAROON ENERGY LTD,559.0269,1.317,312.84,133.209,1013.956
KAR AU Equity 2022,82.805,0.065,2000,#N/A N/A,#N/A N/A,#N/A N/A,#N/A N/A,#N/A N/A,#N/A N/A,#N/A N/A,#N/A N/A,#N/A N/A,#N/A N/A,#N/A N/A,#N/A N/A,#N/A N/A,#N/A N/A,#N/A N/A,#N/A N/A,829.5506,#N/A N/A,671.2026,KAROON ENERGY LTD,561.4013,1.723,316.031,157.683,1164.139
KAR AU Equity 2023,142.025,0.049,3102.33,21.795,13.512,#N/A N/A,67.784,#N/A N/A,#N/A N/A,#N/A N/A,#N/A N/A,#N/A N/A,110.641,2887.27,#N/A N/A,#N/A N/A,#N/A N/A,#N/A N/A,1.325,1430.2163,#N/A N/A,1111.7163,KAROON ENERGY LTD,682.2967,2.03,488.9,170.4,1932.5
KAR AU Equity 2024,127.937,0.059,4641.73,30.148,#N/A N/A,#N/A N/A,31.299,#N/A N/A,#N/A N/A,#N/A N/A,#N/A N/A,#N/A N/A,155.129,4432.73,#N/A N/A,#N/A N/A,#N/A N/A,#N/A N/A,2.101,827.1401,776.5,657.1401,KAROON ENERGY LTD,764.3697,1.39,511.2,341.2,1941.5
KUNLUNZ CH Equity 2018,#N/A N/A,#N/A N/A,#N/A N/A,#N/A N/A,#N/A N/A,#N/A N/A,#N/A N/A,#N/A N/A,#N/A N/A,#N/A N/A,#N/A N/A,#N/A N/A,#N/A N/A,#N/A N/A,#N/A N/A,#N/A N/A,#N/A N/A,#N/A N/A,#N/A N/A,#N/A N/A,#N/A N/A,#N/A N/A,PETROCHINA KUNLUN GAS CO LTD,#N/A N/A,#N/A N/A,8165.561,9715.501,48229.14
KUNLUNZ CH Equity 2019,#N/A N/A,#N/A N/A,#N/A N/A,#N/A N/A,#N/A N/A,#N/A N/A,#N/A N/A,#N/A N/A,#N/A N/A,#N/A N/A,#N/A N/A,#N/A N/A,#N/A N/A,#N/A N/A,#N/A N/A,#N/A N/A,#N/A N/A,#N/A N/A,#N/A N/A,#N/A N/A,#N/A N/A,#N/A N/A,PETROCHINA KUNLUN GAS CO LTD,#N/A N/A,#N/A N/A,11429.055,11184.283,57230.246
KUNLUNZ CH Equity 2020,#N/A N/A,#N/A N/A,#N/A N/A,#N/A N/A,#N/A N/A,#N/A N/A,#N/A N/A,#N/A N/A,#N/A N/A,#N/A N/A,#N/A N/A,#N/A N/A,#N/A N/A,#N/A N/A,#N/A N/A,#N/A N/A,#N/A N/A,#N/A N/A,#N/A N/A,#N/A N/A,#N/A N/A,#N/A N/A,PETROCHINA KUNLUN GAS CO LTD,8560,#N/A N/A,14796.877,8630.173,65775.552
KUNLUNZ CH Equity 2021,#N/A N/A,#N/A N/A,#N/A N/A,#N/A N/A,#N/A N/A,#N/A N/A,#N/A N/A,#N/A N/A,#N/A N/A,#N/A N/A,#N/A N/A,#N/A N/A,#N/A N/A,#N/A N/A,#N/A N/A,#N/A N/A,#N/A N/A,#N/A N/A,#N/A N/A,#N/A N/A,#N/A N/A,#N/A N/A,PETROCHINA KUNLUN GAS CO LTD,#N/A N/A,#N/A N/A,15622.239,8892.725,72943.508
KUNLUNZ CH Equity 2022,#N/A N/A,#N/A N/A,#N/A N/A,#N/A N/A,#N/A N/A,#N/A N/A,#N/A N/A,#N/A N/A,#N/A N/A,#N/A N/A,#N/A N/A,#N/A N/A,#N/A N/A,#N/A N/A,#N/A N/A,#N/A N/A,#N/A N/A,#N/A N/A,#N/A N/A,#N/A N/A,#N/A N/A,#N/A N/A,PETROCHINA KUNLUN GAS CO LTD,#N/A N/A,#N/A N/A,#N/A N/A,#N/A N/A,#N/A N/A
KUNLUNZ CH Equity 2023,#N/A N/A,#N/A N/A,#N/A N/A,#N/A N/A,#N/A N/A,#N/A N/A,#N/A N/A,#N/A N/A,#N/A N/A,#N/A N/A,#N/A N/A,#N/A N/A,#N/A N/A,#N/A N/A,#N/A N/A,#N/A N/A,#N/A N/A,#N/A N/A,#N/A N/A,#N/A N/A,#N/A N/A,#N/A N/A,PETROCHINA KUNLUN GAS CO LTD,#N/A N/A,#N/A N/A,#N/A N/A,#N/A N/A,#N/A N/A
KUNLUNZ CH Equity 2024,#N/A N/A,#N/A N/A,#N/A N/A,#N/A N/A,#N/A N/A,#N/A N/A,#N/A N/A,#N/A N/A,#N/A N/A,#N/A N/A,#N/A N/A,#N/A N/A,#N/A N/A,#N/A N/A,#N/A N/A,#N/A N/A,#N/A N/A,#N/A N/A,#N/A N/A,#N/A N/A,#N/A N/A,#N/A N/A,PETROCHINA KUNLUN GAS CO LTD,#N/A N/A,#N/A N/A,#N/A N/A,#N/A N/A,#N/A N/A
KEC CN Equity 2018,#N/A N/A,#N/A N/A,#N/A N/A,#N/A N/A,#N/A N/A,#N/A N/A,#N/A N/A,#N/A N/A,#N/A N/A,#N/A N/A,#N/A N/A,#N/A N/A,#N/A N/A,#N/A N/A,#N/A N/A,#N/A N/A,#N/A N/A,#N/A N/A,#N/A N/A,#N/A N/A,#N/A N/A,#N/A N/A,KIWETINOHK ENERGY CORP,#N/A N/A,#N/A N/A,#N/A N/A,#N/A N/A,#N/A N/A
KEC CN Equity 2019,#N/A N/A,#N/A N/A,#N/A N/A,#N/A N/A,#N/A N/A,#N/A N/A,#N/A N/A,#N/A N/A,#N/A N/A,#N/A N/A,#N/A N/A,#N/A N/A,#N/A N/A,#N/A N/A,#N/A N/A,#N/A N/A,#N/A N/A,#N/A N/A,#N/A N/A,#N/A N/A,#N/A N/A,#N/A N/A,KIWETINOHK ENERGY CORP,#N/A N/A,#N/A N/A,#N/A N/A,#N/A N/A,#N/A N/A
KEC CN Equity 2020,#N/A N/A,#N/A N/A,#N/A N/A,#N/A N/A,#N/A N/A,#N/A N/A,#N/A N/A,#N/A N/A,#N/A N/A,#N/A N/A,#N/A N/A,#N/A N/A,#N/A N/A,#N/A N/A,#N/A N/A,#N/A N/A,#N/A N/A,#N/A N/A,#N/A N/A,#N/A N/A,#N/A N/A,#N/A N/A,KIWETINOHK ENERGY CORP,#N/A N/A,#N/A N/A,0.505,54.476,172.993
KEC CN Equity 2021,#N/A N/A,#N/A N/A,#N/A N/A,#N/A N/A,#N/A N/A,#N/A N/A,#N/A N/A,#N/A N/A,#N/A N/A,#N/A N/A,#N/A N/A,#N/A N/A,#N/A N/A,#N/A N/A,#N/A N/A,#N/A N/A,#N/A N/A,#N/A N/A,#N/A N/A,#N/A N/A,#N/A N/A,#N/A N/A,KIWETINOHK ENERGY CORP,31.689,#N/A N/A,33.462,2.343,614.337
KEC CN Equity 2022,#N/A N/A,#N/A N/A,#N/A N/A,#N/A N/A,#N/A N/A,#N/A N/A,#N/A N/A,#N/A N/A,#N/A N/A,#N/A N/A,#N/A N/A,#N/A N/A,#N/A N/A,#N/A N/A,#N/A N/A,#N/A N/A,#N/A N/A,#N/A N/A,#N/A N/A,774.5207,499.898,643.6547,KIWETINOHK ENERGY CORP,44.046,14.57,130.866,0,932.65
KEC CN Equity 2023,#N/A N/A,#N/A N/A,#N/A N/A,#N/A N/A,#N/A N/A,#N/A N/A,#N/A N/A,#N/A N/A,#N/A N/A,#N/A N/A,#N/A N/A,#N/A N/A,#N/A N/A,#N/A N/A,#N/A N/A,#N/A N/A,#N/A N/A,#N/A N/A,#N/A N/A,711.13,411.826,495.571,KIWETINOHK ENERGY CORP,43.971,11.35,220.613,5.054,1085.615
KEC CN Equity 2024,#N/A N/A,#N/A N/A,#N/A N/A,#N/A N/A,#N/A N/A,#N/A N/A,#N/A N/A,#N/A N/A,#N/A N/A,#N/A N/A,#N/A N/A,#N/A N/A,#N/A N/A,#N/A N/A,#N/A N/A,#N/A N/A,#N/A N/A,#N/A N/A,#N/A N/A,1000.1366,475.434,715.8316,KIWETINOHK ENERGY CORP,43.691,16.35,284.305,0,1215.575
KNF1L LH Equity 2018,#N/A N/A,#N/A N/A,#N/A N/A,#N/A N/A,#N/A N/A,#N/A N/A,#N/A N/A,#N/A N/A,#N/A N/A,#N/A N/A,#N/A N/A,#N/A N/A,#N/A N/A,#N/A N/A,#N/A N/A,#N/A N/A,#N/A N/A,#N/A N/A,#N/A N/A,158.9335,#N/A N/A,#N/A N/A,SC KN ENERGIES AB,#N/A N/A,#N/A N/A,76.123,73.238,293.127
KNF1L LH Equity 2019,#N/A N/A,#N/A N/A,#N/A N/A,#N/A N/A,#N/A N/A,#N/A N/A,#N/A N/A,#N/A N/A,#N/A N/A,#N/A N/A,#N/A N/A,#N/A N/A,#N/A N/A,#N/A N/A,#N/A N/A,#N/A N/A,#N/A N/A,#N/A N/A,#N/A N/A,524.76,104.138,#N/A N/A,SC KN ENERGIES AB,#N/A N/A,#N/A N/A,450.25,62.865,663.297
KNF1L LH Equity 2020,#N/A N/A,#N/A N/A,#N/A N/A,#N/A N/A,#N/A N/A,#N/A N/A,#N/A N/A,#N/A N/A,#N/A N/A,#N/A N/A,#N/A N/A,#N/A N/A,#N/A N/A,#N/A N/A,#N/A N/A,#N/A N/A,#N/A N/A,#N/A N/A,#N/A N/A,446.9149,#N/A N/A,#N/A N/A,SC KN ENERGIES AB,#N/A N/A,#N/A N/A,402.129,76.941,651.694
KNF1L LH Equity 2021,7.843,0.006,62.839,#N/A N/A,#N/A N/A,#N/A N/A,#N/A N/A,#N/A N/A,#N/A N/A,#N/A N/A,#N/A N/A,#N/A N/A,#N/A N/A,#N/A N/A,#N/A N/A,#N/A N/A,#N/A N/A,#N/A N/A,#N/A N/A,459.0218,#N/A N/A,#N/A N/A,SC KN ENERGIES AB,#N/A N/A,#N/A N/A,407.028,64.788,572.081
KNF1L LH Equity 2022,5.878,1.778,94.192,#N/A N/A,#N/A N/A,#N/A N/A,#N/A N/A,#N/A N/A,#N/A N/A,#N/A N/A,#N/A N/A,#N/A N/A,#N/A N/A,#N/A N/A,#N/A N/A,#N/A N/A,#N/A N/A,#N/A N/A,#N/A N/A,424.9892,#N/A N/A,#N/A N/A,SC KN ENERGIES AB,#N/A N/A,#N/A N/A,409.388,75.694,573.933
KNF1L LH Equity 2023,5.394,1.568,110.504,#N/A N/A,#N/A N/A,#N/A N/A,#N/A N/A,#N/A N/A,#N/A N/A,#N/A N/A,#N/A N/A,#N/A N/A,#N/A N/A,#N/A N/A,#N/A N/A,#N/A N/A,#N/A N/A,#N/A N/A,#N/A N/A,370.3531,#N/A N/A,#N/A N/A,SC KN ENERGIES AB,#N/A N/A,#N/A N/A,374.334,80.821,554.063
KNF1L LH Equity 2024,12.966,1.968,85.175,#N/A N/A,#N/A N/A,#N/A N/A,#N/A N/A,#N/A N/A,#N/A N/A,#N/A N/A,#N/A N/A,#N/A N/A,#N/A N/A,#N/A N/A,#N/A N/A,#N/A N/A,#N/A N/A,#N/A N/A,#N/A N/A,369.487,#N/A N/A,#N/A N/A,SC KN ENERGIES AB,#N/A N/A,#N/A N/A,345.815,66.482,535.174
