RIV AU Equity 2018,#N/A N/A,#N/A N/A,#N/A N/A,#N/A N/A,#N/A N/A,#N/A N/A,#N/A N/A,#N/A N/A,#N/A N/A,#N/A N/A,#N/A N/A,#N/A N/A,#N/A N/A,#N/A N/A,#N/A N/A,#N/A N/A,#N/A N/A,#N/A N/A,#N/A N/A,#N/A N/A,#N/A N/A,#N/A N/A,RIVERSDALE MINING LTD,#N/A N/A,#N/A N/A,#N/A N/A,#N/A N/A,#N/A N/A
RIV AU Equity 2019,#N/A N/A,#N/A N/A,#N/A N/A,#N/A N/A,#N/A N/A,#N/A N/A,#N/A N/A,#N/A N/A,#N/A N/A,#N/A N/A,#N/A N/A,#N/A N/A,#N/A N/A,#N/A N/A,#N/A N/A,#N/A N/A,#N/A N/A,#N/A N/A,#N/A N/A,#N/A N/A,#N/A N/A,#N/A N/A,RIVERSDALE MINING LTD,#N/A N/A,#N/A N/A,#N/A N/A,#N/A N/A,#N/A N/A
RIV AU Equity 2020,#N/A N/A,#N/A N/A,#N/A N/A,#N/A N/A,#N/A N/A,#N/A N/A,#N/A N/A,#N/A N/A,#N/A N/A,#N/A N/A,#N/A N/A,#N/A N/A,#N/A N/A,#N/A N/A,#N/A N/A,#N/A N/A,#N/A N/A,#N/A N/A,#N/A N/A,#N/A N/A,#N/A N/A,#N/A N/A,RIVERSDALE MINING LTD,#N/A N/A,#N/A N/A,#N/A N/A,#N/A N/A,#N/A N/A
RIV AU Equity 2021,#N/A N/A,#N/A N/A,#N/A N/A,#N/A N/A,#N/A N/A,#N/A N/A,#N/A N/A,#N/A N/A,#N/A N/A,#N/A N/A,#N/A N/A,#N/A N/A,#N/A N/A,#N/A N/A,#N/A N/A,#N/A N/A,#N/A N/A,#N/A N/A,#N/A N/A,#N/A N/A,#N/A N/A,#N/A N/A,RIVERSDALE MINING LTD,#N/A N/A,#N/A N/A,#N/A N/A,#N/A N/A,#N/A N/A
RIV AU Equity 2022,#N/A N/A,#N/A N/A,#N/A N/A,#N/A N/A,#N/A N/A,#N/A N/A,#N/A N/A,#N/A N/A,#N/A N/A,#N/A N/A,#N/A N/A,#N/A N/A,#N/A N/A,#N/A N/A,#N/A N/A,#N/A N/A,#N/A N/A,#N/A N/A,#N/A N/A,#N/A N/A,#N/A N/A,#N/A N/A,RIVERSDALE MINING LTD,#N/A N/A,#N/A N/A,#N/A N/A,#N/A N/A,#N/A N/A
RIV AU Equity 2023,#N/A N/A,#N/A N/A,#N/A N/A,#N/A N/A,#N/A N/A,#N/A N/A,#N/A N/A,#N/A N/A,#N/A N/A,#N/A N/A,#N/A N/A,#N/A N/A,#N/A N/A,#N/A N/A,#N/A N/A,#N/A N/A,#N/A N/A,#N/A N/A,#N/A N/A,#N/A N/A,#N/A N/A,#N/A N/A,RIVERSDALE MINING LTD,#N/A N/A,#N/A N/A,#N/A N/A,#N/A N/A,#N/A N/A
RIV AU Equity 2024,#N/A N/A,#N/A N/A,#N/A N/A,#N/A N/A,#N/A N/A,#N/A N/A,#N/A N/A,#N/A N/A,#N/A N/A,#N/A N/A,#N/A N/A,#N/A N/A,#N/A N/A,#N/A N/A,#N/A N/A,#N/A N/A,#N/A N/A,#N/A N/A,#N/A N/A,#N/A N/A,#N/A N/A,#N/A N/A,RIVERSDALE MINING LTD,#N/A N/A,#N/A N/A,#N/A N/A,#N/A N/A,#N/A N/A
RWE GR Equity 2018,120400,5000,16160.4,#N/A N/A,#N/A N/A,#N/A N/A,#N/A N/A,#N/A N/A,#N/A N/A,#N/A N/A,#N/A N/A,#N/A N/A,#N/A N/A,16160.4,#N/A N/A,#N/A N/A,#N/A N/A,#N/A N/A,#N/A N/A,12557.6389,12429,11658.6389,RWE AG,614.745,18.965,2764,7386,80108
RWE GR Equity 2019,89836.102,622.728,23550.5,1025.17,429.362,5434.45,697.183,64.387,10.375,18.633,14.313,6.368,199.754,14412.6,#N/A N/A,#N/A N/A,#N/A N/A,1237.99,#N/A N/A,16479.2758,13277,16813.2758,RWE AG,614.745,27.35,5613,6450,64009
RWE GR Equity 2020,70200,3100,20201.801,700,800,5500,300,100,1.828,100,#N/A N/A,100,100,12500,#N/A N/A,#N/A N/A,#N/A N/A,#N/A N/A,#N/A N/A,20370.9254,13688,23376.9254,RWE AG,637.286,34.57,5198,8993,61668
RWE GR Equity 2021,86900,2700,23000,900,1400,6500,300,100,100,100,#N/A N/A,100,100,13400,#N/A N/A,#N/A N/A,#N/A N/A,#N/A N/A,#N/A N/A,29825.5784,24526,24154.5784,RWE AG,676.22,35.72,17794,13865,142309
RWE GR Equity 2022,85352.602,132.958,23766.4,1531.07,1178.57,4469.2,21.988,202.472,8.122,20.553,#N/A N/A,5.381,58.476,12771.3,#N/A N/A,#N/A N/A,#N/A N/A,3499.25,#N/A N/A,30998.9627,38366,28748.9627,RWE AG,691.247,41.59,21003,20456,138548
RWE GR Equity 2023,61933.398,195.005,21600,2086.58,2797.55,3124.28,20.251,180.5,15.976,23.469,0,4.039,49.457,10803.3,#N/A N/A,#N/A N/A,#N/A N/A,2446.72,#N/A N/A,34589.3724,28566,30631.3724,RWE AG,743.841,41.18,17028,14641,106494
RWE GR Equity 2024,53242,392.956,21767,1283.84,3657.6,2293.66,31.689,189.037,17.989,28.609,#N/A N/A,6.5,70.829,11928.7,#N/A N/A,70.522,#N/A N/A,2188,#N/A N/A,30239.6618,24224,21436.6618,RWE AG,743.554,28.83,18670,11941,98440
RDKV SG Equity 2018,#N/A N/A,#N/A N/A,#N/A N/A,#N/A N/A,#N/A N/A,#N/A N/A,#N/A N/A,#N/A N/A,#N/A N/A,#N/A N/A,#N/A N/A,#N/A N/A,#N/A N/A,#N/A N/A,#N/A N/A,#N/A N/A,#N/A N/A,#N/A N/A,#N/A N/A,#N/A N/A,#N/A N/A,#N/A N/A,RUDNIK KOVIN AD KOVIN,#N/A N/A,#N/A N/A,#N/A N/A,#N/A N/A,#N/A N/A
RDKV SG Equity 2019,#N/A N/A,#N/A N/A,#N/A N/A,#N/A N/A,#N/A N/A,#N/A N/A,#N/A N/A,#N/A N/A,#N/A N/A,#N/A N/A,#N/A N/A,#N/A N/A,#N/A N/A,#N/A N/A,#N/A N/A,#N/A N/A,#N/A N/A,#N/A N/A,#N/A N/A,#N/A N/A,#N/A N/A,#N/A N/A,RUDNIK KOVIN AD KOVIN,#N/A N/A,#N/A N/A,#N/A N/A,#N/A N/A,#N/A N/A
RDKV SG Equity 2020,#N/A N/A,#N/A N/A,#N/A N/A,#N/A N/A,#N/A N/A,#N/A N/A,#N/A N/A,#N/A N/A,#N/A N/A,#N/A N/A,#N/A N/A,#N/A N/A,#N/A N/A,#N/A N/A,#N/A N/A,#N/A N/A,#N/A N/A,#N/A N/A,#N/A N/A,#N/A N/A,#N/A N/A,#N/A N/A,RUDNIK KOVIN AD KOVIN,#N/A N/A,#N/A N/A,#N/A N/A,#N/A N/A,#N/A N/A
RDKV SG Equity 2021,#N/A N/A,#N/A N/A,#N/A N/A,#N/A N/A,#N/A N/A,#N/A N/A,#N/A N/A,#N/A N/A,#N/A N/A,#N/A N/A,#N/A N/A,#N/A N/A,#N/A N/A,#N/A N/A,#N/A N/A,#N/A N/A,#N/A N/A,#N/A N/A,#N/A N/A,#N/A N/A,#N/A N/A,#N/A N/A,RUDNIK KOVIN AD KOVIN,#N/A N/A,#N/A N/A,#N/A N/A,#N/A N/A,#N/A N/A
RDKV SG Equity 2022,#N/A N/A,#N/A N/A,#N/A N/A,#N/A N/A,#N/A N/A,#N/A N/A,#N/A N/A,#N/A N/A,#N/A N/A,#N/A N/A,#N/A N/A,#N/A N/A,#N/A N/A,#N/A N/A,#N/A N/A,#N/A N/A,#N/A N/A,#N/A N/A,#N/A N/A,#N/A N/A,#N/A N/A,#N/A N/A,RUDNIK KOVIN AD KOVIN,#N/A N/A,#N/A N/A,#N/A N/A,#N/A N/A,#N/A N/A
RDKV SG Equity 2023,#N/A N/A,#N/A N/A,#N/A N/A,#N/A N/A,#N/A N/A,#N/A N/A,#N/A N/A,#N/A N/A,#N/A N/A,#N/A N/A,#N/A N/A,#N/A N/A,#N/A N/A,#N/A N/A,#N/A N/A,#N/A N/A,#N/A N/A,#N/A N/A,#N/A N/A,#N/A N/A,#N/A N/A,#N/A N/A,RUDNIK KOVIN AD KOVIN,#N/A N/A,#N/A N/A,#N/A N/A,#N/A N/A,#N/A N/A
RDKV SG Equity 2024,#N/A N/A,#N/A N/A,#N/A N/A,#N/A N/A,#N/A N/A,#N/A N/A,#N/A N/A,#N/A N/A,#N/A N/A,#N/A N/A,#N/A N/A,#N/A N/A,#N/A N/A,#N/A N/A,#N/A N/A,#N/A N/A,#N/A N/A,#N/A N/A,#N/A N/A,#N/A N/A,#N/A N/A,#N/A N/A,RUDNIK KOVIN AD KOVIN,#N/A N/A,#N/A N/A,#N/A N/A,#N/A N/A,#N/A N/A
RMUBR BT Equity 2018,#N/A N/A,#N/A N/A,#N/A N/A,#N/A N/A,#N/A N/A,#N/A N/A,#N/A N/A,#N/A N/A,#N/A N/A,#N/A N/A,#N/A N/A,#N/A N/A,#N/A N/A,#N/A N/A,#N/A N/A,#N/A N/A,#N/A N/A,#N/A N/A,#N/A N/A,32.8584,#N/A N/A,12.4898,RMU BANOVICI DD BANOVICI,0.6939,18,21.6306,1.262,189.352
RMUBR BT Equity 2019,#N/A N/A,#N/A N/A,#N/A N/A,#N/A N/A,#N/A N/A,#N/A N/A,#N/A N/A,#N/A N/A,#N/A N/A,#N/A N/A,#N/A N/A,#N/A N/A,#N/A N/A,#N/A N/A,#N/A N/A,#N/A N/A,#N/A N/A,#N/A N/A,#N/A N/A,62.0967,#N/A N/A,11.1021,RMU BANOVICI DD BANOVICI,0.6939,16,52.592,1.5974,220.3956
RMUBR BT Equity 2020,#N/A N/A,#N/A N/A,#N/A N/A,#N/A N/A,#N/A N/A,#N/A N/A,#N/A N/A,#N/A N/A,#N/A N/A,#N/A N/A,#N/A N/A,#N/A N/A,#N/A N/A,#N/A N/A,#N/A N/A,#N/A N/A,#N/A N/A,#N/A N/A,#N/A N/A,#N/A N/A,#N/A N/A,#N/A N/A,RMU BANOVICI DD BANOVICI,0.6939,16,53.296,2.616,225.084
RMUBR BT Equity 2021,#N/A N/A,#N/A N/A,#N/A N/A,#N/A N/A,#N/A N/A,#N/A N/A,#N/A N/A,#N/A N/A,#N/A N/A,#N/A N/A,#N/A N/A,#N/A N/A,#N/A N/A,#N/A N/A,#N/A N/A,#N/A N/A,#N/A N/A,#N/A N/A,#N/A N/A,73.2343,#N/A N/A,8.3543,RMU BANOVICI DD BANOVICI,0.6939,12.04,69.494,4.614,232.507
RMUBR BT Equity 2022,#N/A N/A,#N/A N/A,#N/A N/A,#N/A N/A,#N/A N/A,#N/A N/A,#N/A N/A,#N/A N/A,#N/A N/A,#N/A N/A,#N/A N/A,#N/A N/A,#N/A N/A,#N/A N/A,#N/A N/A,#N/A N/A,#N/A N/A,#N/A N/A,#N/A N/A,#N/A N/A,#N/A N/A,#N/A N/A,RMU BANOVICI DD BANOVICI,0.6939,13.5,62.716,1.258,231.373
RMUBR BT Equity 2023,#N/A N/A,#N/A N/A,#N/A N/A,#N/A N/A,#N/A N/A,#N/A N/A,#N/A N/A,#N/A N/A,#N/A N/A,#N/A N/A,#N/A N/A,#N/A N/A,#N/A N/A,#N/A N/A,#N/A N/A,#N/A N/A,#N/A N/A,#N/A N/A,#N/A N/A,56.3403,#N/A N/A,4.1563,RMU BANOVICI DD BANOVICI,0.6939,5.99,52.777,0.593,217.05
RMUBR BT Equity 2024,#N/A N/A,#N/A N/A,#N/A N/A,#N/A N/A,#N/A N/A,#N/A N/A,#N/A N/A,#N/A N/A,#N/A N/A,#N/A N/A,#N/A N/A,#N/A N/A,#N/A N/A,#N/A N/A,#N/A N/A,#N/A N/A,#N/A N/A,#N/A N/A,#N/A N/A,#N/A N/A,#N/A N/A,#N/A N/A,RMU BANOVICI DD BANOVICI,0.6939,3.72,61.6687,10.6914,231.032
RON AU Equity 2018,#N/A N/A,#N/A N/A,#N/A N/A,#N/A N/A,#N/A N/A,#N/A N/A,#N/A N/A,#N/A N/A,#N/A N/A,#N/A N/A,#N/A N/A,#N/A N/A,#N/A N/A,#N/A N/A,#N/A N/A,#N/A N/A,#N/A N/A,#N/A N/A,#N/A N/A,#N/A N/A,#N/A N/A,#N/A N/A,RONIN RESOURCES LTD,#N/A N/A,#N/A N/A,#N/A N/A,#N/A N/A,#N/A N/A
RON AU Equity 2019,#N/A N/A,#N/A N/A,#N/A N/A,#N/A N/A,#N/A N/A,#N/A N/A,#N/A N/A,#N/A N/A,#N/A N/A,#N/A N/A,#N/A N/A,#N/A N/A,#N/A N/A,#N/A N/A,#N/A N/A,#N/A N/A,#N/A N/A,#N/A N/A,#N/A N/A,#N/A N/A,#N/A N/A,#N/A N/A,RONIN RESOURCES LTD,#N/A N/A,#N/A N/A,#N/A N/A,#N/A N/A,#N/A N/A
RON AU Equity 2020,#N/A N/A,#N/A N/A,#N/A N/A,#N/A N/A,#N/A N/A,#N/A N/A,#N/A N/A,#N/A N/A,#N/A N/A,#N/A N/A,#N/A N/A,#N/A N/A,#N/A N/A,#N/A N/A,#N/A N/A,#N/A N/A,#N/A N/A,#N/A N/A,#N/A N/A,#N/A N/A,#N/A N/A,#N/A N/A,RONIN RESOURCES LTD,#N/A N/A,#N/A N/A,#N/A N/A,#N/A N/A,#N/A N/A
RON AU Equity 2021,#N/A N/A,#N/A N/A,#N/A N/A,#N/A N/A,#N/A N/A,#N/A N/A,#N/A N/A,#N/A N/A,#N/A N/A,#N/A N/A,#N/A N/A,#N/A N/A,#N/A N/A,#N/A N/A,#N/A N/A,#N/A N/A,#N/A N/A,#N/A N/A,#N/A N/A,#N/A N/A,#N/A N/A,#N/A N/A,RONIN RESOURCES LTD,13.6644,#N/A N/A,0,0.3377,0.3377
RON AU Equity 2022,#N/A N/A,#N/A N/A,#N/A N/A,#N/A N/A,#N/A N/A,#N/A N/A,#N/A N/A,#N/A N/A,#N/A N/A,#N/A N/A,#N/A N/A,#N/A N/A,#N/A N/A,#N/A N/A,#N/A N/A,#N/A N/A,#N/A N/A,#N/A N/A,#N/A N/A,-0.2078,#N/A N/A,4.1113,RONIN RESOURCES LTD,20.1565,0.13,0,4.3191,4.3538
RON AU Equity 2023,#N/A N/A,#N/A N/A,#N/A N/A,#N/A N/A,#N/A N/A,#N/A N/A,#N/A N/A,#N/A N/A,#N/A N/A,#N/A N/A,#N/A N/A,#N/A N/A,#N/A N/A,#N/A N/A,#N/A N/A,#N/A N/A,#N/A N/A,#N/A N/A,#N/A N/A,1.2764,#N/A N/A,5.2119,RONIN RESOURCES LTD,31.6305,0.155,0,3.9354,3.9741
RON AU Equity 2024,#N/A N/A,#N/A N/A,#N/A N/A,#N/A N/A,#N/A N/A,#N/A N/A,#N/A N/A,#N/A N/A,#N/A N/A,#N/A N/A,#N/A N/A,#N/A N/A,#N/A N/A,#N/A N/A,#N/A N/A,#N/A N/A,#N/A N/A,#N/A N/A,#N/A N/A,1.0626,#N/A N/A,4.2349,RONIN RESOURCES LTD,36.7899,0.115,0,3.1723,3.2062
RIOZ ZH Equity 2018,#N/A N/A,#N/A N/A,#N/A N/A,#N/A N/A,#N/A N/A,#N/A N/A,#N/A N/A,#N/A N/A,#N/A N/A,#N/A N/A,#N/A N/A,#N/A N/A,#N/A N/A,#N/A N/A,#N/A N/A,#N/A N/A,#N/A N/A,#N/A N/A,#N/A N/A,#N/A N/A,#N/A N/A,#N/A N/A,RIOZIM LTD,122.03,#N/A N/A,28.128,0.117,162.104
RIOZ ZH Equity 2019,#N/A N/A,#N/A N/A,#N/A N/A,#N/A N/A,#N/A N/A,#N/A N/A,#N/A N/A,#N/A N/A,#N/A N/A,#N/A N/A,#N/A N/A,#N/A N/A,#N/A N/A,#N/A N/A,#N/A N/A,#N/A N/A,#N/A N/A,#N/A N/A,#N/A N/A,106.5859,#N/A N/A,17.2729,RIOZIM LTD,122.03,0.093,84.882,32.467,1835.303
RIOZ ZH Equity 2020,#N/A N/A,#N/A N/A,#N/A N/A,#N/A N/A,#N/A N/A,#N/A N/A,#N/A N/A,#N/A N/A,#N/A N/A,#N/A N/A,#N/A N/A,#N/A N/A,#N/A N/A,#N/A N/A,#N/A N/A,#N/A N/A,#N/A N/A,#N/A N/A,#N/A N/A,24.8002,#N/A N/A,22.3062,RIOZIM LTD,122.03,0.598,3.6085,1.159,119.0786
RIOZ ZH Equity 2021,#N/A N/A,#N/A N/A,#N/A N/A,#N/A N/A,#N/A N/A,#N/A N/A,#N/A N/A,#N/A N/A,#N/A N/A,#N/A N/A,#N/A N/A,#N/A N/A,#N/A N/A,#N/A N/A,#N/A N/A,#N/A N/A,#N/A N/A,#N/A N/A,#N/A N/A,61.5039,#N/A N/A,44.9193,RIOZIM LTD,122.03,1.601,17.6662,0.777,141.69
RIOZ ZH Equity 2022,#N/A N/A,#N/A N/A,#N/A N/A,#N/A N/A,#N/A N/A,#N/A N/A,#N/A N/A,#N/A N/A,#N/A N/A,#N/A N/A,#N/A N/A,#N/A N/A,#N/A N/A,#N/A N/A,#N/A N/A,#N/A N/A,#N/A N/A,#N/A N/A,#N/A N/A,39.5955,#N/A N/A,25.7893,RIOZIM LTD,122.03,5.607,14.8439,0.5974,136.2026
RIOZ ZH Equity 2023,#N/A N/A,#N/A N/A,#N/A N/A,#N/A N/A,#N/A N/A,#N/A N/A,#N/A N/A,#N/A N/A,#N/A N/A,#N/A N/A,#N/A N/A,#N/A N/A,#N/A N/A,#N/A N/A,#N/A N/A,#N/A N/A,#N/A N/A,#N/A N/A,#N/A N/A,24.2902,#N/A N/A,16.0262,RIOZIM LTD,122.03,32.017,8.6657,0.1558,124.7422
RIOZ ZH Equity 2024,#N/A N/A,#N/A N/A,#N/A N/A,#N/A N/A,#N/A N/A,#N/A N/A,#N/A N/A,#N/A N/A,#N/A N/A,#N/A N/A,#N/A N/A,#N/A N/A,#N/A N/A,#N/A N/A,#N/A N/A,#N/A N/A,#N/A N/A,#N/A N/A,#N/A N/A,#N/A N/A,#N/A N/A,#N/A N/A,RIOZIM LTD,122.03,130,3.9859,0.065,110.1372
REY AU Equity 2018,#N/A N/A,#N/A N/A,#N/A N/A,#N/A N/A,#N/A N/A,#N/A N/A,#N/A N/A,#N/A N/A,#N/A N/A,#N/A N/A,#N/A N/A,#N/A N/A,#N/A N/A,#N/A N/A,#N/A N/A,#N/A N/A,#N/A N/A,#N/A N/A,#N/A N/A,70.5357,#N/A N/A,67.9697,REY RESOURCES LTD,212.4843,0.32,2.602,0.036,42.065
REY AU Equity 2019,#N/A N/A,#N/A N/A,#N/A N/A,#N/A N/A,#N/A N/A,#N/A N/A,#N/A N/A,#N/A N/A,#N/A N/A,#N/A N/A,#N/A N/A,#N/A N/A,#N/A N/A,#N/A N/A,#N/A N/A,#N/A N/A,#N/A N/A,#N/A N/A,#N/A N/A,71.2844,#N/A N/A,65.7784,REY RESOURCES LTD,212.3649,0.31,5.534,0.028,36.086
REY AU Equity 2020,#N/A N/A,#N/A N/A,#N/A N/A,#N/A N/A,#N/A N/A,#N/A N/A,#N/A N/A,#N/A N/A,#N/A N/A,#N/A N/A,#N/A N/A,#N/A N/A,#N/A N/A,#N/A N/A,#N/A N/A,#N/A N/A,#N/A N/A,#N/A N/A,#N/A N/A,73.2957,#N/A N/A,65.7697,REY RESOURCES LTD,212.1769,0.31,7.701,0.175,36.631
REY AU Equity 2021,#N/A N/A,#N/A N/A,#N/A N/A,#N/A N/A,#N/A N/A,#N/A N/A,#N/A N/A,#N/A N/A,#N/A N/A,#N/A N/A,#N/A N/A,#N/A N/A,#N/A N/A,#N/A N/A,#N/A N/A,#N/A N/A,#N/A N/A,#N/A N/A,#N/A N/A,67.5954,#N/A N/A,57.2204,REY RESOURCES LTD,212.011,0.27,10.411,0.036,38.019
REY AU Equity 2022,#N/A N/A,#N/A N/A,#N/A N/A,#N/A N/A,#N/A N/A,#N/A N/A,#N/A N/A,#N/A N/A,#N/A N/A,#N/A N/A,#N/A N/A,#N/A N/A,#N/A N/A,#N/A N/A,#N/A N/A,#N/A N/A,#N/A N/A,#N/A N/A,#N/A N/A,67.8702,#N/A N/A,55.1012,REY RESOURCES LTD,211.9275,0.26,12.941,0.172,39.306
REY AU Equity 2023,#N/A N/A,#N/A N/A,#N/A N/A,#N/A N/A,#N/A N/A,#N/A N/A,#N/A N/A,#N/A N/A,#N/A N/A,#N/A N/A,#N/A N/A,#N/A N/A,#N/A N/A,#N/A N/A,#N/A N/A,#N/A N/A,#N/A N/A,#N/A N/A,#N/A N/A,53.1746,#N/A N/A,37.0506,REY RESOURCES LTD,211.9085,0.175,16.364,0.24,40.177
REY AU Equity 2024,#N/A N/A,#N/A N/A,#N/A N/A,#N/A N/A,#N/A N/A,#N/A N/A,#N/A N/A,#N/A N/A,#N/A N/A,#N/A N/A,#N/A N/A,#N/A N/A,#N/A N/A,#N/A N/A,#N/A N/A,#N/A N/A,#N/A N/A,#N/A N/A,#N/A N/A,31.4671,#N/A N/A,11.8481,REY RESOURCES LTD,211.7031,0.056,19.887,0.268,34.104
RGDL SP Equity 2018,#N/A N/A,#N/A N/A,#N/A N/A,#N/A N/A,#N/A N/A,#N/A N/A,#N/A N/A,#N/A N/A,#N/A N/A,#N/A N/A,#N/A N/A,#N/A N/A,#N/A N/A,#N/A N/A,#N/A N/A,#N/A N/A,#N/A N/A,#N/A N/A,#N/A N/A,#N/A N/A,#N/A N/A,#N/A N/A,RESOURCES GLOBAL DEVT LTD,375,#N/A N/A,0.692,11.3267,33.156
RGDL SP Equity 2019,#N/A N/A,#N/A N/A,#N/A N/A,#N/A N/A,#N/A N/A,#N/A N/A,#N/A N/A,#N/A N/A,#N/A N/A,#N/A N/A,#N/A N/A,#N/A N/A,#N/A N/A,#N/A N/A,#N/A N/A,#N/A N/A,#N/A N/A,#N/A N/A,#N/A N/A,#N/A N/A,#N/A N/A,#N/A N/A,RESOURCES GLOBAL DEVT LTD,375,#N/A N/A,8.2116,7.9713,51.1454
RGDL SP Equity 2020,#N/A N/A,#N/A N/A,#N/A N/A,#N/A N/A,#N/A N/A,#N/A N/A,#N/A N/A,#N/A N/A,#N/A N/A,#N/A N/A,#N/A N/A,#N/A N/A,#N/A N/A,#N/A N/A,#N/A N/A,#N/A N/A,#N/A N/A,#N/A N/A,#N/A N/A,33.3127,#N/A N/A,19.8,RESOURCES GLOBAL DEVT LTD,444.0574,0.044,4.9321,5.8452,50.1622
RGDL SP Equity 2021,#N/A N/A,#N/A N/A,#N/A N/A,#N/A N/A,#N/A N/A,#N/A N/A,#N/A N/A,#N/A N/A,#N/A N/A,#N/A N/A,#N/A N/A,#N/A N/A,#N/A N/A,#N/A N/A,#N/A N/A,#N/A N/A,#N/A N/A,#N/A N/A,#N/A N/A,38.5001,#N/A N/A,36.45,RESOURCES GLOBAL DEVT LTD,450,0.081,3.7081,20.346,72.8424
RGDL SP Equity 2022,#N/A N/A,#N/A N/A,#N/A N/A,#N/A N/A,#N/A N/A,#N/A N/A,#N/A N/A,#N/A N/A,#N/A N/A,#N/A N/A,#N/A N/A,#N/A N/A,#N/A N/A,#N/A N/A,#N/A N/A,#N/A N/A,#N/A N/A,#N/A N/A,#N/A N/A,126.3411,#N/A N/A,104.4,RESOURCES GLOBAL DEVT LTD,450,0.232,16.421,20.0435,112.6491
RGDL SP Equity 2023,#N/A N/A,#N/A N/A,#N/A N/A,#N/A N/A,#N/A N/A,#N/A N/A,#N/A N/A,#N/A N/A,#N/A N/A,#N/A N/A,#N/A N/A,#N/A N/A,#N/A N/A,#N/A N/A,#N/A N/A,#N/A N/A,#N/A N/A,#N/A N/A,#N/A N/A,110.6304,#N/A N/A,96.3,RESOURCES GLOBAL DEVT LTD,450,0.214,2.6327,27.1326,120.8365
RGDL SP Equity 2024,#N/A N/A,#N/A N/A,#N/A N/A,#N/A N/A,#N/A N/A,#N/A N/A,#N/A N/A,#N/A N/A,#N/A N/A,#N/A N/A,#N/A N/A,#N/A N/A,#N/A N/A,#N/A N/A,#N/A N/A,#N/A N/A,#N/A N/A,#N/A N/A,#N/A N/A,186.4341,#N/A N/A,105,RESOURCES GLOBAL DEVT LTD,475.5464,0.21,24.1815,9.6561,182.9663
RPWR IN Equity 2018,#N/A N/A,#N/A N/A,#N/A N/A,#N/A N/A,#N/A N/A,#N/A N/A,#N/A N/A,#N/A N/A,#N/A N/A,#N/A N/A,#N/A N/A,#N/A N/A,#N/A N/A,#N/A N/A,#N/A N/A,#N/A N/A,#N/A N/A,#N/A N/A,#N/A N/A,406266.5654,98398.2,101265.0654,RELIANCE POWER LTD,2805.1265,36.1,316965.6,11964.1,621739.4
RPWR IN Equity 2019,#N/A N/A,#N/A N/A,#N/A N/A,#N/A N/A,#N/A N/A,#N/A N/A,#N/A N/A,#N/A N/A,#N/A N/A,#N/A N/A,#N/A N/A,#N/A N/A,#N/A N/A,#N/A N/A,#N/A N/A,#N/A N/A,#N/A N/A,#N/A N/A,#N/A N/A,331452.2854,82013.1,31838.1854,RELIANCE POWER LTD,2805.1265,11.35,304562,4947.9,580784
RPWR IN Equity 2020,#N/A N/A,#N/A N/A,#N/A N/A,#N/A N/A,#N/A N/A,#N/A N/A,#N/A N/A,#N/A N/A,#N/A N/A,#N/A N/A,#N/A N/A,#N/A N/A,#N/A N/A,#N/A N/A,#N/A N/A,#N/A N/A,#N/A N/A,#N/A N/A,#N/A N/A,301923.0081,75622.7,3506.4081,RELIANCE POWER LTD,2805.1265,1.25,288035.1,3146.4,533429
RPWR IN Equity 2021,#N/A N/A,#N/A N/A,#N/A N/A,#N/A N/A,#N/A N/A,#N/A N/A,#N/A N/A,#N/A N/A,#N/A N/A,#N/A N/A,#N/A N/A,#N/A N/A,#N/A N/A,#N/A N/A,#N/A N/A,#N/A N/A,#N/A N/A,#N/A N/A,#N/A N/A,230665.6001,79340.1,12202.3001,RELIANCE POWER LTD,2805.1265,4.35,206248.1,3464.9,507818.3
RPWR IN Equity 2022,31268.301,58.877,#N/A N/A,#N/A N/A,#N/A N/A,#N/A N/A,#N/A N/A,#N/A N/A,#N/A N/A,#N/A N/A,#N/A N/A,#N/A N/A,#N/A N/A,#N/A N/A,#N/A N/A,#N/A N/A,#N/A N/A,#N/A N/A,#N/A N/A,286640.7073,75031.1,45901.7073,RELIANCE POWER LTD,3230.5922,13.5,231290.3,6767,498116.6
RPWR IN Equity 2023,30525.301,60.931,#N/A N/A,#N/A N/A,#N/A N/A,#N/A N/A,#N/A N/A,#N/A N/A,#N/A N/A,#N/A N/A,#N/A N/A,#N/A N/A,#N/A N/A,#N/A N/A,#N/A N/A,#N/A N/A,#N/A N/A,#N/A N/A,#N/A N/A,256256.2583,75426.9,33831.2583,RELIANCE POWER LTD,3480.4982,9.95,212360.3,6852.8,485354.2
RPWR IN Equity 2024,32913.898,#N/A N/A,#N/A N/A,#N/A N/A,#N/A N/A,#N/A N/A,#N/A N/A,#N/A N/A,#N/A N/A,#N/A N/A,#N/A N/A,#N/A N/A,#N/A N/A,#N/A N/A,#N/A N/A,#N/A N/A,#N/A N/A,#N/A N/A,#N/A N/A,283636.0685,78926,105519.5685,RELIANCE POWER LTD,3789.2747,28.25,187658.3,9541.8,437602.6
RPWR IN Equity 2018,#N/A N/A,#N/A N/A,#N/A N/A,#N/A N/A,#N/A N/A,#N/A N/A,#N/A N/A,#N/A N/A,#N/A N/A,#N/A N/A,#N/A N/A,#N/A N/A,#N/A N/A,#N/A N/A,#N/A N/A,#N/A N/A,#N/A N/A,#N/A N/A,#N/A N/A,406266.5654,98398.2,101265.0654,RELIANCE POWER LTD,2805.1265,36.1,316965.6,11964.1,621739.4
RPWR IN Equity 2019,#N/A N/A,#N/A N/A,#N/A N/A,#N/A N/A,#N/A N/A,#N/A N/A,#N/A N/A,#N/A N/A,#N/A N/A,#N/A N/A,#N/A N/A,#N/A N/A,#N/A N/A,#N/A N/A,#N/A N/A,#N/A N/A,#N/A N/A,#N/A N/A,#N/A N/A,331452.2854,82013.1,31838.1854,RELIANCE POWER LTD,2805.1265,11.35,304562,4947.9,580784
RPWR IN Equity 2020,#N/A N/A,#N/A N/A,#N/A N/A,#N/A N/A,#N/A N/A,#N/A N/A,#N/A N/A,#N/A N/A,#N/A N/A,#N/A N/A,#N/A N/A,#N/A N/A,#N/A N/A,#N/A N/A,#N/A N/A,#N/A N/A,#N/A N/A,#N/A N/A,#N/A N/A,301923.0081,75622.7,3506.4081,RELIANCE POWER LTD,2805.1265,1.25,288035.1,3146.4,533429
RPWR IN Equity 2021,#N/A N/A,#N/A N/A,#N/A N/A,#N/A N/A,#N/A N/A,#N/A N/A,#N/A N/A,#N/A N/A,#N/A N/A,#N/A N/A,#N/A N/A,#N/A N/A,#N/A N/A,#N/A N/A,#N/A N/A,#N/A N/A,#N/A N/A,#N/A N/A,#N/A N/A,230665.6001,79340.1,12202.3001,RELIANCE POWER LTD,2805.1265,4.35,206248.1,3464.9,507818.3
RPWR IN Equity 2022,31268.301,58.877,#N/A N/A,#N/A N/A,#N/A N/A,#N/A N/A,#N/A N/A,#N/A N/A,#N/A N/A,#N/A N/A,#N/A N/A,#N/A N/A,#N/A N/A,#N/A N/A,#N/A N/A,#N/A N/A,#N/A N/A,#N/A N/A,#N/A N/A,286640.7073,75031.1,45901.7073,RELIANCE POWER LTD,3230.5922,13.5,231290.3,6767,498116.6
RPWR IN Equity 2023,30525.301,60.931,#N/A N/A,#N/A N/A,#N/A N/A,#N/A N/A,#N/A N/A,#N/A N/A,#N/A N/A,#N/A N/A,#N/A N/A,#N/A N/A,#N/A N/A,#N/A N/A,#N/A N/A,#N/A N/A,#N/A N/A,#N/A N/A,#N/A N/A,256256.2583,75426.9,33831.2583,RELIANCE POWER LTD,3480.4982,9.95,212360.3,6852.8,485354.2
RPWR IN Equity 2024,32913.898,#N/A N/A,#N/A N/A,#N/A N/A,#N/A N/A,#N/A N/A,#N/A N/A,#N/A N/A,#N/A N/A,#N/A N/A,#N/A N/A,#N/A N/A,#N/A N/A,#N/A N/A,#N/A N/A,#N/A N/A,#N/A N/A,#N/A N/A,#N/A N/A,283636.0685,78926,105519.5685,RELIANCE POWER LTD,3789.2747,28.25,187658.3,9541.8,437602.6
RELI IN Equity 2018,#N/A N/A,#N/A N/A,#N/A N/A,#N/A N/A,#N/A N/A,#N/A N/A,#N/A N/A,#N/A N/A,#N/A N/A,#N/A N/A,#N/A N/A,#N/A N/A,#N/A N/A,#N/A N/A,#N/A N/A,#N/A N/A,#N/A N/A,#N/A N/A,#N/A N/A,340015.5078,223050,113455.1078,RELIANCE INFRASTRUCTURE LTD,262.99,427.5,225025.9,14230.2,1007222.9
RELI IN Equity 2019,#N/A N/A,#N/A N/A,#N/A N/A,#N/A N/A,#N/A N/A,#N/A N/A,#N/A N/A,#N/A N/A,#N/A N/A,#N/A N/A,#N/A N/A,#N/A N/A,#N/A N/A,#N/A N/A,#N/A N/A,#N/A N/A,#N/A N/A,#N/A N/A,#N/A N/A,202752.6129,192790,36358.7129,RELIANCE INFRASTRUCTURE LTD,262.99,137,158602.4,9109.6,683831.6
RELI IN Equity 2020,#N/A N/A,#N/A N/A,#N/A N/A,#N/A N/A,#N/A N/A,#N/A N/A,#N/A N/A,#N/A N/A,#N/A N/A,#N/A N/A,#N/A N/A,#N/A N/A,#N/A N/A,#N/A N/A,#N/A N/A,#N/A N/A,#N/A N/A,#N/A N/A,#N/A N/A,149392.6991,188699.7,2706.9991,RELIANCE INFRASTRUCTURE LTD,262.99,10.2,143002.3,14611.1,651028
RELI IN Equity 2021,#N/A N/A,#N/A N/A,#N/A N/A,#N/A N/A,#N/A N/A,#N/A N/A,#N/A N/A,#N/A N/A,#N/A N/A,#N/A N/A,#N/A N/A,#N/A N/A,#N/A N/A,#N/A N/A,#N/A N/A,#N/A N/A,#N/A N/A,#N/A N/A,#N/A N/A,176866.0615,167045.8,9315.2615,RELIANCE INFRASTRUCTURE LTD,262.99,35.1,139072.2,9268.6,621634.1
RELI IN Equity 2022,12.654,17.345,#N/A N/A,#N/A N/A,#N/A N/A,#N/A N/A,#N/A N/A,#N/A N/A,#N/A N/A,#N/A N/A,#N/A N/A,#N/A N/A,#N/A N/A,#N/A N/A,#N/A N/A,#N/A N/A,#N/A N/A,#N/A N/A,#N/A N/A,183542.177,0.018,29533.777,RELIANCE INFRASTRUCTURE LTD,262.99,112.3,127178.4,12441.7,625326.8
RELI IN Equity 2023,14.304,22.494,#N/A N/A,#N/A N/A,#N/A N/A,#N/A N/A,#N/A N/A,#N/A N/A,#N/A N/A,#N/A N/A,#N/A N/A,#N/A N/A,#N/A N/A,#N/A N/A,#N/A N/A,#N/A N/A,#N/A N/A,#N/A N/A,#N/A N/A,193340.2075,#N/A N/A,50745.7075,RELIANCE INFRASTRUCTURE LTD,285.1158,144.25,115097.3,19098.4,609930.6
RELI IN Equity 2024,18.133,20.016,#N/A N/A,#N/A N/A,#N/A N/A,#N/A N/A,#N/A N/A,#N/A N/A,#N/A N/A,#N/A N/A,#N/A N/A,#N/A N/A,#N/A N/A,#N/A N/A,#N/A N/A,#N/A N/A,#N/A N/A,#N/A N/A,#N/A N/A,223330.547,220668.6,107331.747,RELIANCE INFRASTRUCTURE LTD,377.1105,270.95,97413.3,32523.4,591808.9
REE VN Equity 2018,#N/A N/A,#N/A N/A,#N/A N/A,#N/A N/A,#N/A N/A,#N/A N/A,#N/A N/A,#N/A N/A,#N/A N/A,#N/A N/A,#N/A N/A,#N/A N/A,#N/A N/A,#N/A N/A,#N/A N/A,#N/A N/A,#N/A N/A,#N/A N/A,#N/A N/A,10336461.47,5100651.724,9549568.521,REFRIGERATION ELECTRICAL ENG,542.281,17610,3181389.357,3004022.708,15499663.11
REE VN Equity 2019,#N/A N/A,#N/A N/A,#N/A N/A,#N/A N/A,#N/A N/A,#N/A N/A,#N/A N/A,#N/A N/A,#N/A N/A,#N/A N/A,#N/A N/A,#N/A N/A,#N/A N/A,#N/A N/A,#N/A N/A,#N/A N/A,#N/A N/A,#N/A N/A,#N/A N/A,14825428.22,4889831.825,11254848.61,REFRIGERATION ELECTRICAL ENG,542.281,20754.643,5626810.658,2760872.681,19622764.8
REE VN Equity 2020,#N/A N/A,#N/A N/A,#N/A N/A,#N/A N/A,#N/A N/A,#N/A N/A,#N/A N/A,#N/A N/A,#N/A N/A,#N/A N/A,#N/A N/A,#N/A N/A,#N/A N/A,#N/A N/A,#N/A N/A,#N/A N/A,#N/A N/A,#N/A N/A,#N/A N/A,19506816.49,5639752.726,15128042.83,REFRIGERATION ELECTRICAL ENG,542.281,27987.321,5599348.458,1980227.887,20530453.73
REE VN Equity 2021,#N/A N/A,#N/A N/A,#N/A N/A,#N/A N/A,#N/A N/A,#N/A N/A,#N/A N/A,#N/A N/A,#N/A N/A,#N/A N/A,#N/A N/A,#N/A N/A,#N/A N/A,#N/A N/A,#N/A N/A,#N/A N/A,#N/A N/A,#N/A N/A,#N/A N/A,33640850.63,#N/A N/A,21355418.99,REFRIGERATION ELECTRICAL ENG,540.532,39508.149,11973958.65,2744429.378,31827003.37
REE VN Equity 2022,#N/A N/A,#N/A N/A,#N/A N/A,#N/A N/A,#N/A N/A,#N/A N/A,#N/A N/A,#N/A N/A,#N/A N/A,#N/A N/A,#N/A N/A,#N/A N/A,#N/A N/A,#N/A N/A,#N/A N/A,#N/A N/A,#N/A N/A,#N/A N/A,#N/A N/A,37609158.24,9371813.015,25411283.68,REFRIGERATION ELECTRICAL ENG,540.5229,47012.411,11401085.03,2900632.298,33914556.73
REE VN Equity 2023,#N/A N/A,#N/A N/A,#N/A N/A,#N/A N/A,#N/A N/A,#N/A N/A,#N/A N/A,#N/A N/A,#N/A N/A,#N/A N/A,#N/A N/A,#N/A N/A,#N/A N/A,#N/A N/A,#N/A N/A,#N/A N/A,#N/A N/A,#N/A N/A,#N/A N/A,33254211.57,8569581.133,23214520.4,REFRIGERATION ELECTRICAL ENG,540.5141,42948.96,10742818.95,4155163.139,34912272.85
REE VN Equity 2024,#N/A N/A,#N/A N/A,#N/A N/A,#N/A N/A,#N/A N/A,#N/A N/A,#N/A N/A,#N/A N/A,#N/A N/A,#N/A N/A,#N/A N/A,#N/A N/A,#N/A N/A,#N/A N/A,#N/A N/A,#N/A N/A,#N/A N/A,#N/A N/A,#N/A N/A,39237562.11,8383666.601,31981809.86,REFRIGERATION ELECTRICAL ENG,541.6654,59043.478,10397043.2,6695982.23,36362339.88
REFX IN Equity 2018,#N/A N/A,#N/A N/A,#N/A N/A,#N/A N/A,#N/A N/A,#N/A N/A,#N/A N/A,#N/A N/A,#N/A N/A,#N/A N/A,#N/A N/A,#N/A N/A,#N/A N/A,#N/A N/A,#N/A N/A,#N/A N/A,#N/A N/A,#N/A N/A,#N/A N/A,635.3924,768.583,232.9014,REFEX INDUSTRIES LTD,78.8526,2.95,409.456,6.965,974.697
REFX IN Equity 2019,#N/A N/A,#N/A N/A,#N/A N/A,#N/A N/A,#N/A N/A,#N/A N/A,#N/A N/A,#N/A N/A,#N/A N/A,#N/A N/A,#N/A N/A,#N/A N/A,#N/A N/A,#N/A N/A,#N/A N/A,#N/A N/A,#N/A N/A,#N/A N/A,#N/A N/A,548.7884,4610.511,585.7354,REFEX INDUSTRIES LTD,78.8526,7.43,1.793,38.74,1585.092
REFX IN Equity 2020,#N/A N/A,#N/A N/A,#N/A N/A,#N/A N/A,#N/A N/A,#N/A N/A,#N/A N/A,#N/A N/A,#N/A N/A,#N/A N/A,#N/A N/A,#N/A N/A,#N/A N/A,#N/A N/A,#N/A N/A,#N/A N/A,#N/A N/A,#N/A N/A,#N/A N/A,403.7089,6607.443,523.0609,REFEX INDUSTRIES LTD,78.8535,6.63,90.208,209.56,1379.177
REFX IN Equity 2021,#N/A N/A,#N/A N/A,#N/A N/A,#N/A N/A,#N/A N/A,#N/A N/A,#N/A N/A,#N/A N/A,#N/A N/A,#N/A N/A,#N/A N/A,#N/A N/A,#N/A N/A,#N/A N/A,#N/A N/A,#N/A N/A,#N/A N/A,#N/A N/A,#N/A N/A,2531.7161,0.063,1962.6391,REFEX INDUSTRIES LTD,94.1972,18.69,741.535,172.458,3413.409
REFX IN Equity 2022,#N/A N/A,#N/A N/A,#N/A N/A,#N/A N/A,#N/A N/A,#N/A N/A,#N/A N/A,#N/A N/A,#N/A N/A,#N/A N/A,#N/A N/A,#N/A N/A,#N/A N/A,#N/A N/A,#N/A N/A,#N/A N/A,#N/A N/A,#N/A N/A,#N/A N/A,3346.6445,#N/A N/A,2505.5415,REFEX INDUSTRIES LTD,105.0101,23.86,851.005,9.902,3809.346
REFX IN Equity 2023,#N/A N/A,#N/A N/A,#N/A N/A,#N/A N/A,#N/A N/A,#N/A N/A,#N/A N/A,#N/A N/A,#N/A N/A,#N/A N/A,#N/A N/A,#N/A N/A,#N/A N/A,#N/A N/A,#N/A N/A,#N/A N/A,#N/A N/A,#N/A N/A,#N/A N/A,6646.7196,16291.496,5254.8396,REFEX INDUSTRIES LTD,107.6742,47.54,1494.224,102.344,7523.01
REFX IN Equity 2024,#N/A N/A,#N/A N/A,#N/A N/A,#N/A N/A,#N/A N/A,#N/A N/A,#N/A N/A,#N/A N/A,#N/A N/A,#N/A N/A,#N/A N/A,#N/A N/A,#N/A N/A,#N/A N/A,#N/A N/A,#N/A N/A,#N/A N/A,#N/A N/A,#N/A N/A,17330.4125,13828.703,15524.4425,REFEX INDUSTRIES LTD,110.6365,134.2,2145.621,330.791,7979.79
REETECH IN Equity 2018,#N/A N/A,#N/A N/A,#N/A N/A,#N/A N/A,#N/A N/A,#N/A N/A,#N/A N/A,#N/A N/A,#N/A N/A,#N/A N/A,#N/A N/A,#N/A N/A,#N/A N/A,#N/A N/A,#N/A N/A,#N/A N/A,#N/A N/A,#N/A N/A,#N/A N/A,#N/A N/A,#N/A N/A,#N/A N/A,REETECH INTERNATIONAL LTD,#N/A N/A,#N/A N/A,#N/A N/A,#N/A N/A,#N/A N/A
REETECH IN Equity 2019,#N/A N/A,#N/A N/A,#N/A N/A,#N/A N/A,#N/A N/A,#N/A N/A,#N/A N/A,#N/A N/A,#N/A N/A,#N/A N/A,#N/A N/A,#N/A N/A,#N/A N/A,#N/A N/A,#N/A N/A,#N/A N/A,#N/A N/A,#N/A N/A,#N/A N/A,#N/A N/A,#N/A N/A,#N/A N/A,REETECH INTERNATIONAL LTD,#N/A N/A,#N/A N/A,#N/A N/A,#N/A N/A,#N/A N/A
REETECH IN Equity 2020,#N/A N/A,#N/A N/A,#N/A N/A,#N/A N/A,#N/A N/A,#N/A N/A,#N/A N/A,#N/A N/A,#N/A N/A,#N/A N/A,#N/A N/A,#N/A N/A,#N/A N/A,#N/A N/A,#N/A N/A,#N/A N/A,#N/A N/A,#N/A N/A,#N/A N/A,#N/A N/A,#N/A N/A,#N/A N/A,REETECH INTERNATIONAL LTD,0.5185,#N/A N/A,5.522,0.031,39.617
REETECH IN Equity 2021,#N/A N/A,#N/A N/A,#N/A N/A,#N/A N/A,#N/A N/A,#N/A N/A,#N/A N/A,#N/A N/A,#N/A N/A,#N/A N/A,#N/A N/A,#N/A N/A,#N/A N/A,#N/A N/A,#N/A N/A,#N/A N/A,#N/A N/A,#N/A N/A,#N/A N/A,#N/A N/A,#N/A N/A,#N/A N/A,REETECH INTERNATIONAL LTD,0.5185,#N/A N/A,4.561,6.032,87.778
REETECH IN Equity 2022,#N/A N/A,#N/A N/A,#N/A N/A,#N/A N/A,#N/A N/A,#N/A N/A,#N/A N/A,#N/A N/A,#N/A N/A,#N/A N/A,#N/A N/A,#N/A N/A,#N/A N/A,#N/A N/A,#N/A N/A,#N/A N/A,#N/A N/A,#N/A N/A,#N/A N/A,#N/A N/A,#N/A N/A,#N/A N/A,REETECH INTERNATIONAL LTD,3.6285,#N/A N/A,0,0.102,185.628
REETECH IN Equity 2023,#N/A N/A,#N/A N/A,#N/A N/A,#N/A N/A,#N/A N/A,#N/A N/A,#N/A N/A,#N/A N/A,#N/A N/A,#N/A N/A,#N/A N/A,#N/A N/A,#N/A N/A,#N/A N/A,#N/A N/A,#N/A N/A,#N/A N/A,#N/A N/A,#N/A N/A,242.5128,#N/A N/A,245.1718,REETECH INTERNATIONAL LTD,3.9209,58,12.858,15.517,191.715
REETECH IN Equity 2024,#N/A N/A,#N/A N/A,#N/A N/A,#N/A N/A,#N/A N/A,#N/A N/A,#N/A N/A,#N/A N/A,#N/A N/A,#N/A N/A,#N/A N/A,#N/A N/A,#N/A N/A,#N/A N/A,#N/A N/A,#N/A N/A,#N/A N/A,#N/A N/A,#N/A N/A,182.1794,292.792,185.9924,REETECH INTERNATIONAL LTD,4.2271,44,0,3.813,181.292
RTPOW IN Equity 2018,#N/A N/A,#N/A N/A,#N/A N/A,#N/A N/A,#N/A N/A,#N/A N/A,#N/A N/A,#N/A N/A,#N/A N/A,#N/A N/A,#N/A N/A,#N/A N/A,#N/A N/A,#N/A N/A,#N/A N/A,#N/A N/A,#N/A N/A,#N/A N/A,#N/A N/A,159600.7738,20543.9,15207.6068,RATTANINDIA POWER LTD,2945.4334,5.15,146331.607,1957.286,213699.693
RTPOW IN Equity 2019,#N/A N/A,#N/A N/A,#N/A N/A,#N/A N/A,#N/A N/A,#N/A N/A,#N/A N/A,#N/A N/A,#N/A N/A,#N/A N/A,#N/A N/A,#N/A N/A,#N/A N/A,#N/A N/A,#N/A N/A,#N/A N/A,#N/A N/A,#N/A N/A,#N/A N/A,144287.6881,19236.2,7972.9201,RATTANINDIA POWER LTD,2948.1662,2.7,138707.199,2357.886,194406.835
RTPOW IN Equity 2020,#N/A N/A,#N/A N/A,#N/A N/A,#N/A N/A,#N/A N/A,#N/A N/A,#N/A N/A,#N/A N/A,#N/A N/A,#N/A N/A,#N/A N/A,#N/A N/A,#N/A N/A,#N/A N/A,#N/A N/A,#N/A N/A,#N/A N/A,#N/A N/A,#N/A N/A,127725.0913,17738.8,6668.7053,RATTANINDIA POWER LTD,3322.5011,1.35,125100.121,4007.711,190952.02
RTPOW IN Equity 2021,#N/A N/A,#N/A N/A,#N/A N/A,#N/A N/A,#N/A N/A,#N/A N/A,#N/A N/A,#N/A N/A,#N/A N/A,#N/A N/A,#N/A N/A,#N/A N/A,#N/A N/A,#N/A N/A,#N/A N/A,#N/A N/A,#N/A N/A,#N/A N/A,#N/A N/A,133716.8229,15598.6,13693.7699,RATTANINDIA POWER LTD,4997.5512,2.55,122542.756,2481.137,186154.665
RTPOW IN Equity 2022,#N/A N/A,#N/A N/A,#N/A N/A,#N/A N/A,#N/A N/A,#N/A N/A,#N/A N/A,#N/A N/A,#N/A N/A,#N/A N/A,#N/A N/A,#N/A N/A,#N/A N/A,#N/A N/A,#N/A N/A,#N/A N/A,#N/A N/A,#N/A N/A,#N/A N/A,141461.4314,32595.2,28730.0664,RATTANINDIA POWER LTD,5370.1059,5.35,115470.686,2739.321,176583.8
RTPOW IN Equity 2023,#N/A N/A,#N/A N/A,#N/A N/A,#N/A N/A,#N/A N/A,#N/A N/A,#N/A N/A,#N/A N/A,#N/A N/A,#N/A N/A,#N/A N/A,#N/A N/A,#N/A N/A,#N/A N/A,#N/A N/A,#N/A N/A,#N/A N/A,#N/A N/A,#N/A N/A,123604.3673,32311.6,15841.8123,RATTANINDIA POWER LTD,5370.1059,2.95,110177.837,2415.282,173718.561
RTPOW IN Equity 2024,#N/A N/A,#N/A N/A,#N/A N/A,#N/A N/A,#N/A N/A,#N/A N/A,#N/A N/A,#N/A N/A,#N/A N/A,#N/A N/A,#N/A N/A,#N/A N/A,#N/A N/A,#N/A N/A,#N/A N/A,#N/A N/A,#N/A N/A,#N/A N/A,#N/A N/A,75305.3773,33640,44303.3733,RATTANINDIA POWER LTD,5370.1059,8.25,35618.625,4616.621,95656.609
RATCH TB Equity 2018,6935.75,33.618,#N/A N/A,#N/A N/A,#N/A N/A,#N/A N/A,#N/A N/A,#N/A N/A,#N/A N/A,#N/A N/A,#N/A N/A,#N/A N/A,#N/A N/A,#N/A N/A,#N/A N/A,#N/A N/A,#N/A N/A,#N/A N/A,#N/A N/A,92816.5366,39519.9495,73587.5,RATCH GROUP PCL,1527.7889,48.166,33153.3798,13924.3432,101251.902
RATCH TB Equity 2019,5875.29,43.955,#N/A N/A,#N/A N/A,#N/A N/A,#N/A N/A,#N/A N/A,#N/A N/A,#N/A N/A,#N/A N/A,#N/A N/A,#N/A N/A,#N/A N/A,#N/A N/A,#N/A N/A,#N/A N/A,#N/A N/A,#N/A N/A,#N/A N/A,122455.4103,38364.3473,99687.5,RATCH GROUP PCL,1527.7889,65.25,32136.2717,9369.0117,100229.4265
RATCH TB Equity 2020,6258.87,26.96,3.131,0,0,0,3.131,0,0,0,0,0,0,0,0,0,0,0,#N/A N/A,111370.0324,34205.7452,76850,RATCH GROUP PCL,1527.7889,50.301,43133.3725,8614.0245,112132.2524
RATCH TB Equity 2021,6412.47,38.918,2662.16,#N/A N/A,#N/A N/A,#N/A N/A,#N/A N/A,#N/A N/A,#N/A N/A,#N/A N/A,#N/A N/A,#N/A N/A,#N/A N/A,#N/A N/A,#N/A N/A,#N/A N/A,#N/A N/A,#N/A N/A,#N/A N/A,125449.9758,37326.777,65250,RATCH GROUP PCL,1527.7889,42.709,61119.245,9860.7235,157015.4617
RATCH TB Equity 2022,8515.79,31.367,3113,#N/A N/A,#N/A N/A,#N/A N/A,#N/A N/A,#N/A N/A,#N/A N/A,#N/A N/A,#N/A N/A,#N/A N/A,#N/A N/A,#N/A N/A,#N/A N/A,#N/A N/A,#N/A N/A,#N/A N/A,#N/A N/A,163831.4998,74725.2201,92981.25,RATCH GROUP PCL,1833.356,42.75,98975.1372,37499.5476,229578.2812
RATCH TB Equity 2023,4984.33,28.362,1549.09,#N/A N/A,#N/A N/A,#N/A N/A,#N/A N/A,#N/A N/A,#N/A N/A,#N/A N/A,#N/A N/A,#N/A N/A,#N/A N/A,#N/A N/A,#N/A N/A,#N/A N/A,#N/A N/A,#N/A N/A,#N/A N/A,137162.3386,43675.1495,68512.5,RATCH GROUP PCL,2175,31.5,89582.3031,30068.5363,213478.9479
RATCH TB Equity 2024,5296.1,39.387,1769.02,#N/A N/A,#N/A N/A,#N/A N/A,#N/A N/A,#N/A N/A,#N/A N/A,#N/A N/A,#N/A N/A,#N/A N/A,#N/A N/A,#N/A N/A,#N/A N/A,#N/A N/A,#N/A N/A,#N/A N/A,#N/A N/A,104687.3412,30965.0874,65250,RATCH GROUP PCL,2175,30,46022.7913,15577.6087,214336.909
RIV AU Equity 2018,#N/A N/A,#N/A N/A,#N/A N/A,#N/A N/A,#N/A N/A,#N/A N/A,#N/A N/A,#N/A N/A,#N/A N/A,#N/A N/A,#N/A N/A,#N/A N/A,#N/A N/A,#N/A N/A,#N/A N/A,#N/A N/A,#N/A N/A,#N/A N/A,#N/A N/A,#N/A N/A,#N/A N/A,#N/A N/A,RIVERSDALE MINING LTD,#N/A N/A,#N/A N/A,#N/A N/A,#N/A N/A,#N/A N/A
RIV AU Equity 2019,#N/A N/A,#N/A N/A,#N/A N/A,#N/A N/A,#N/A N/A,#N/A N/A,#N/A N/A,#N/A N/A,#N/A N/A,#N/A N/A,#N/A N/A,#N/A N/A,#N/A N/A,#N/A N/A,#N/A N/A,#N/A N/A,#N/A N/A,#N/A N/A,#N/A N/A,#N/A N/A,#N/A N/A,#N/A N/A,RIVERSDALE MINING LTD,#N/A N/A,#N/A N/A,#N/A N/A,#N/A N/A,#N/A N/A
RIV AU Equity 2020,#N/A N/A,#N/A N/A,#N/A N/A,#N/A N/A,#N/A N/A,#N/A N/A,#N/A N/A,#N/A N/A,#N/A N/A,#N/A N/A,#N/A N/A,#N/A N/A,#N/A N/A,#N/A N/A,#N/A N/A,#N/A N/A,#N/A N/A,#N/A N/A,#N/A N/A,#N/A N/A,#N/A N/A,#N/A N/A,RIVERSDALE MINING LTD,#N/A N/A,#N/A N/A,#N/A N/A,#N/A N/A,#N/A N/A
RIV AU Equity 2021,#N/A N/A,#N/A N/A,#N/A N/A,#N/A N/A,#N/A N/A,#N/A N/A,#N/A N/A,#N/A N/A,#N/A N/A,#N/A N/A,#N/A N/A,#N/A N/A,#N/A N/A,#N/A N/A,#N/A N/A,#N/A N/A,#N/A N/A,#N/A N/A,#N/A N/A,#N/A N/A,#N/A N/A,#N/A N/A,RIVERSDALE MINING LTD,#N/A N/A,#N/A N/A,#N/A N/A,#N/A N/A,#N/A N/A
RIV AU Equity 2022,#N/A N/A,#N/A N/A,#N/A N/A,#N/A N/A,#N/A N/A,#N/A N/A,#N/A N/A,#N/A N/A,#N/A N/A,#N/A N/A,#N/A N/A,#N/A N/A,#N/A N/A,#N/A N/A,#N/A N/A,#N/A N/A,#N/A N/A,#N/A N/A,#N/A N/A,#N/A N/A,#N/A N/A,#N/A N/A,RIVERSDALE MINING LTD,#N/A N/A,#N/A N/A,#N/A N/A,#N/A N/A,#N/A N/A
RIV AU Equity 2023,#N/A N/A,#N/A N/A,#N/A N/A,#N/A N/A,#N/A N/A,#N/A N/A,#N/A N/A,#N/A N/A,#N/A N/A,#N/A N/A,#N/A N/A,#N/A N/A,#N/A N/A,#N/A N/A,#N/A N/A,#N/A N/A,#N/A N/A,#N/A N/A,#N/A N/A,#N/A N/A,#N/A N/A,#N/A N/A,RIVERSDALE MINING LTD,#N/A N/A,#N/A N/A,#N/A N/A,#N/A N/A,#N/A N/A
RIV AU Equity 2024,#N/A N/A,#N/A N/A,#N/A N/A,#N/A N/A,#N/A N/A,#N/A N/A,#N/A N/A,#N/A N/A,#N/A N/A,#N/A N/A,#N/A N/A,#N/A N/A,#N/A N/A,#N/A N/A,#N/A N/A,#N/A N/A,#N/A N/A,#N/A N/A,#N/A N/A,#N/A N/A,#N/A N/A,#N/A N/A,RIVERSDALE MINING LTD,#N/A N/A,#N/A N/A,#N/A N/A,#N/A N/A,#N/A N/A
RINL IN Equity 2018,#N/A N/A,#N/A N/A,#N/A N/A,#N/A N/A,#N/A N/A,#N/A N/A,#N/A N/A,#N/A N/A,#N/A N/A,#N/A N/A,#N/A N/A,#N/A N/A,#N/A N/A,#N/A N/A,#N/A N/A,#N/A N/A,#N/A N/A,#N/A N/A,#N/A N/A,#N/A N/A,#N/A N/A,#N/A N/A,RASHTRIYA ISPAT NIGAM LTD,#N/A N/A,#N/A N/A,158065.7,8792.8,326811.2
RINL IN Equity 2019,#N/A N/A,#N/A N/A,#N/A N/A,#N/A N/A,#N/A N/A,#N/A N/A,#N/A N/A,#N/A N/A,#N/A N/A,#N/A N/A,#N/A N/A,#N/A N/A,#N/A N/A,#N/A N/A,#N/A N/A,#N/A N/A,#N/A N/A,#N/A N/A,#N/A N/A,#N/A N/A,#N/A N/A,#N/A N/A,RASHTRIYA ISPAT NIGAM LTD,#N/A N/A,#N/A N/A,191532.9,4761.7,358500.6
RINL IN Equity 2020,#N/A N/A,#N/A N/A,#N/A N/A,#N/A N/A,#N/A N/A,#N/A N/A,#N/A N/A,#N/A N/A,#N/A N/A,#N/A N/A,#N/A N/A,#N/A N/A,#N/A N/A,#N/A N/A,#N/A N/A,#N/A N/A,#N/A N/A,#N/A N/A,#N/A N/A,#N/A N/A,#N/A N/A,#N/A N/A,RASHTRIYA ISPAT NIGAM LTD,#N/A N/A,#N/A N/A,214372,1951,352221.5
RINL IN Equity 2021,#N/A N/A,#N/A N/A,#N/A N/A,#N/A N/A,#N/A N/A,#N/A N/A,#N/A N/A,#N/A N/A,#N/A N/A,#N/A N/A,#N/A N/A,#N/A N/A,#N/A N/A,#N/A N/A,#N/A N/A,#N/A N/A,#N/A N/A,#N/A N/A,#N/A N/A,#N/A N/A,#N/A N/A,#N/A N/A,RASHTRIYA ISPAT NIGAM LTD,#N/A N/A,#N/A N/A,202843.7,1732.5,330368
RINL IN Equity 2022,#N/A N/A,#N/A N/A,#N/A N/A,#N/A N/A,#N/A N/A,#N/A N/A,#N/A N/A,#N/A N/A,#N/A N/A,#N/A N/A,#N/A N/A,#N/A N/A,#N/A N/A,#N/A N/A,#N/A N/A,#N/A N/A,#N/A N/A,#N/A N/A,#N/A N/A,#N/A N/A,#N/A N/A,#N/A N/A,RASHTRIYA ISPAT NIGAM LTD,#N/A N/A,#N/A N/A,174814.6,1994.1,336343.6
RINL IN Equity 2023,#N/A N/A,#N/A N/A,#N/A N/A,#N/A N/A,#N/A N/A,#N/A N/A,#N/A N/A,#N/A N/A,#N/A N/A,#N/A N/A,#N/A N/A,#N/A N/A,#N/A N/A,#N/A N/A,#N/A N/A,#N/A N/A,#N/A N/A,#N/A N/A,#N/A N/A,#N/A N/A,#N/A N/A,#N/A N/A,RASHTRIYA ISPAT NIGAM LTD,#N/A N/A,#N/A N/A,206357.7,1119.4,340405
RINL IN Equity 2024,#N/A N/A,#N/A N/A,#N/A N/A,#N/A N/A,#N/A N/A,#N/A N/A,#N/A N/A,#N/A N/A,#N/A N/A,#N/A N/A,#N/A N/A,#N/A N/A,#N/A N/A,#N/A N/A,#N/A N/A,#N/A N/A,#N/A N/A,#N/A N/A,#N/A N/A,#N/A N/A,#N/A N/A,#N/A N/A,RASHTRIYA ISPAT NIGAM LTD,#N/A N/A,#N/A N/A,#N/A N/A,#N/A N/A,#N/A N/A
RMKE IJ Equity 2018,#N/A N/A,#N/A N/A,#N/A N/A,#N/A N/A,#N/A N/A,#N/A N/A,#N/A N/A,#N/A N/A,#N/A N/A,#N/A N/A,#N/A N/A,#N/A N/A,#N/A N/A,#N/A N/A,#N/A N/A,#N/A N/A,#N/A N/A,#N/A N/A,#N/A N/A,#N/A N/A,#N/A N/A,#N/A N/A,RMK ENERGY TBK PT,#N/A N/A,#N/A N/A,187048.2209,6499.1084,545532.3894
RMKE IJ Equity 2019,#N/A N/A,#N/A N/A,#N/A N/A,#N/A N/A,#N/A N/A,#N/A N/A,#N/A N/A,#N/A N/A,#N/A N/A,#N/A N/A,#N/A N/A,#N/A N/A,#N/A N/A,#N/A N/A,#N/A N/A,#N/A N/A,#N/A N/A,#N/A N/A,#N/A N/A,#N/A N/A,#N/A N/A,#N/A N/A,RMK ENERGY TBK PT,#N/A N/A,#N/A N/A,334940.247,11387.626,875336.5711
RMKE IJ Equity 2020,#N/A N/A,#N/A N/A,#N/A N/A,#N/A N/A,#N/A N/A,#N/A N/A,#N/A N/A,#N/A N/A,#N/A N/A,#N/A N/A,#N/A N/A,#N/A N/A,#N/A N/A,#N/A N/A,#N/A N/A,#N/A N/A,#N/A N/A,#N/A N/A,#N/A N/A,#N/A N/A,#N/A N/A,#N/A N/A,RMK ENERGY TBK PT,#N/A N/A,#N/A N/A,365896.8746,15470.6816,915091.7754
RMKE IJ Equity 2021,#N/A N/A,#N/A N/A,#N/A N/A,#N/A N/A,#N/A N/A,#N/A N/A,#N/A N/A,#N/A N/A,#N/A N/A,#N/A N/A,#N/A N/A,#N/A N/A,#N/A N/A,#N/A N/A,#N/A N/A,#N/A N/A,#N/A N/A,#N/A N/A,#N/A N/A,1333841.881,1864537.485,971250,RMK ENERGY TBK PT,3550.4808,222,428822.6138,66809.536,1400383.316
RMKE IJ Equity 2022,#N/A N/A,#N/A N/A,#N/A N/A,#N/A N/A,#N/A N/A,#N/A N/A,#N/A N/A,#N/A N/A,#N/A N/A,#N/A N/A,#N/A N/A,#N/A N/A,#N/A N/A,#N/A N/A,#N/A N/A,#N/A N/A,#N/A N/A,#N/A N/A,#N/A N/A,4278168.877,#N/A N/A,4112500,RMK ENERGY TBK PT,4375,940,217141.6648,67166.9792,1676835.378
RMKE IJ Equity 2023,#N/A N/A,#N/A N/A,#N/A N/A,#N/A N/A,#N/A N/A,#N/A N/A,#N/A N/A,#N/A N/A,#N/A N/A,#N/A N/A,#N/A N/A,#N/A N/A,#N/A N/A,#N/A N/A,#N/A N/A,#N/A N/A,#N/A N/A,#N/A N/A,#N/A N/A,3117292.156,#N/A N/A,2603125,RMK ENERGY TBK PT,4375,595,507755.2285,15365.9746,2247694.982
RMKE IJ Equity 2024,#N/A N/A,#N/A N/A,#N/A N/A,#N/A N/A,#N/A N/A,#N/A N/A,#N/A N/A,#N/A N/A,#N/A N/A,#N/A N/A,#N/A N/A,#N/A N/A,#N/A N/A,#N/A N/A,#N/A N/A,#N/A N/A,#N/A N/A,#N/A N/A,#N/A N/A,2591174.3,#N/A N/A,2178750,RMK ENERGY TBK PT,4375,498,447611.5782,43665.5405,2371411.905
RIGS IJ Equity 2018,#N/A N/A,#N/A N/A,#N/A N/A,#N/A N/A,#N/A N/A,#N/A N/A,#N/A N/A,#N/A N/A,#N/A N/A,#N/A N/A,#N/A N/A,#N/A N/A,#N/A N/A,#N/A N/A,#N/A N/A,#N/A N/A,#N/A N/A,#N/A N/A,#N/A N/A,310265.6161,314452.5186,153500.9385,RIG TENDERS INDONESIA PT,609.13,252,195751.1743,38986.4967,1102938.111
RIGS IJ Equity 2019,#N/A N/A,#N/A N/A,#N/A N/A,#N/A N/A,#N/A N/A,#N/A N/A,#N/A N/A,#N/A N/A,#N/A N/A,#N/A N/A,#N/A N/A,#N/A N/A,#N/A N/A,#N/A N/A,#N/A N/A,#N/A N/A,#N/A N/A,#N/A N/A,#N/A N/A,216620.8759,#N/A N/A,176649.0469,RIG TENDERS INDONESIA PT,#N/A N/A,290,77646.6788,37674.8498,810829.24
RIGS IJ Equity 2020,#N/A N/A,#N/A N/A,#N/A N/A,#N/A N/A,#N/A N/A,#N/A N/A,#N/A N/A,#N/A N/A,#N/A N/A,#N/A N/A,#N/A N/A,#N/A N/A,#N/A N/A,#N/A N/A,#N/A N/A,#N/A N/A,#N/A N/A,#N/A N/A,#N/A N/A,85695.2563,366461.215,123048.2919,RIG TENDERS INDONESIA PT,#N/A N/A,202,0,37353.0357,705707.6332
RIGS IJ Equity 2021,#N/A N/A,#N/A N/A,#N/A N/A,#N/A N/A,#N/A N/A,#N/A N/A,#N/A N/A,#N/A N/A,#N/A N/A,#N/A N/A,#N/A N/A,#N/A N/A,#N/A N/A,#N/A N/A,#N/A N/A,#N/A N/A,#N/A N/A,#N/A N/A,#N/A N/A,85843.5429,241762.8751,124267.5984,RIG TENDERS INDONESIA PT,609.13,204,0,38424.0554,621113.6175
RIGS IJ Equity 2022,#N/A N/A,#N/A N/A,#N/A N/A,#N/A N/A,#N/A N/A,#N/A N/A,#N/A N/A,#N/A N/A,#N/A N/A,#N/A N/A,#N/A N/A,#N/A N/A,#N/A N/A,#N/A N/A,#N/A N/A,#N/A N/A,#N/A N/A,#N/A N/A,#N/A N/A,296171.6835,#N/A N/A,383756.6846,RIG TENDERS INDONESIA PT,609.13,630,0,87585.0011,652312.2206
RIGS IJ Equity 2023,#N/A N/A,#N/A N/A,#N/A N/A,#N/A N/A,#N/A N/A,#N/A N/A,#N/A N/A,#N/A N/A,#N/A N/A,#N/A N/A,#N/A N/A,#N/A N/A,#N/A N/A,#N/A N/A,#N/A N/A,#N/A N/A,#N/A N/A,#N/A N/A,#N/A N/A,110991.7437,341707.0635,282636.32,RIG TENDERS INDONESIA PT,609.13,464,0,171644.5763,698659.3513
RIGS IJ Equity 2024,#N/A N/A,#N/A N/A,#N/A N/A,#N/A N/A,#N/A N/A,#N/A N/A,#N/A N/A,#N/A N/A,#N/A N/A,#N/A N/A,#N/A N/A,#N/A N/A,#N/A N/A,#N/A N/A,#N/A N/A,#N/A N/A,#N/A N/A,#N/A N/A,#N/A N/A,32676.0121,#N/A N/A,299691.96,RIG TENDERS INDONESIA PT,609.13,492,0,267015.9479,774124.3473
RIV AU Equity 2018,#N/A N/A,#N/A N/A,#N/A N/A,#N/A N/A,#N/A N/A,#N/A N/A,#N/A N/A,#N/A N/A,#N/A N/A,#N/A N/A,#N/A N/A,#N/A N/A,#N/A N/A,#N/A N/A,#N/A N/A,#N/A N/A,#N/A N/A,#N/A N/A,#N/A N/A,#N/A N/A,#N/A N/A,#N/A N/A,RIVERSDALE MINING LTD,#N/A N/A,#N/A N/A,#N/A N/A,#N/A N/A,#N/A N/A
RIV AU Equity 2019,#N/A N/A,#N/A N/A,#N/A N/A,#N/A N/A,#N/A N/A,#N/A N/A,#N/A N/A,#N/A N/A,#N/A N/A,#N/A N/A,#N/A N/A,#N/A N/A,#N/A N/A,#N/A N/A,#N/A N/A,#N/A N/A,#N/A N/A,#N/A N/A,#N/A N/A,#N/A N/A,#N/A N/A,#N/A N/A,RIVERSDALE MINING LTD,#N/A N/A,#N/A N/A,#N/A N/A,#N/A N/A,#N/A N/A
RIV AU Equity 2020,#N/A N/A,#N/A N/A,#N/A N/A,#N/A N/A,#N/A N/A,#N/A N/A,#N/A N/A,#N/A N/A,#N/A N/A,#N/A N/A,#N/A N/A,#N/A N/A,#N/A N/A,#N/A N/A,#N/A N/A,#N/A N/A,#N/A N/A,#N/A N/A,#N/A N/A,#N/A N/A,#N/A N/A,#N/A N/A,RIVERSDALE MINING LTD,#N/A N/A,#N/A N/A,#N/A N/A,#N/A N/A,#N/A N/A
RIV AU Equity 2021,#N/A N/A,#N/A N/A,#N/A N/A,#N/A N/A,#N/A N/A,#N/A N/A,#N/A N/A,#N/A N/A,#N/A N/A,#N/A N/A,#N/A N/A,#N/A N/A,#N/A N/A,#N/A N/A,#N/A N/A,#N/A N/A,#N/A N/A,#N/A N/A,#N/A N/A,#N/A N/A,#N/A N/A,#N/A N/A,RIVERSDALE MINING LTD,#N/A N/A,#N/A N/A,#N/A N/A,#N/A N/A,#N/A N/A
RIV AU Equity 2022,#N/A N/A,#N/A N/A,#N/A N/A,#N/A N/A,#N/A N/A,#N/A N/A,#N/A N/A,#N/A N/A,#N/A N/A,#N/A N/A,#N/A N/A,#N/A N/A,#N/A N/A,#N/A N/A,#N/A N/A,#N/A N/A,#N/A N/A,#N/A N/A,#N/A N/A,#N/A N/A,#N/A N/A,#N/A N/A,RIVERSDALE MINING LTD,#N/A N/A,#N/A N/A,#N/A N/A,#N/A N/A,#N/A N/A
RIV AU Equity 2023,#N/A N/A,#N/A N/A,#N/A N/A,#N/A N/A,#N/A N/A,#N/A N/A,#N/A N/A,#N/A N/A,#N/A N/A,#N/A N/A,#N/A N/A,#N/A N/A,#N/A N/A,#N/A N/A,#N/A N/A,#N/A N/A,#N/A N/A,#N/A N/A,#N/A N/A,#N/A N/A,#N/A N/A,#N/A N/A,RIVERSDALE MINING LTD,#N/A N/A,#N/A N/A,#N/A N/A,#N/A N/A,#N/A N/A
RIV AU Equity 2024,#N/A N/A,#N/A N/A,#N/A N/A,#N/A N/A,#N/A N/A,#N/A N/A,#N/A N/A,#N/A N/A,#N/A N/A,#N/A N/A,#N/A N/A,#N/A N/A,#N/A N/A,#N/A N/A,#N/A N/A,#N/A N/A,#N/A N/A,#N/A N/A,#N/A N/A,#N/A N/A,#N/A N/A,#N/A N/A,RIVERSDALE MINING LTD,#N/A N/A,#N/A N/A,#N/A N/A,#N/A N/A,#N/A N/A
REE VN Equity 2018,#N/A N/A,#N/A N/A,#N/A N/A,#N/A N/A,#N/A N/A,#N/A N/A,#N/A N/A,#N/A N/A,#N/A N/A,#N/A N/A,#N/A N/A,#N/A N/A,#N/A N/A,#N/A N/A,#N/A N/A,#N/A N/A,#N/A N/A,#N/A N/A,#N/A N/A,10336461.47,5100651.724,9549568.521,REFRIGERATION ELECTRICAL ENG,542.281,17610,3181389.357,3004022.708,15499663.11
REE VN Equity 2019,#N/A N/A,#N/A N/A,#N/A N/A,#N/A N/A,#N/A N/A,#N/A N/A,#N/A N/A,#N/A N/A,#N/A N/A,#N/A N/A,#N/A N/A,#N/A N/A,#N/A N/A,#N/A N/A,#N/A N/A,#N/A N/A,#N/A N/A,#N/A N/A,#N/A N/A,14825428.22,4889831.825,11254848.61,REFRIGERATION ELECTRICAL ENG,542.281,20754.643,5626810.658,2760872.681,19622764.8
REE VN Equity 2020,#N/A N/A,#N/A N/A,#N/A N/A,#N/A N/A,#N/A N/A,#N/A N/A,#N/A N/A,#N/A N/A,#N/A N/A,#N/A N/A,#N/A N/A,#N/A N/A,#N/A N/A,#N/A N/A,#N/A N/A,#N/A N/A,#N/A N/A,#N/A N/A,#N/A N/A,19506816.49,5639752.726,15128042.83,REFRIGERATION ELECTRICAL ENG,542.281,27987.321,5599348.458,1980227.887,20530453.73
REE VN Equity 2021,#N/A N/A,#N/A N/A,#N/A N/A,#N/A N/A,#N/A N/A,#N/A N/A,#N/A N/A,#N/A N/A,#N/A N/A,#N/A N/A,#N/A N/A,#N/A N/A,#N/A N/A,#N/A N/A,#N/A N/A,#N/A N/A,#N/A N/A,#N/A N/A,#N/A N/A,33640850.63,#N/A N/A,21355418.99,REFRIGERATION ELECTRICAL ENG,540.532,39508.149,11973958.65,2744429.378,31827003.37
REE VN Equity 2022,#N/A N/A,#N/A N/A,#N/A N/A,#N/A N/A,#N/A N/A,#N/A N/A,#N/A N/A,#N/A N/A,#N/A N/A,#N/A N/A,#N/A N/A,#N/A N/A,#N/A N/A,#N/A N/A,#N/A N/A,#N/A N/A,#N/A N/A,#N/A N/A,#N/A N/A,37609158.24,9371813.015,25411283.68,REFRIGERATION ELECTRICAL ENG,540.5229,47012.411,11401085.03,2900632.298,33914556.73
REE VN Equity 2023,#N/A N/A,#N/A N/A,#N/A N/A,#N/A N/A,#N/A N/A,#N/A N/A,#N/A N/A,#N/A N/A,#N/A N/A,#N/A N/A,#N/A N/A,#N/A N/A,#N/A N/A,#N/A N/A,#N/A N/A,#N/A N/A,#N/A N/A,#N/A N/A,#N/A N/A,33254211.57,8569581.133,23214520.4,REFRIGERATION ELECTRICAL ENG,540.5141,42948.96,10742818.95,4155163.139,34912272.85
REE VN Equity 2024,#N/A N/A,#N/A N/A,#N/A N/A,#N/A N/A,#N/A N/A,#N/A N/A,#N/A N/A,#N/A N/A,#N/A N/A,#N/A N/A,#N/A N/A,#N/A N/A,#N/A N/A,#N/A N/A,#N/A N/A,#N/A N/A,#N/A N/A,#N/A N/A,#N/A N/A,39237562.11,8383666.601,31981809.86,REFRIGERATION ELECTRICAL ENG,541.6654,59043.478,10397043.2,6695982.23,36362339.88
RIV AU Equity 2018,#N/A N/A,#N/A N/A,#N/A N/A,#N/A N/A,#N/A N/A,#N/A N/A,#N/A N/A,#N/A N/A,#N/A N/A,#N/A N/A,#N/A N/A,#N/A N/A,#N/A N/A,#N/A N/A,#N/A N/A,#N/A N/A,#N/A N/A,#N/A N/A,#N/A N/A,#N/A N/A,#N/A N/A,#N/A N/A,RIVERSDALE MINING LTD,#N/A N/A,#N/A N/A,#N/A N/A,#N/A N/A,#N/A N/A
RIV AU Equity 2019,#N/A N/A,#N/A N/A,#N/A N/A,#N/A N/A,#N/A N/A,#N/A N/A,#N/A N/A,#N/A N/A,#N/A N/A,#N/A N/A,#N/A N/A,#N/A N/A,#N/A N/A,#N/A N/A,#N/A N/A,#N/A N/A,#N/A N/A,#N/A N/A,#N/A N/A,#N/A N/A,#N/A N/A,#N/A N/A,RIVERSDALE MINING LTD,#N/A N/A,#N/A N/A,#N/A N/A,#N/A N/A,#N/A N/A
RIV AU Equity 2020,#N/A N/A,#N/A N/A,#N/A N/A,#N/A N/A,#N/A N/A,#N/A N/A,#N/A N/A,#N/A N/A,#N/A N/A,#N/A N/A,#N/A N/A,#N/A N/A,#N/A N/A,#N/A N/A,#N/A N/A,#N/A N/A,#N/A N/A,#N/A N/A,#N/A N/A,#N/A N/A,#N/A N/A,#N/A N/A,RIVERSDALE MINING LTD,#N/A N/A,#N/A N/A,#N/A N/A,#N/A N/A,#N/A N/A
RIV AU Equity 2021,#N/A N/A,#N/A N/A,#N/A N/A,#N/A N/A,#N/A N/A,#N/A N/A,#N/A N/A,#N/A N/A,#N/A N/A,#N/A N/A,#N/A N/A,#N/A N/A,#N/A N/A,#N/A N/A,#N/A N/A,#N/A N/A,#N/A N/A,#N/A N/A,#N/A N/A,#N/A N/A,#N/A N/A,#N/A N/A,RIVERSDALE MINING LTD,#N/A N/A,#N/A N/A,#N/A N/A,#N/A N/A,#N/A N/A
RIV AU Equity 2022,#N/A N/A,#N/A N/A,#N/A N/A,#N/A N/A,#N/A N/A,#N/A N/A,#N/A N/A,#N/A N/A,#N/A N/A,#N/A N/A,#N/A N/A,#N/A N/A,#N/A N/A,#N/A N/A,#N/A N/A,#N/A N/A,#N/A N/A,#N/A N/A,#N/A N/A,#N/A N/A,#N/A N/A,#N/A N/A,RIVERSDALE MINING LTD,#N/A N/A,#N/A N/A,#N/A N/A,#N/A N/A,#N/A N/A
RIV AU Equity 2023,#N/A N/A,#N/A N/A,#N/A N/A,#N/A N/A,#N/A N/A,#N/A N/A,#N/A N/A,#N/A N/A,#N/A N/A,#N/A N/A,#N/A N/A,#N/A N/A,#N/A N/A,#N/A N/A,#N/A N/A,#N/A N/A,#N/A N/A,#N/A N/A,#N/A N/A,#N/A N/A,#N/A N/A,#N/A N/A,RIVERSDALE MINING LTD,#N/A N/A,#N/A N/A,#N/A N/A,#N/A N/A,#N/A N/A
RIV AU Equity 2024,#N/A N/A,#N/A N/A,#N/A N/A,#N/A N/A,#N/A N/A,#N/A N/A,#N/A N/A,#N/A N/A,#N/A N/A,#N/A N/A,#N/A N/A,#N/A N/A,#N/A N/A,#N/A N/A,#N/A N/A,#N/A N/A,#N/A N/A,#N/A N/A,#N/A N/A,#N/A N/A,#N/A N/A,#N/A N/A,RIVERSDALE MINING LTD,#N/A N/A,#N/A N/A,#N/A N/A,#N/A N/A,#N/A N/A
RTEURA BK Equity 2018,#N/A N/A,#N/A N/A,#N/A N/A,#N/A N/A,#N/A N/A,#N/A N/A,#N/A N/A,#N/A N/A,#N/A N/A,#N/A N/A,#N/A N/A,#N/A N/A,#N/A N/A,#N/A N/A,#N/A N/A,#N/A N/A,#N/A N/A,#N/A N/A,#N/A N/A,118.6734,#N/A N/A,5.1203,RITE UGLJEVIK AD UGLJEVIK,256.0132,0.02,113.7847,0.2316,663.0548
RTEURA BK Equity 2019,#N/A N/A,#N/A N/A,#N/A N/A,#N/A N/A,#N/A N/A,#N/A N/A,#N/A N/A,#N/A N/A,#N/A N/A,#N/A N/A,#N/A N/A,#N/A N/A,#N/A N/A,#N/A N/A,#N/A N/A,#N/A N/A,#N/A N/A,#N/A N/A,#N/A N/A,150.606,#N/A N/A,12.2886,RITE UGLJEVIK AD UGLJEVIK,256.0132,0.048,138.5135,0.1962,690.6944
RTEURA BK Equity 2020,#N/A N/A,#N/A N/A,#N/A N/A,#N/A N/A,#N/A N/A,#N/A N/A,#N/A N/A,#N/A N/A,#N/A N/A,#N/A N/A,#N/A N/A,#N/A N/A,#N/A N/A,#N/A N/A,#N/A N/A,#N/A N/A,#N/A N/A,#N/A N/A,#N/A N/A,236.3213,#N/A N/A,8.4484,RITE UGLJEVIK AD UGLJEVIK,256.0132,0.033,138.7896,0.5168,717.0668
RTEURA BK Equity 2021,#N/A N/A,#N/A N/A,#N/A N/A,#N/A N/A,#N/A N/A,#N/A N/A,#N/A N/A,#N/A N/A,#N/A N/A,#N/A N/A,#N/A N/A,#N/A N/A,#N/A N/A,#N/A N/A,#N/A N/A,#N/A N/A,#N/A N/A,#N/A N/A,#N/A N/A,252.0037,#N/A N/A,8.7044,RITE UGLJEVIK AD UGLJEVIK,256.0132,0.034,155.1315,1.4324,703.9314
RTEURA BK Equity 2022,#N/A N/A,#N/A N/A,#N/A N/A,#N/A N/A,#N/A N/A,#N/A N/A,#N/A N/A,#N/A N/A,#N/A N/A,#N/A N/A,#N/A N/A,#N/A N/A,#N/A N/A,#N/A N/A,#N/A N/A,#N/A N/A,#N/A N/A,#N/A N/A,#N/A N/A,144.3725,#N/A N/A,10.2405,RITE UGLJEVIK AD UGLJEVIK,256.0132,0.04,134.3104,0.1784,686.4356
RTEURA BK Equity 2023,#N/A N/A,#N/A N/A,#N/A N/A,#N/A N/A,#N/A N/A,#N/A N/A,#N/A N/A,#N/A N/A,#N/A N/A,#N/A N/A,#N/A N/A,#N/A N/A,#N/A N/A,#N/A N/A,#N/A N/A,#N/A N/A,#N/A N/A,#N/A N/A,#N/A N/A,145.885,#N/A N/A,7.6804,RITE UGLJEVIK AD UGLJEVIK,256.0132,0.03,138.4407,0.236,667.2032
RTEURA BK Equity 2024,#N/A N/A,#N/A N/A,#N/A N/A,#N/A N/A,#N/A N/A,#N/A N/A,#N/A N/A,#N/A N/A,#N/A N/A,#N/A N/A,#N/A N/A,#N/A N/A,#N/A N/A,#N/A N/A,#N/A N/A,#N/A N/A,#N/A N/A,#N/A N/A,#N/A N/A,387.2978,#N/A N/A,3.5842,RITE UGLJEVIK AD UGLJEVIK,256.013,0.014,384.013,0.2993,629.63
RITERA BK Equity 2018,#N/A N/A,#N/A N/A,#N/A N/A,#N/A N/A,#N/A N/A,#N/A N/A,#N/A N/A,#N/A N/A,#N/A N/A,#N/A N/A,#N/A N/A,#N/A N/A,#N/A N/A,#N/A N/A,#N/A N/A,#N/A N/A,#N/A N/A,#N/A N/A,#N/A N/A,32.0644,#N/A N/A,5.6994,RITE GACKO AD GACKO,379.9599,0.015,26.7335,0.3685,537.1375
RITERA BK Equity 2019,#N/A N/A,#N/A N/A,#N/A N/A,#N/A N/A,#N/A N/A,#N/A N/A,#N/A N/A,#N/A N/A,#N/A N/A,#N/A N/A,#N/A N/A,#N/A N/A,#N/A N/A,#N/A N/A,#N/A N/A,#N/A N/A,#N/A N/A,#N/A N/A,#N/A N/A,47.0181,#N/A N/A,14.4385,RITE GACKO AD GACKO,379.9599,0.038,32.888,0.3085,533.4339
RITERA BK Equity 2020,#N/A N/A,#N/A N/A,#N/A N/A,#N/A N/A,#N/A N/A,#N/A N/A,#N/A N/A,#N/A N/A,#N/A N/A,#N/A N/A,#N/A N/A,#N/A N/A,#N/A N/A,#N/A N/A,#N/A N/A,#N/A N/A,#N/A N/A,#N/A N/A,#N/A N/A,32.3076,#N/A N/A,9.499,RITE GACKO AD GACKO,379.9599,0.025,23.1052,0.2966,566.2147
RITERA BK Equity 2021,#N/A N/A,#N/A N/A,#N/A N/A,#N/A N/A,#N/A N/A,#N/A N/A,#N/A N/A,#N/A N/A,#N/A N/A,#N/A N/A,#N/A N/A,#N/A N/A,#N/A N/A,#N/A N/A,#N/A N/A,#N/A N/A,#N/A N/A,#N/A N/A,#N/A N/A,36.6488,#N/A N/A,11.3988,RITE GACKO AD GACKO,379.9599,0.03,27.0826,1.8326,563.9859
RITERA BK Equity 2022,#N/A N/A,#N/A N/A,#N/A N/A,#N/A N/A,#N/A N/A,#N/A N/A,#N/A N/A,#N/A N/A,#N/A N/A,#N/A N/A,#N/A N/A,#N/A N/A,#N/A N/A,#N/A N/A,#N/A N/A,#N/A N/A,#N/A N/A,#N/A N/A,#N/A N/A,74.1566,#N/A N/A,11.7788,RITE GACKO AD GACKO,379.9599,0.031,70.6653,8.2875,592.9217
RITERA BK Equity 2023,#N/A N/A,#N/A N/A,#N/A N/A,#N/A N/A,#N/A N/A,#N/A N/A,#N/A N/A,#N/A N/A,#N/A N/A,#N/A N/A,#N/A N/A,#N/A N/A,#N/A N/A,#N/A N/A,#N/A N/A,#N/A N/A,#N/A N/A,#N/A N/A,#N/A N/A,73.7069,#N/A N/A,11.3988,RITE GACKO AD GACKO,379.9599,0.03,65.2136,2.9055,598.8443
RITERA BK Equity 2024,#N/A N/A,#N/A N/A,#N/A N/A,#N/A N/A,#N/A N/A,#N/A N/A,#N/A N/A,#N/A N/A,#N/A N/A,#N/A N/A,#N/A N/A,#N/A N/A,#N/A N/A,#N/A N/A,#N/A N/A,#N/A N/A,#N/A N/A,#N/A N/A,#N/A N/A,72.5777,#N/A N/A,4.5595,RITE GACKO AD GACKO,379.9599,0.012,70.4318,2.4136,611.7368
RUPV ME Equity 2018,#N/A N/A,#N/A N/A,#N/A N/A,#N/A N/A,#N/A N/A,#N/A N/A,#N/A N/A,#N/A N/A,#N/A N/A,#N/A N/A,#N/A N/A,#N/A N/A,#N/A N/A,#N/A N/A,#N/A N/A,#N/A N/A,#N/A N/A,#N/A N/A,#N/A N/A,32.0774,#N/A N/A,30.3867,RUDNIK UGLJA AD PLJEVLJA,5.0644,6,5.0174,3.3267,74.7955
RUPV ME Equity 2019,#N/A N/A,#N/A N/A,#N/A N/A,#N/A N/A,#N/A N/A,#N/A N/A,#N/A N/A,#N/A N/A,#N/A N/A,#N/A N/A,#N/A N/A,#N/A N/A,#N/A N/A,#N/A N/A,#N/A N/A,#N/A N/A,#N/A N/A,#N/A N/A,#N/A N/A,31.5609,#N/A N/A,30.3867,RUDNIK UGLJA AD PLJEVLJA,5.0644,6,4.8095,3.6352,79.8596
RUPV ME Equity 2020,#N/A N/A,#N/A N/A,#N/A N/A,#N/A N/A,#N/A N/A,#N/A N/A,#N/A N/A,#N/A N/A,#N/A N/A,#N/A N/A,#N/A N/A,#N/A N/A,#N/A N/A,#N/A N/A,#N/A N/A,#N/A N/A,#N/A N/A,#N/A N/A,#N/A N/A,24.9181,#N/A N/A,30.3867,RUDNIK UGLJA AD PLJEVLJA,5.0644,6,0.5493,6.0179,85.7439
RUPV ME Equity 2021,#N/A N/A,#N/A N/A,#N/A N/A,#N/A N/A,#N/A N/A,#N/A N/A,#N/A N/A,#N/A N/A,#N/A N/A,#N/A N/A,#N/A N/A,#N/A N/A,#N/A N/A,#N/A N/A,#N/A N/A,#N/A N/A,#N/A N/A,#N/A N/A,#N/A N/A,27.1695,#N/A N/A,30.3867,RUDNIK UGLJA AD PLJEVLJA,5.0644,6,0.6065,3.8236,105.2426
RUPV ME Equity 2022,#N/A N/A,#N/A N/A,#N/A N/A,#N/A N/A,#N/A N/A,#N/A N/A,#N/A N/A,#N/A N/A,#N/A N/A,#N/A N/A,#N/A N/A,#N/A N/A,#N/A N/A,#N/A N/A,#N/A N/A,#N/A N/A,#N/A N/A,#N/A N/A,#N/A N/A,29.5977,#N/A N/A,30.3867,RUDNIK UGLJA AD PLJEVLJA,5.0644,6,0.5964,1.3854,124.0023
RUPV ME Equity 2023,#N/A N/A,#N/A N/A,#N/A N/A,#N/A N/A,#N/A N/A,#N/A N/A,#N/A N/A,#N/A N/A,#N/A N/A,#N/A N/A,#N/A N/A,#N/A N/A,#N/A N/A,#N/A N/A,#N/A N/A,#N/A N/A,#N/A N/A,#N/A N/A,#N/A N/A,27.3785,#N/A N/A,30.3867,RUDNIK UGLJA AD PLJEVLJA,5.0644,6,0.6512,3.6593,132.1502
RUPV ME Equity 2024,#N/A N/A,#N/A N/A,#N/A N/A,#N/A N/A,#N/A N/A,#N/A N/A,#N/A N/A,#N/A N/A,#N/A N/A,#N/A N/A,#N/A N/A,#N/A N/A,#N/A N/A,#N/A N/A,#N/A N/A,#N/A N/A,#N/A N/A,#N/A N/A,#N/A N/A,24.0339,#N/A N/A,30.3867,RUDNIK UGLJA AD PLJEVLJA,5.0644,6,0.3419,6.6947,147.808
RATCH TB Equity 2018,6935.75,33.618,#N/A N/A,#N/A N/A,#N/A N/A,#N/A N/A,#N/A N/A,#N/A N/A,#N/A N/A,#N/A N/A,#N/A N/A,#N/A N/A,#N/A N/A,#N/A N/A,#N/A N/A,#N/A N/A,#N/A N/A,#N/A N/A,#N/A N/A,92816.5366,39519.9495,73587.5,RATCH GROUP PCL,1527.7889,48.166,33153.3798,13924.3432,101251.902
RATCH TB Equity 2019,5875.29,43.955,#N/A N/A,#N/A N/A,#N/A N/A,#N/A N/A,#N/A N/A,#N/A N/A,#N/A N/A,#N/A N/A,#N/A N/A,#N/A N/A,#N/A N/A,#N/A N/A,#N/A N/A,#N/A N/A,#N/A N/A,#N/A N/A,#N/A N/A,122455.4103,38364.3473,99687.5,RATCH GROUP PCL,1527.7889,65.25,32136.2717,9369.0117,100229.4265
RATCH TB Equity 2020,6258.87,26.96,3.131,0,0,0,3.131,0,0,0,0,0,0,0,0,0,0,0,#N/A N/A,111370.0324,34205.7452,76850,RATCH GROUP PCL,1527.7889,50.301,43133.3725,8614.0245,112132.2524
RATCH TB Equity 2021,6412.47,38.918,2662.16,#N/A N/A,#N/A N/A,#N/A N/A,#N/A N/A,#N/A N/A,#N/A N/A,#N/A N/A,#N/A N/A,#N/A N/A,#N/A N/A,#N/A N/A,#N/A N/A,#N/A N/A,#N/A N/A,#N/A N/A,#N/A N/A,125449.9758,37326.777,65250,RATCH GROUP PCL,1527.7889,42.709,61119.245,9860.7235,157015.4617
RATCH TB Equity 2022,8515.79,31.367,3113,#N/A N/A,#N/A N/A,#N/A N/A,#N/A N/A,#N/A N/A,#N/A N/A,#N/A N/A,#N/A N/A,#N/A N/A,#N/A N/A,#N/A N/A,#N/A N/A,#N/A N/A,#N/A N/A,#N/A N/A,#N/A N/A,163831.4998,74725.2201,92981.25,RATCH GROUP PCL,1833.356,42.75,98975.1372,37499.5476,229578.2812
RATCH TB Equity 2023,4984.33,28.362,1549.09,#N/A N/A,#N/A N/A,#N/A N/A,#N/A N/A,#N/A N/A,#N/A N/A,#N/A N/A,#N/A N/A,#N/A N/A,#N/A N/A,#N/A N/A,#N/A N/A,#N/A N/A,#N/A N/A,#N/A N/A,#N/A N/A,137162.3386,43675.1495,68512.5,RATCH GROUP PCL,2175,31.5,89582.3031,30068.5363,213478.9479
RATCH TB Equity 2024,5296.1,39.387,1769.02,#N/A N/A,#N/A N/A,#N/A N/A,#N/A N/A,#N/A N/A,#N/A N/A,#N/A N/A,#N/A N/A,#N/A N/A,#N/A N/A,#N/A N/A,#N/A N/A,#N/A N/A,#N/A N/A,#N/A N/A,#N/A N/A,104687.3412,30965.0874,65250,RATCH GROUP PCL,2175,30,46022.7913,15577.6087,214336.909
REPOWZ CH Equity 2018,#N/A N/A,#N/A N/A,#N/A N/A,#N/A N/A,#N/A N/A,#N/A N/A,#N/A N/A,#N/A N/A,#N/A N/A,#N/A N/A,#N/A N/A,#N/A N/A,#N/A N/A,#N/A N/A,#N/A N/A,#N/A N/A,#N/A N/A,#N/A N/A,#N/A N/A,#N/A N/A,#N/A N/A,#N/A N/A,CHINA RESOURCES POWER INVEST,#N/A N/A,#N/A N/A,35244.2469,3866.7745,98460.89
REPOWZ CH Equity 2019,#N/A N/A,#N/A N/A,#N/A N/A,#N/A N/A,#N/A N/A,#N/A N/A,#N/A N/A,#N/A N/A,#N/A N/A,#N/A N/A,#N/A N/A,#N/A N/A,#N/A N/A,#N/A N/A,#N/A N/A,#N/A N/A,#N/A N/A,#N/A N/A,#N/A N/A,#N/A N/A,#N/A N/A,#N/A N/A,CHINA RESOURCES POWER INVEST,#N/A N/A,#N/A N/A,34368.6933,3106.8307,105563.6094
REPOWZ CH Equity 2020,#N/A N/A,#N/A N/A,#N/A N/A,#N/A N/A,#N/A N/A,#N/A N/A,#N/A N/A,#N/A N/A,#N/A N/A,#N/A N/A,#N/A N/A,#N/A N/A,#N/A N/A,#N/A N/A,#N/A N/A,#N/A N/A,#N/A N/A,#N/A N/A,#N/A N/A,#N/A N/A,#N/A N/A,#N/A N/A,CHINA RESOURCES POWER INVEST,15800,#N/A N/A,34324.4894,2317.6235,118968.7323
REPOWZ CH Equity 2021,#N/A N/A,#N/A N/A,#N/A N/A,#N/A N/A,#N/A N/A,#N/A N/A,#N/A N/A,#N/A N/A,#N/A N/A,#N/A N/A,#N/A N/A,#N/A N/A,#N/A N/A,#N/A N/A,#N/A N/A,#N/A N/A,#N/A N/A,#N/A N/A,#N/A N/A,#N/A N/A,#N/A N/A,#N/A N/A,CHINA RESOURCES POWER INVEST,#N/A N/A,#N/A N/A,39510.6314,4032.3332,126148.5762
REPOWZ CH Equity 2022,#N/A N/A,#N/A N/A,#N/A N/A,#N/A N/A,#N/A N/A,#N/A N/A,#N/A N/A,#N/A N/A,#N/A N/A,#N/A N/A,#N/A N/A,#N/A N/A,#N/A N/A,#N/A N/A,#N/A N/A,#N/A N/A,#N/A N/A,#N/A N/A,#N/A N/A,#N/A N/A,#N/A N/A,#N/A N/A,CHINA RESOURCES POWER INVEST,#N/A N/A,#N/A N/A,38820.4369,966.2882,115494.4792
REPOWZ CH Equity 2023,#N/A N/A,#N/A N/A,#N/A N/A,#N/A N/A,#N/A N/A,#N/A N/A,#N/A N/A,#N/A N/A,#N/A N/A,#N/A N/A,#N/A N/A,#N/A N/A,#N/A N/A,#N/A N/A,#N/A N/A,#N/A N/A,#N/A N/A,#N/A N/A,#N/A N/A,#N/A N/A,#N/A N/A,#N/A N/A,CHINA RESOURCES POWER INVEST,#N/A N/A,#N/A N/A,42688.1568,78.5539,114469.7346
REPOWZ CH Equity 2024,#N/A N/A,#N/A N/A,#N/A N/A,#N/A N/A,#N/A N/A,#N/A N/A,#N/A N/A,#N/A N/A,#N/A N/A,#N/A N/A,#N/A N/A,#N/A N/A,#N/A N/A,#N/A N/A,#N/A N/A,#N/A N/A,#N/A N/A,#N/A N/A,#N/A N/A,#N/A N/A,#N/A N/A,#N/A N/A,CHINA RESOURCES POWER INVEST,#N/A N/A,#N/A N/A,#N/A N/A,#N/A N/A,#N/A N/A
RDSA LN Equity 2018,71000,11000,1721230,190000,600,96000,6000,200,200,250,170,24000,#N/A N/A,1351000,25000,#N/A N/A,1650,700,#N/A N/A,294870.167,388379,240899.167,SHELL PLC,8282.8,2307.5,76824,26741,399194
RDSA LN Equity 2019,70000,11000,1551000,178000,#N/A N/A,102000,#N/A N/A,#N/A N/A,#N/A N/A,#N/A N/A,#N/A N/A,#N/A N/A,#N/A N/A,1271000,#N/A N/A,#N/A N/A,#N/A N/A,#N/A N/A,#N/A N/A,315268.2917,344877,232912.2917,SHELL PLC,8058.3,2235,96424,18055,404336
RDSA LN Equity 2020,63000,10000,1305000,147000,#N/A N/A,103000,#N/A N/A,#N/A N/A,#N/A N/A,#N/A N/A,#N/A N/A,#N/A N/A,#N/A N/A,1054000,#N/A N/A,#N/A N/A,#N/A N/A,#N/A N/A,#N/A N/A,217293.5996,180543,137882.5996,SHELL PLC,7795.6,1297.8,108014,31830,379268
RDSA LN Equity 2021,60000,9000,1299000,147000,#N/A N/A,136000,#N/A N/A,#N/A N/A,#N/A N/A,#N/A N/A,#N/A N/A,6000,#N/A N/A,1010000,#N/A N/A,#N/A N/A,#N/A N/A,#N/A N/A,#N/A N/A,223610.8564,261504,168134.8564,SHELL PLC,7761.7,1621.8,89086,36970,404379
RDSA LN Equity 2022,51000,8000,1203750,144000,#N/A N/A,117000,#N/A N/A,#N/A N/A,#N/A N/A,200,3400,6000,3000,910350,17000,#N/A N/A,1700,1100,#N/A N/A,241953.0607,381314,196279.0607,SHELL PLC,7347.5,1895.2,83795,40246,443024
RDSA LN Equity 2023,50000,8000,1123000,130000,#N/A N/A,112000,#N/A N/A,#N/A N/A,#N/A N/A,#N/A N/A,#N/A N/A,3000,#N/A N/A,878000,#N/A N/A,#N/A N/A,#N/A N/A,#N/A N/A,#N/A N/A,257626.1636,316620,213104.1636,SHELL PLC,6733.5,#N/A N/A,81541,38774,406270
RDSA LN Equity 2024,50000,8000,1084000,119000,#N/A N/A,117000,#N/A N/A,#N/A N/A,#N/A N/A,#N/A N/A,#N/A N/A,3000,#N/A N/A,845000,#N/A N/A,#N/A N/A,#N/A N/A,#N/A N/A,#N/A N/A,228549.2444,284312,188720.2444,SHELL PLC,6299.6,#N/A N/A,77078,39110,387609
RWE GR Equity 2018,120400,5000,16160.4,#N/A N/A,#N/A N/A,#N/A N/A,#N/A N/A,#N/A N/A,#N/A N/A,#N/A N/A,#N/A N/A,#N/A N/A,#N/A N/A,16160.4,#N/A N/A,#N/A N/A,#N/A N/A,#N/A N/A,#N/A N/A,12557.6389,12429,11658.6389,RWE AG,614.745,18.965,2764,7386,80108
RWE GR Equity 2019,89836.102,622.728,23550.5,1025.17,429.362,5434.45,697.183,64.387,10.375,18.633,14.313,6.368,199.754,14412.6,#N/A N/A,#N/A N/A,#N/A N/A,1237.99,#N/A N/A,16479.2758,13277,16813.2758,RWE AG,614.745,27.35,5613,6450,64009
RWE GR Equity 2020,70200,3100,20201.801,700,800,5500,300,100,1.828,100,#N/A N/A,100,100,12500,#N/A N/A,#N/A N/A,#N/A N/A,#N/A N/A,#N/A N/A,20370.9254,13688,23376.9254,RWE AG,637.286,34.57,5198,8993,61668
RWE GR Equity 2021,86900,2700,23000,900,1400,6500,300,100,100,100,#N/A N/A,100,100,13400,#N/A N/A,#N/A N/A,#N/A N/A,#N/A N/A,#N/A N/A,29825.5784,24526,24154.5784,RWE AG,676.22,35.72,17794,13865,142309
RWE GR Equity 2022,85352.602,132.958,23766.4,1531.07,1178.57,4469.2,21.988,202.472,8.122,20.553,#N/A N/A,5.381,58.476,12771.3,#N/A N/A,#N/A N/A,#N/A N/A,3499.25,#N/A N/A,30998.9627,38366,28748.9627,RWE AG,691.247,41.59,21003,20456,138548
RWE GR Equity 2023,61933.398,195.005,21600,2086.58,2797.55,3124.28,20.251,180.5,15.976,23.469,0,4.039,49.457,10803.3,#N/A N/A,#N/A N/A,#N/A N/A,2446.72,#N/A N/A,34589.3724,28566,30631.3724,RWE AG,743.841,41.18,17028,14641,106494
RWE GR Equity 2024,53242,392.956,21767,1283.84,3657.6,2293.66,31.689,189.037,17.989,28.609,#N/A N/A,6.5,70.829,11928.7,#N/A N/A,70.522,#N/A N/A,2188,#N/A N/A,30239.6618,24224,21436.6618,RWE AG,743.554,28.83,18670,11941,98440
RDDTSZ CH Equity 2018,#N/A N/A,#N/A N/A,#N/A N/A,#N/A N/A,#N/A N/A,#N/A N/A,#N/A N/A,#N/A N/A,#N/A N/A,#N/A N/A,#N/A N/A,#N/A N/A,#N/A N/A,#N/A N/A,#N/A N/A,#N/A N/A,#N/A N/A,#N/A N/A,#N/A N/A,#N/A N/A,#N/A N/A,#N/A N/A,RUDONG COUNTY DONGTAI SOCIAL,#N/A N/A,#N/A N/A,29577.492,4807.2957,97490.6111
RDDTSZ CH Equity 2019,#N/A N/A,#N/A N/A,#N/A N/A,#N/A N/A,#N/A N/A,#N/A N/A,#N/A N/A,#N/A N/A,#N/A N/A,#N/A N/A,#N/A N/A,#N/A N/A,#N/A N/A,#N/A N/A,#N/A N/A,#N/A N/A,#N/A N/A,#N/A N/A,#N/A N/A,#N/A N/A,#N/A N/A,#N/A N/A,RUDONG COUNTY DONGTAI SOCIAL,#N/A N/A,#N/A N/A,35097.9335,10055.9548,110709.3096
RDDTSZ CH Equity 2020,#N/A N/A,#N/A N/A,#N/A N/A,#N/A N/A,#N/A N/A,#N/A N/A,#N/A N/A,#N/A N/A,#N/A N/A,#N/A N/A,#N/A N/A,#N/A N/A,#N/A N/A,#N/A N/A,#N/A N/A,#N/A N/A,#N/A N/A,#N/A N/A,#N/A N/A,#N/A N/A,#N/A N/A,#N/A N/A,RUDONG COUNTY DONGTAI SOCIAL,#N/A N/A,#N/A N/A,43144.7374,4908.8734,112907.5196
RDDTSZ CH Equity 2021,#N/A N/A,#N/A N/A,#N/A N/A,#N/A N/A,#N/A N/A,#N/A N/A,#N/A N/A,#N/A N/A,#N/A N/A,#N/A N/A,#N/A N/A,#N/A N/A,#N/A N/A,#N/A N/A,#N/A N/A,#N/A N/A,#N/A N/A,#N/A N/A,#N/A N/A,#N/A N/A,#N/A N/A,#N/A N/A,RUDONG COUNTY DONGTAI SOCIAL,#N/A N/A,#N/A N/A,45293.7336,7025.6761,120024.0524
RDDTSZ CH Equity 2022,#N/A N/A,#N/A N/A,#N/A N/A,#N/A N/A,#N/A N/A,#N/A N/A,#N/A N/A,#N/A N/A,#N/A N/A,#N/A N/A,#N/A N/A,#N/A N/A,#N/A N/A,#N/A N/A,#N/A N/A,#N/A N/A,#N/A N/A,#N/A N/A,#N/A N/A,#N/A N/A,#N/A N/A,#N/A N/A,RUDONG COUNTY DONGTAI SOCIAL,#N/A N/A,#N/A N/A,43082.0558,2714.3599,115767.2586
RDDTSZ CH Equity 2023,#N/A N/A,#N/A N/A,#N/A N/A,#N/A N/A,#N/A N/A,#N/A N/A,#N/A N/A,#N/A N/A,#N/A N/A,#N/A N/A,#N/A N/A,#N/A N/A,#N/A N/A,#N/A N/A,#N/A N/A,#N/A N/A,#N/A N/A,#N/A N/A,#N/A N/A,#N/A N/A,#N/A N/A,#N/A N/A,RUDONG COUNTY DONGTAI SOCIAL,#N/A N/A,#N/A N/A,45342.9818,3265.3065,123604.2247
RDDTSZ CH Equity 2024,#N/A N/A,#N/A N/A,#N/A N/A,#N/A N/A,#N/A N/A,#N/A N/A,#N/A N/A,#N/A N/A,#N/A N/A,#N/A N/A,#N/A N/A,#N/A N/A,#N/A N/A,#N/A N/A,#N/A N/A,#N/A N/A,#N/A N/A,#N/A N/A,#N/A N/A,#N/A N/A,#N/A N/A,#N/A N/A,RUDONG COUNTY DONGTAI SOCIAL,#N/A N/A,#N/A N/A,#N/A N/A,#N/A N/A,#N/A N/A
RBY CN Equity 2018,#N/A N/A,#N/A N/A,#N/A N/A,#N/A N/A,#N/A N/A,#N/A N/A,#N/A N/A,#N/A N/A,#N/A N/A,#N/A N/A,#N/A N/A,#N/A N/A,#N/A N/A,#N/A N/A,#N/A N/A,#N/A N/A,#N/A N/A,#N/A N/A,#N/A N/A,#N/A N/A,#N/A N/A,#N/A N/A,RUBELLITE ENERGY CORP,#N/A N/A,#N/A N/A,#N/A N/A,#N/A N/A,#N/A N/A
RBY CN Equity 2019,#N/A N/A,#N/A N/A,#N/A N/A,#N/A N/A,#N/A N/A,#N/A N/A,#N/A N/A,#N/A N/A,#N/A N/A,#N/A N/A,#N/A N/A,#N/A N/A,#N/A N/A,#N/A N/A,#N/A N/A,#N/A N/A,#N/A N/A,#N/A N/A,#N/A N/A,#N/A N/A,#N/A N/A,#N/A N/A,RUBELLITE ENERGY CORP,#N/A N/A,#N/A N/A,#N/A N/A,#N/A N/A,#N/A N/A
RBY CN Equity 2020,#N/A N/A,#N/A N/A,#N/A N/A,#N/A N/A,#N/A N/A,#N/A N/A,#N/A N/A,#N/A N/A,#N/A N/A,#N/A N/A,#N/A N/A,#N/A N/A,#N/A N/A,#N/A N/A,#N/A N/A,#N/A N/A,#N/A N/A,#N/A N/A,#N/A N/A,#N/A N/A,#N/A N/A,#N/A N/A,RUBELLITE ENERGY CORP,#N/A N/A,#N/A N/A,#N/A N/A,#N/A N/A,#N/A N/A
RBY CN Equity 2021,#N/A N/A,#N/A N/A,#N/A N/A,#N/A N/A,#N/A N/A,#N/A N/A,#N/A N/A,#N/A N/A,#N/A N/A,#N/A N/A,#N/A N/A,#N/A N/A,#N/A N/A,#N/A N/A,#N/A N/A,#N/A N/A,#N/A N/A,#N/A N/A,#N/A N/A,82.8452,4.923,98.1322,RUBELLITE ENERGY CORP,22.702,2.24,0,15.287,115.862
RBY CN Equity 2022,#N/A N/A,#N/A N/A,#N/A N/A,#N/A N/A,#N/A N/A,#N/A N/A,#N/A N/A,#N/A N/A,#N/A N/A,#N/A N/A,#N/A N/A,#N/A N/A,#N/A N/A,#N/A N/A,#N/A N/A,#N/A N/A,#N/A N/A,#N/A N/A,#N/A N/A,111.4781,54.491,101.4281,RUBELLITE ENERGY CORP,52.093,1.85,12,1.95,204.03
RBY CN Equity 2023,#N/A N/A,#N/A N/A,#N/A N/A,#N/A N/A,#N/A N/A,#N/A N/A,#N/A N/A,#N/A N/A,#N/A N/A,#N/A N/A,#N/A N/A,#N/A N/A,#N/A N/A,#N/A N/A,#N/A N/A,#N/A N/A,#N/A N/A,#N/A N/A,#N/A N/A,154.8536,88.968,125.5366,RUBELLITE ENERGY CORP,60.346,2.01,29.317,0,271.153
RBY CN Equity 2024,#N/A N/A,#N/A N/A,#N/A N/A,#N/A N/A,#N/A N/A,#N/A N/A,#N/A N/A,#N/A N/A,#N/A N/A,#N/A N/A,#N/A N/A,#N/A N/A,#N/A N/A,#N/A N/A,#N/A N/A,#N/A N/A,#N/A N/A,#N/A N/A,#N/A N/A,321.2948,168.384,196.3228,RUBELLITE ENERGY CORP,68.667,2.11,127.527,2.555,562.612
RKH LN Equity 2018,#N/A N/A,#N/A N/A,#N/A N/A,#N/A N/A,#N/A N/A,#N/A N/A,#N/A N/A,#N/A N/A,#N/A N/A,#N/A N/A,#N/A N/A,#N/A N/A,#N/A N/A,#N/A N/A,#N/A N/A,#N/A N/A,#N/A N/A,#N/A N/A,#N/A N/A,82.6132,10.58,123.0392,ROCKHOPPER EXPLORATION PLC,458.7849,21.035,0,40.426,521.462
RKH LN Equity 2019,#N/A N/A,#N/A N/A,#N/A N/A,#N/A N/A,#N/A N/A,#N/A N/A,#N/A N/A,#N/A N/A,#N/A N/A,#N/A N/A,#N/A N/A,#N/A N/A,#N/A N/A,#N/A N/A,#N/A N/A,#N/A N/A,#N/A N/A,#N/A N/A,#N/A N/A,75.6863,10.328,90.7483,ROCKHOPPER EXPLORATION PLC,456.0674,14.894,2.161,17.223,510.242
RKH LN Equity 2020,#N/A N/A,#N/A N/A,#N/A N/A,#N/A N/A,#N/A N/A,#N/A N/A,#N/A N/A,#N/A N/A,#N/A N/A,#N/A N/A,#N/A N/A,#N/A N/A,#N/A N/A,#N/A N/A,#N/A N/A,#N/A N/A,#N/A N/A,#N/A N/A,#N/A N/A,28.9642,2.754,38.8042,ROCKHOPPER EXPLORATION PLC,459.7079,6.181,1.84,11.68,261.358
RKH LN Equity 2021,#N/A N/A,#N/A N/A,#N/A N/A,#N/A N/A,#N/A N/A,#N/A N/A,#N/A N/A,#N/A N/A,#N/A N/A,#N/A N/A,#N/A N/A,#N/A N/A,#N/A N/A,#N/A N/A,#N/A N/A,#N/A N/A,#N/A N/A,#N/A N/A,#N/A N/A,48.7429,#N/A N/A,52.4369,ROCKHOPPER EXPLORATION PLC,456.7607,8.424,1.128,4.822,258.277
RKH LN Equity 2022,#N/A N/A,#N/A N/A,#N/A N/A,#N/A N/A,#N/A N/A,#N/A N/A,#N/A N/A,#N/A N/A,#N/A N/A,#N/A N/A,#N/A N/A,#N/A N/A,#N/A N/A,#N/A N/A,#N/A N/A,#N/A N/A,#N/A N/A,#N/A N/A,#N/A N/A,54.6157,0.652,63.8577,ROCKHOPPER EXPLORATION PLC,525.228,9,0.553,9.795,264.461
RKH LN Equity 2023,#N/A N/A,#N/A N/A,#N/A N/A,#N/A N/A,#N/A N/A,#N/A N/A,#N/A N/A,#N/A N/A,#N/A N/A,#N/A N/A,#N/A N/A,#N/A N/A,#N/A N/A,#N/A N/A,#N/A N/A,#N/A N/A,#N/A N/A,#N/A N/A,#N/A N/A,80.5212,0,88.2632,ROCKHOPPER EXPLORATION PLC,594.3258,11.15,0.246,7.988,267.25
RKH LN Equity 2024,#N/A N/A,#N/A N/A,#N/A N/A,#N/A N/A,#N/A N/A,#N/A N/A,#N/A N/A,#N/A N/A,#N/A N/A,#N/A N/A,#N/A N/A,#N/A N/A,#N/A N/A,#N/A N/A,#N/A N/A,#N/A N/A,#N/A N/A,#N/A N/A,#N/A N/A,195.7571,0,201.2871,ROCKHOPPER EXPLORATION PLC,643.5746,25.1,15.354,20.884,355.537
REI US Equity 2018,#N/A N/A,#N/A N/A,#N/A N/A,#N/A N/A,#N/A N/A,#N/A N/A,#N/A N/A,#N/A N/A,#N/A N/A,#N/A N/A,#N/A N/A,#N/A N/A,#N/A N/A,#N/A N/A,#N/A N/A,#N/A N/A,#N/A N/A,#N/A N/A,#N/A N/A,357.3432,120.0654,321.2069,RING ENERGY INC,59.5312,5.08,39.5,3.3637,567.0657
REI US Equity 2019,#N/A N/A,#N/A N/A,#N/A N/A,#N/A N/A,#N/A N/A,#N/A N/A,#N/A N/A,#N/A N/A,#N/A N/A,#N/A N/A,#N/A N/A,#N/A N/A,#N/A N/A,#N/A N/A,#N/A N/A,#N/A N/A,#N/A N/A,#N/A N/A,#N/A N/A,538.5711,195.7028,179.5036,RING ENERGY INC,66.5717,2.64,369.0721,10.0046,973.0061
REI US Equity 2020,113.69,60.423,#N/A N/A,#N/A N/A,#N/A N/A,#N/A N/A,#N/A N/A,#N/A N/A,#N/A N/A,#N/A N/A,#N/A N/A,#N/A N/A,#N/A N/A,#N/A N/A,#N/A N/A,#N/A N/A,#N/A N/A,#N/A N/A,#N/A N/A,367.8044,113.0251,56.4665,RING ENERGY INC,72.8913,0.6599,314.9166,3.5786,663.4562
REI US Equity 2021,121.739,59.837,#N/A N/A,#N/A N/A,#N/A N/A,#N/A N/A,#N/A N/A,#N/A N/A,#N/A N/A,#N/A N/A,#N/A N/A,#N/A N/A,#N/A N/A,#N/A N/A,#N/A N/A,#N/A N/A,#N/A N/A,#N/A N/A,#N/A N/A,485.3631,196.306,195.0957,RING ENERGY INC,99.387,2.28,292.6757,2.4083,684.1573
REI US Equity 2022,272.367,62.915,#N/A N/A,#N/A N/A,#N/A N/A,#N/A N/A,#N/A N/A,#N/A N/A,#N/A N/A,#N/A N/A,#N/A N/A,#N/A N/A,#N/A N/A,#N/A N/A,#N/A N/A,#N/A N/A,#N/A N/A,#N/A N/A,#N/A N/A,847.2261,347.2495,431.8043,RING ENERGY INC,121.2642,2.46,419.1343,3.7125,1268.9998
REI US Equity 2023,111.92,81.631,#N/A N/A,#N/A N/A,#N/A N/A,#N/A N/A,#N/A N/A,#N/A N/A,#N/A N/A,#N/A N/A,#N/A N/A,#N/A N/A,#N/A N/A,#N/A N/A,#N/A N/A,#N/A N/A,#N/A N/A,#N/A N/A,#N/A N/A,717.1042,361.056,287.382,RING ENERGY INC,190.5891,1.46,430.0185,0.2964,1376.4964
REI US Equity 2024,#N/A N/A,#N/A N/A,#N/A N/A,#N/A N/A,#N/A N/A,#N/A N/A,#N/A N/A,#N/A N/A,#N/A N/A,#N/A N/A,#N/A N/A,#N/A N/A,#N/A N/A,#N/A N/A,#N/A N/A,#N/A N/A,#N/A N/A,#N/A N/A,#N/A N/A,657.2807,366.3274,270.0435,RING ENERGY INC,197.9377,1.36,389.1036,1.8664,1408.0995
REP SM Equity 2018,22000,400,194000,8177.4502,#N/A N/A,#N/A N/A,1241.96,31.597,10.796,3.645,#N/A N/A,512.117,#N/A N/A,176415,#N/A N/A,#N/A N/A,#N/A N/A,#N/A N/A,#N/A N/A,30072.7364,49701,21505.7364,REPSOL SA,1593,14.08,13754,6497,60778
REP SM Equity 2019,24700,500,97846.398,8264.5898,#N/A N/A,#N/A N/A,1173.59,#N/A N/A,14.472,3.645,#N/A N/A,565.99,#N/A N/A,87824.1016,#N/A N/A,#N/A N/A,#N/A N/A,#N/A N/A,#N/A N/A,34308.627,49006,21276.627,REPSOL SA,1649,13.93,17338,5611,57895
REP SM Equity 2020,22400,456.509,84093.398,600,#N/A N/A,#N/A N/A,994.27,#N/A N/A,2.992,22.244,#N/A N/A,473.847,#N/A N/A,80100,1900,#N/A N/A,#N/A N/A,#N/A N/A,#N/A N/A,24690.0174,32956,12601.0174,REPSOL SA,1572,8.25,15614,5705,49302
REP SM Equity 2021,19400,396.059,75834.5,600,#N/A N/A,39.821,1120.9399,29.834,#N/A N/A,24.334,18.182,425.855,1022.82,70900,1600,24.002,28.722,#N/A N/A,#N/A N/A,26178.9052,49480,15939.9052,REPSOL SA,1491,10.436,14598,7019,56254
REP SM Equity 2022,15679,400.881,75799.398,6182.6499,596.775,41.484,1332.03,38.722,4.237,25.586,11.193,464.245,859.877,66161.7969,41.219,18.477,21.105,0,#N/A N/A,26963.8314,74828,19711.8314,REPSOL SA,1414,14.85,13359,9072,59964
REP SM Equity 2023,14373.9,353.038,68072.5,5700.5498,512.443,37.816,1396.35,44.748,6.866,23.874,10.341,416.491,653.199,59200,32.341,17.378,20.117,#N/A N/A,#N/A N/A,24690.9769,58538,16373.9769,REPSOL SA,1264,13.45,12118,8962,63643
REP SM Equity 2024,13700,300,195600,11100,500,#N/A N/A,1600,#N/A N/A,#N/A N/A,#N/A N/A,#N/A N/A,600,2300,178700,#N/A N/A,#N/A N/A,#N/A N/A,800,#N/A N/A,23918.9599,59147,13529.9599,REPSOL SA,1183,11.69,12190,6702,63186
RATI IT Equity 2018,#N/A N/A,#N/A N/A,#N/A N/A,#N/A N/A,#N/A N/A,#N/A N/A,#N/A N/A,#N/A N/A,#N/A N/A,#N/A N/A,#N/A N/A,#N/A N/A,#N/A N/A,#N/A N/A,#N/A N/A,#N/A N/A,#N/A N/A,#N/A N/A,#N/A N/A,1212.4806,#N/A N/A,763.8526,RATIO ENERGIES FINANCE LP,1080.3,254.6,593.517,144.889,823.128
RATI IT Equity 2019,#N/A N/A,#N/A N/A,#N/A N/A,#N/A N/A,#N/A N/A,#N/A N/A,#N/A N/A,#N/A N/A,#N/A N/A,#N/A N/A,#N/A N/A,#N/A N/A,#N/A N/A,#N/A N/A,#N/A N/A,#N/A N/A,#N/A N/A,#N/A N/A,#N/A N/A,1565.5301,#N/A N/A,859.8451,RATIO ENERGIES FINANCE LP,1123.8173,264.3,825.098,119.413,1066.957
RATI IT Equity 2020,#N/A N/A,#N/A N/A,#N/A N/A,#N/A N/A,#N/A N/A,#N/A N/A,#N/A N/A,#N/A N/A,#N/A N/A,#N/A N/A,#N/A N/A,#N/A N/A,#N/A N/A,#N/A N/A,#N/A N/A,#N/A N/A,#N/A N/A,#N/A N/A,#N/A N/A,1149.388,#N/A N/A,426.559,RATIO ENERGIES FINANCE LP,1123.8214,122,864.707,141.878,1095.556
RATI IT Equity 2021,#N/A N/A,#N/A N/A,#N/A N/A,#N/A N/A,#N/A N/A,#N/A N/A,#N/A N/A,#N/A N/A,#N/A N/A,#N/A N/A,#N/A N/A,#N/A N/A,#N/A N/A,#N/A N/A,#N/A N/A,#N/A N/A,#N/A N/A,#N/A N/A,#N/A N/A,1236.6202,#N/A N/A,609.6172,RATIO ENERGIES FINANCE LP,1123.8566,168.7,827.536,200.533,1144.909
RATI IT Equity 2022,#N/A N/A,#N/A N/A,#N/A N/A,#N/A N/A,#N/A N/A,#N/A N/A,#N/A N/A,#N/A N/A,#N/A N/A,#N/A N/A,#N/A N/A,#N/A N/A,#N/A N/A,#N/A N/A,#N/A N/A,#N/A N/A,#N/A N/A,#N/A N/A,#N/A N/A,1259.7636,#N/A N/A,742.5166,RATIO ENERGIES FINANCE LP,1123.8711,232.4,663.821,146.574,1118.53
RATI IT Equity 2023,#N/A N/A,#N/A N/A,#N/A N/A,#N/A N/A,#N/A N/A,#N/A N/A,#N/A N/A,#N/A N/A,#N/A N/A,#N/A N/A,#N/A N/A,#N/A N/A,#N/A N/A,#N/A N/A,#N/A N/A,#N/A N/A,#N/A N/A,#N/A N/A,#N/A N/A,1363.9899,305.118,936.8719,RATIO ENERGIES FINANCE LP,1123.8711,299.6,580.278,153.16,1163.108
RATI IT Equity 2024,#N/A N/A,#N/A N/A,#N/A N/A,#N/A N/A,#N/A N/A,#N/A N/A,#N/A N/A,#N/A N/A,#N/A N/A,#N/A N/A,#N/A N/A,#N/A N/A,#N/A N/A,#N/A N/A,#N/A N/A,#N/A N/A,#N/A N/A,#N/A N/A,#N/A N/A,1437.7469,310.934,1051.8839,RATIO ENERGIES FINANCE LP,1123.8711,340.9,524.182,138.319,1185.992
ROCC US Equity 2018,#N/A N/A,#N/A N/A,#N/A N/A,#N/A N/A,#N/A N/A,#N/A N/A,#N/A N/A,#N/A N/A,#N/A N/A,#N/A N/A,#N/A N/A,#N/A N/A,#N/A N/A,#N/A N/A,#N/A N/A,#N/A N/A,#N/A N/A,#N/A N/A,#N/A N/A,1308.7679,440.832,815.2569,RANGER OIL CORP-A,15.059,54.06,511.375,17.864,1068.954
ROCC US Equity 2019,#N/A N/A,#N/A N/A,#N/A N/A,#N/A N/A,#N/A N/A,#N/A N/A,#N/A N/A,#N/A N/A,#N/A N/A,#N/A N/A,#N/A N/A,#N/A N/A,#N/A N/A,#N/A N/A,#N/A N/A,#N/A N/A,#N/A N/A,#N/A N/A,#N/A N/A,1009.6744,471.216,459.3654,RANGER OIL CORP-A,15.11,30.35,558.107,7.798,1218.238
ROCC US Equity 2020,#N/A N/A,#N/A N/A,#N/A N/A,#N/A N/A,#N/A N/A,#N/A N/A,#N/A N/A,#N/A N/A,#N/A N/A,#N/A N/A,#N/A N/A,#N/A N/A,#N/A N/A,#N/A N/A,#N/A N/A,#N/A N/A,#N/A N/A,#N/A N/A,#N/A N/A,653.4494,273.25,154.2844,RANGER OIL CORP-A,15.176,10.15,512.185,13.02,907.326
ROCC US Equity 2021,587.828,14.859,#N/A N/A,#N/A N/A,#N/A N/A,#N/A N/A,#N/A N/A,#N/A N/A,#N/A N/A,#N/A N/A,#N/A N/A,#N/A N/A,#N/A N/A,#N/A N/A,#N/A N/A,#N/A N/A,#N/A N/A,#N/A N/A,#N/A N/A,2104.3338,576.824,1174.7688,RANGER OIL CORP-A,16.695,26.92,607.27,23.681,1576.608
ROCC US Equity 2022,#N/A N/A,#N/A N/A,#N/A N/A,#N/A N/A,#N/A N/A,#N/A N/A,#N/A N/A,#N/A N/A,#N/A N/A,#N/A N/A,#N/A N/A,#N/A N/A,#N/A N/A,#N/A N/A,#N/A N/A,#N/A N/A,#N/A N/A,#N/A N/A,#N/A N/A,2853.0677,1141.603,1682.8527,RANGER OIL CORP-A,20.205,40.43,605.184,7.592,2014.207
ROCC US Equity 2023,#N/A N/A,#N/A N/A,#N/A N/A,#N/A N/A,#N/A N/A,#N/A N/A,#N/A N/A,#N/A N/A,#N/A N/A,#N/A N/A,#N/A N/A,#N/A N/A,#N/A N/A,#N/A N/A,#N/A N/A,#N/A N/A,#N/A N/A,#N/A N/A,#N/A N/A,#N/A N/A,#N/A N/A,#N/A N/A,RANGER OIL CORP-A,#N/A N/A,#N/A N/A,#N/A N/A,#N/A N/A,#N/A N/A
ROCC US Equity 2024,#N/A N/A,#N/A N/A,#N/A N/A,#N/A N/A,#N/A N/A,#N/A N/A,#N/A N/A,#N/A N/A,#N/A N/A,#N/A N/A,#N/A N/A,#N/A N/A,#N/A N/A,#N/A N/A,#N/A N/A,#N/A N/A,#N/A N/A,#N/A N/A,#N/A N/A,#N/A N/A,#N/A N/A,#N/A N/A,RANGER OIL CORP-A,#N/A N/A,#N/A N/A,#N/A N/A,#N/A N/A,#N/A N/A
RRC US Equity 2018,473.164,1.717,#N/A N/A,#N/A N/A,#N/A N/A,#N/A N/A,#N/A N/A,#N/A N/A,#N/A N/A,#N/A N/A,#N/A N/A,#N/A N/A,#N/A N/A,#N/A N/A,#N/A N/A,#N/A N/A,#N/A N/A,#N/A N/A,#N/A N/A,6224.1269,3202.386,2387.8109,RANGE RESOURCES CORP,246.171,9.57,3836.861,0.545,9708.154
RRC US Equity 2019,366.28,2.276,#N/A N/A,#N/A N/A,#N/A N/A,#N/A N/A,#N/A N/A,#N/A N/A,#N/A N/A,#N/A N/A,#N/A N/A,#N/A N/A,#N/A N/A,#N/A N/A,#N/A N/A,#N/A N/A,#N/A N/A,#N/A N/A,#N/A N/A,4452.0244,2789.331,1210.7094,RANGE RESOURCES CORP,247.97,4.85,3241.861,0.546,6612.403
RRC US Equity 2020,182.118,2.807,#N/A N/A,#N/A N/A,#N/A N/A,#N/A N/A,#N/A N/A,#N/A N/A,#N/A N/A,#N/A N/A,#N/A N/A,#N/A N/A,#N/A N/A,#N/A N/A,#N/A N/A,#N/A N/A,#N/A N/A,#N/A N/A,#N/A N/A,4803.5102,2103.637,1650.5322,RANGE RESOURCES CORP,241.373,6.7,3153.436,0.458,6136.936
RRC US Equity 2021,206.535,1.258,#N/A N/A,#N/A N/A,#N/A N/A,#N/A N/A,#N/A N/A,#N/A N/A,#N/A N/A,#N/A N/A,#N/A N/A,#N/A N/A,#N/A N/A,#N/A N/A,#N/A N/A,#N/A N/A,#N/A N/A,#N/A N/A,#N/A N/A,7209.0995,3060.429,4453.8075,RANGE RESOURCES CORP,242.862,17.83,2969.714,214.422,6660.507
RRC US Equity 2022,193.449,2.097,#N/A N/A,#N/A N/A,#N/A N/A,#N/A N/A,#N/A N/A,#N/A N/A,#N/A N/A,#N/A N/A,#N/A N/A,#N/A N/A,#N/A N/A,#N/A N/A,#N/A N/A,#N/A N/A,#N/A N/A,#N/A N/A,#N/A N/A,7907.07,4145.147,5976.921,RANGE RESOURCES CORP,240.858,25.02,1930.356,0.207,6625.562
RRC US Equity 2023,202.526,2.211,#N/A N/A,#N/A N/A,#N/A N/A,#N/A N/A,#N/A N/A,#N/A N/A,#N/A N/A,#N/A N/A,#N/A N/A,#N/A N/A,#N/A N/A,#N/A N/A,#N/A N/A,#N/A N/A,#N/A N/A,#N/A N/A,#N/A N/A,8927.1699,2806.777,7337.2669,RANGE RESOURCES CORP,236.986,30.44,1801.877,211.974,7203.885
RRC US Equity 2024,195.199,2.854,#N/A N/A,#N/A N/A,#N/A N/A,#N/A N/A,#N/A N/A,#N/A N/A,#N/A N/A,#N/A N/A,#N/A N/A,#N/A N/A,#N/A N/A,#N/A N/A,#N/A N/A,#N/A N/A,#N/A N/A,#N/A N/A,#N/A N/A,10175.5514,2792.465,8659.2834,RANGE RESOURCES CORP,240.689,35.98,1820.758,304.49,7347.675
RNFT RX Equity 2018,#N/A N/A,#N/A N/A,#N/A N/A,#N/A N/A,#N/A N/A,#N/A N/A,#N/A N/A,#N/A N/A,#N/A N/A,#N/A N/A,#N/A N/A,#N/A N/A,#N/A N/A,#N/A N/A,#N/A N/A,#N/A N/A,#N/A N/A,#N/A N/A,#N/A N/A,270114.688,177802,155530.656,RUSSNEFT PJSC,294,528.8,98823,2897,253048
RNFT RX Equity 2019,#N/A N/A,#N/A N/A,#N/A N/A,#N/A N/A,#N/A N/A,#N/A N/A,#N/A N/A,#N/A N/A,#N/A N/A,#N/A N/A,#N/A N/A,#N/A N/A,#N/A N/A,#N/A N/A,#N/A N/A,#N/A N/A,#N/A N/A,#N/A N/A,#N/A N/A,253684.84,187127,161824.824,RUSSNEFT PJSC,294,550.2,80289,2929,280265
RNFT RX Equity 2020,#N/A N/A,#N/A N/A,#N/A N/A,#N/A N/A,#N/A N/A,#N/A N/A,#N/A N/A,#N/A N/A,#N/A N/A,#N/A N/A,#N/A N/A,#N/A N/A,#N/A N/A,#N/A N/A,#N/A N/A,#N/A N/A,#N/A N/A,#N/A N/A,#N/A N/A,171646.784,133196,68588.784,RUSSNEFT PJSC,294,233.2,94625,4231,275295
RNFT RX Equity 2021,#N/A N/A,#N/A N/A,#N/A N/A,#N/A N/A,#N/A N/A,#N/A N/A,#N/A N/A,#N/A N/A,#N/A N/A,#N/A N/A,#N/A N/A,#N/A N/A,#N/A N/A,#N/A N/A,#N/A N/A,#N/A N/A,#N/A N/A,#N/A N/A,#N/A N/A,138376.008,#N/A N/A,45118.008,RUSSNEFT PJSC,294,153.4,89053,8999,286968
RNFT RX Equity 2022,#N/A N/A,#N/A N/A,#N/A N/A,#N/A N/A,#N/A N/A,#N/A N/A,#N/A N/A,#N/A N/A,#N/A N/A,#N/A N/A,#N/A N/A,#N/A N/A,#N/A N/A,#N/A N/A,#N/A N/A,#N/A N/A,#N/A N/A,#N/A N/A,#N/A N/A,#N/A N/A,#N/A N/A,#N/A N/A,RUSSNEFT PJSC,#N/A N/A,#N/A N/A,#N/A N/A,#N/A N/A,#N/A N/A
RNFT RX Equity 2023,#N/A N/A,#N/A N/A,#N/A N/A,#N/A N/A,#N/A N/A,#N/A N/A,#N/A N/A,#N/A N/A,#N/A N/A,#N/A N/A,#N/A N/A,#N/A N/A,#N/A N/A,#N/A N/A,#N/A N/A,#N/A N/A,#N/A N/A,#N/A N/A,#N/A N/A,115246.664,238725,38882.664,RUSSNEFT PJSC,294,132.2,82725,9692,320728
RNFT RX Equity 2024,#N/A N/A,#N/A N/A,#N/A N/A,#N/A N/A,#N/A N/A,#N/A N/A,#N/A N/A,#N/A N/A,#N/A N/A,#N/A N/A,#N/A N/A,#N/A N/A,#N/A N/A,#N/A N/A,#N/A N/A,#N/A N/A,#N/A N/A,#N/A N/A,#N/A N/A,#N/A N/A,#N/A N/A,#N/A N/A,RUSSNEFT PJSC,279,197.9,88621,2562,352063
ROSN RU Equity 2018,54200,22200,244000,#N/A N/A,#N/A N/A,#N/A N/A,#N/A N/A,#N/A N/A,#N/A N/A,#N/A N/A,#N/A N/A,#N/A N/A,#N/A N/A,244000,#N/A N/A,#N/A N/A,#N/A N/A,#N/A N/A,#N/A N/A,8084635,8238000,4583635,ROSNEFT OIL CO PJSC,10598,#N/A N/A,4358000,1481000,13163000
ROSN RU Equity 2019,59400,21800,243000,#N/A N/A,#N/A N/A,#N/A N/A,#N/A N/A,#N/A N/A,#N/A N/A,#N/A N/A,#N/A N/A,#N/A N/A,#N/A N/A,243000,#N/A N/A,#N/A N/A,#N/A N/A,#N/A N/A,#N/A N/A,8560920.6,#N/A N/A,4765920.6,ROSNEFT OIL CO PJSC,10598,#N/A N/A,3827000,667000,12946000
ROSN RU Equity 2020,60900,20100,280000,#N/A N/A,#N/A N/A,#N/A N/A,#N/A N/A,#N/A N/A,#N/A N/A,#N/A N/A,#N/A N/A,#N/A N/A,#N/A N/A,280000,#N/A N/A,#N/A N/A,#N/A N/A,#N/A N/A,#N/A N/A,7926400,5757000,4134400,ROSNEFT OIL CO PJSC,9876,#N/A N/A,4595000,1584000,15353000
ROSN RU Equity 2021,54200,18500,283000,#N/A N/A,#N/A N/A,#N/A N/A,#N/A N/A,#N/A N/A,#N/A N/A,#N/A N/A,#N/A N/A,#N/A N/A,#N/A N/A,283000,#N/A N/A,#N/A N/A,#N/A N/A,#N/A N/A,#N/A N/A,9773050,8761000,5699050,ROSNEFT OIL CO PJSC,9500,#N/A N/A,4698000,1581000,16457000
ROSN RU Equity 2022,#N/A N/A,#N/A N/A,#N/A N/A,#N/A N/A,#N/A N/A,#N/A N/A,#N/A N/A,#N/A N/A,#N/A N/A,#N/A N/A,#N/A N/A,#N/A N/A,#N/A N/A,#N/A N/A,#N/A N/A,#N/A N/A,#N/A N/A,#N/A N/A,#N/A N/A,#N/A N/A,#N/A N/A,#N/A N/A,ROSNEFT OIL CO PJSC,#N/A N/A,#N/A N/A,#N/A N/A,#N/A N/A,#N/A N/A
ROSN RU Equity 2023,62470,14680,#N/A N/A,#N/A N/A,#N/A N/A,#N/A N/A,#N/A N/A,#N/A N/A,#N/A N/A,#N/A N/A,#N/A N/A,#N/A N/A,#N/A N/A,#N/A N/A,#N/A N/A,#N/A N/A,#N/A N/A,#N/A N/A,#N/A N/A,#N/A N/A,#N/A N/A,5647750,ROSNEFT OIL CO PJSC,9500,#N/A N/A,#N/A N/A,#N/A N/A,18787000
ROSN RU Equity 2024,#N/A N/A,#N/A N/A,#N/A N/A,#N/A N/A,#N/A N/A,#N/A N/A,#N/A N/A,#N/A N/A,#N/A N/A,#N/A N/A,#N/A N/A,#N/A N/A,#N/A N/A,#N/A N/A,#N/A N/A,#N/A N/A,#N/A N/A,#N/A N/A,#N/A N/A,#N/A N/A,#N/A N/A,#N/A N/A,ROSNEFT OIL CO PJSC,9500,#N/A N/A,0,0,20682000
RECV3 BZ Equity 2018,#N/A N/A,#N/A N/A,#N/A N/A,#N/A N/A,#N/A N/A,#N/A N/A,#N/A N/A,#N/A N/A,#N/A N/A,#N/A N/A,#N/A N/A,#N/A N/A,#N/A N/A,#N/A N/A,#N/A N/A,#N/A N/A,#N/A N/A,#N/A N/A,#N/A N/A,#N/A N/A,#N/A N/A,#N/A N/A,PETRORECONCAVO SA,603.797,#N/A N/A,6.834,23.304,505.903
RECV3 BZ Equity 2019,#N/A N/A,#N/A N/A,#N/A N/A,#N/A N/A,#N/A N/A,#N/A N/A,#N/A N/A,#N/A N/A,#N/A N/A,#N/A N/A,#N/A N/A,#N/A N/A,#N/A N/A,#N/A N/A,#N/A N/A,#N/A N/A,#N/A N/A,#N/A N/A,#N/A N/A,#N/A N/A,#N/A N/A,#N/A N/A,PETRORECONCAVO SA,603.797,#N/A N/A,771.189,66.447,1863.92
RECV3 BZ Equity 2020,#N/A N/A,#N/A N/A,#N/A N/A,#N/A N/A,#N/A N/A,#N/A N/A,#N/A N/A,#N/A N/A,#N/A N/A,#N/A N/A,#N/A N/A,#N/A N/A,#N/A N/A,#N/A N/A,#N/A N/A,#N/A N/A,#N/A N/A,#N/A N/A,#N/A N/A,#N/A N/A,787.841,#N/A N/A,PETRORECONCAVO SA,84.3677,#N/A N/A,916.927,165.872,2080.173
RECV3 BZ Equity 2021,#N/A N/A,#N/A N/A,#N/A N/A,#N/A N/A,#N/A N/A,#N/A N/A,#N/A N/A,#N/A N/A,#N/A N/A,#N/A N/A,#N/A N/A,#N/A N/A,#N/A N/A,#N/A N/A,#N/A N/A,#N/A N/A,#N/A N/A,#N/A N/A,#N/A N/A,4525.9909,1040.604,4644.5959,PETRORECONCAVO SA,220.362,18.7,754.198,872.803,4715.393
RECV3 BZ Equity 2022,#N/A N/A,#N/A N/A,#N/A N/A,#N/A N/A,#N/A N/A,#N/A N/A,#N/A N/A,#N/A N/A,#N/A N/A,#N/A N/A,#N/A N/A,#N/A N/A,#N/A N/A,#N/A N/A,#N/A N/A,#N/A N/A,#N/A N/A,#N/A N/A,#N/A N/A,9177.3905,2795.939,9699.6205,PETRORECONCAVO SA,272.6248,33.13,1088.961,1611.191,6585.094
RECV3 BZ Equity 2023,#N/A N/A,#N/A N/A,#N/A N/A,#N/A N/A,#N/A N/A,#N/A N/A,#N/A N/A,#N/A N/A,#N/A N/A,#N/A N/A,#N/A N/A,#N/A N/A,#N/A N/A,#N/A N/A,#N/A N/A,#N/A N/A,#N/A N/A,#N/A N/A,#N/A N/A,7145.7325,2814.361,6366.3955,PETRORECONCAVO SA,292.9202,21.72,1286.693,507.356,6829.184
RECV3 BZ Equity 2024,#N/A N/A,#N/A N/A,#N/A N/A,#N/A N/A,#N/A N/A,#N/A N/A,#N/A N/A,#N/A N/A,#N/A N/A,#N/A N/A,#N/A N/A,#N/A N/A,#N/A N/A,#N/A N/A,#N/A N/A,#N/A N/A,#N/A N/A,#N/A N/A,#N/A N/A,5705.3219,3264.554,4751.1379,PETRORECONCAVO SA,293.1008,16.21,2027.635,1073.451,7437.571
RRRP3 BZ Equity 2018,#N/A N/A,#N/A N/A,#N/A N/A,#N/A N/A,#N/A N/A,#N/A N/A,#N/A N/A,#N/A N/A,#N/A N/A,#N/A N/A,#N/A N/A,#N/A N/A,#N/A N/A,#N/A N/A,#N/A N/A,#N/A N/A,#N/A N/A,#N/A N/A,#N/A N/A,#N/A N/A,#N/A N/A,#N/A N/A,3R PETROLEUM OLEO E GAS SA,#N/A N/A,#N/A N/A,0,82.757,425.782
RRRP3 BZ Equity 2019,#N/A N/A,#N/A N/A,#N/A N/A,#N/A N/A,#N/A N/A,#N/A N/A,#N/A N/A,#N/A N/A,#N/A N/A,#N/A N/A,#N/A N/A,#N/A N/A,#N/A N/A,#N/A N/A,#N/A N/A,#N/A N/A,#N/A N/A,#N/A N/A,#N/A N/A,#N/A N/A,#N/A N/A,#N/A N/A,3R PETROLEUM OLEO E GAS SA,#N/A N/A,#N/A N/A,1.608,63.573,396.444
RRRP3 BZ Equity 2020,#N/A N/A,#N/A N/A,#N/A N/A,#N/A N/A,#N/A N/A,#N/A N/A,#N/A N/A,#N/A N/A,#N/A N/A,#N/A N/A,#N/A N/A,#N/A N/A,#N/A N/A,#N/A N/A,#N/A N/A,#N/A N/A,#N/A N/A,#N/A N/A,#N/A N/A,4000.8845,204.254,#N/A N/A,3R PETROLEUM OLEO E GAS SA,#N/A N/A,#N/A N/A,632.785,705.462,2109.064
RRRP3 BZ Equity 2021,#N/A N/A,#N/A N/A,#N/A N/A,#N/A N/A,#N/A N/A,#N/A N/A,#N/A N/A,#N/A N/A,#N/A N/A,#N/A N/A,#N/A N/A,#N/A N/A,#N/A N/A,#N/A N/A,#N/A N/A,#N/A N/A,#N/A N/A,#N/A N/A,#N/A N/A,4430.3908,727.799,#N/A N/A,3R PETROLEUM OLEO E GAS SA,#N/A N/A,#N/A N/A,73.937,2508.099,5453.481
RRRP3 BZ Equity 2022,82.613,3.478,#N/A N/A,#N/A N/A,#N/A N/A,#N/A N/A,#N/A N/A,#N/A N/A,#N/A N/A,#N/A N/A,#N/A N/A,#N/A N/A,#N/A N/A,#N/A N/A,#N/A N/A,#N/A N/A,#N/A N/A,#N/A N/A,#N/A N/A,7979.7371,1722.422,#N/A N/A,3R PETROLEUM OLEO E GAS SA,#N/A N/A,#N/A N/A,1102.608,831.795,7971.135
RRRP3 BZ Equity 2023,410.585,15.101,1.251,#N/A N/A,#N/A N/A,#N/A N/A,#N/A N/A,#N/A N/A,#N/A N/A,#N/A N/A,#N/A N/A,#N/A N/A,#N/A N/A,#N/A N/A,#N/A N/A,#N/A N/A,#N/A N/A,#N/A N/A,#N/A N/A,11474.1219,5619.989,#N/A N/A,3R PETROLEUM OLEO E GAS SA,#N/A N/A,#N/A N/A,9307.48,4212.815,20119.858
RRRP3 BZ Equity 2024,733.683,34.32,106.516,#N/A N/A,#N/A N/A,#N/A N/A,#N/A N/A,#N/A N/A,#N/A N/A,#N/A N/A,#N/A N/A,#N/A N/A,#N/A N/A,#N/A N/A,#N/A N/A,#N/A N/A,#N/A N/A,#N/A N/A,#N/A N/A,25281.9144,10095.9,#N/A N/A,3R PETROLEUM OLEO E GAS SA,#N/A N/A,#N/A N/A,23459.952,8872.206,44463.747
