UMS TB Equity 2018,#N/A N/A,#N/A N/A,#N/A N/A,#N/A N/A,#N/A N/A,#N/A N/A,#N/A N/A,#N/A N/A,#N/A N/A,#N/A N/A,#N/A N/A,#N/A N/A,#N/A N/A,#N/A N/A,#N/A N/A,#N/A N/A,#N/A N/A,#N/A N/A,#N/A N/A,966.4317,#N/A N/A,486.2692,UNIQUE MINING SERVICES PCL,505.591,0.69,687.5746,207.4121,845.8433
UMS TB Equity 2019,#N/A N/A,#N/A N/A,#N/A N/A,#N/A N/A,#N/A N/A,#N/A N/A,#N/A N/A,#N/A N/A,#N/A N/A,#N/A N/A,#N/A N/A,#N/A N/A,#N/A N/A,#N/A N/A,#N/A N/A,#N/A N/A,#N/A N/A,#N/A N/A,#N/A N/A,687.7398,#N/A N/A,190.2793,UNIQUE MINING SERVICES PCL,704.738,0.27,540,42.5395,643.3721
UMS TB Equity 2020,#N/A N/A,#N/A N/A,#N/A N/A,#N/A N/A,#N/A N/A,#N/A N/A,#N/A N/A,#N/A N/A,#N/A N/A,#N/A N/A,#N/A N/A,#N/A N/A,#N/A N/A,#N/A N/A,#N/A N/A,#N/A N/A,#N/A N/A,#N/A N/A,#N/A N/A,673.1349,#N/A N/A,377.916,UNIQUE MINING SERVICES PCL,708.348,0.33,543.449,248.2301,835.0164
UMS TB Equity 2021,#N/A N/A,#N/A N/A,#N/A N/A,#N/A N/A,#N/A N/A,#N/A N/A,#N/A N/A,#N/A N/A,#N/A N/A,#N/A N/A,#N/A N/A,#N/A N/A,#N/A N/A,#N/A N/A,#N/A N/A,#N/A N/A,#N/A N/A,#N/A N/A,#N/A N/A,1842.0766,#N/A N/A,1442.952,UNIQUE MINING SERVICES PCL,1145.2,1.26,422.5954,23.4708,655.0155
UMS TB Equity 2022,#N/A N/A,#N/A N/A,#N/A N/A,#N/A N/A,#N/A N/A,#N/A N/A,#N/A N/A,#N/A N/A,#N/A N/A,#N/A N/A,#N/A N/A,#N/A N/A,#N/A N/A,#N/A N/A,#N/A N/A,#N/A N/A,#N/A N/A,#N/A N/A,#N/A N/A,2641.9607,#N/A N/A,2095.716,UNIQUE MINING SERVICES PCL,1145.2,1.83,582.6949,36.4502,778.2674
UMS TB Equity 2023,#N/A N/A,#N/A N/A,#N/A N/A,#N/A N/A,#N/A N/A,#N/A N/A,#N/A N/A,#N/A N/A,#N/A N/A,#N/A N/A,#N/A N/A,#N/A N/A,#N/A N/A,#N/A N/A,#N/A N/A,#N/A N/A,#N/A N/A,#N/A N/A,#N/A N/A,1422.831,#N/A N/A,850.311,UNIQUE MINING SERVICES PCL,1149.906,0.66,790.3088,217.7887,1148.4868
UMS TB Equity 2024,#N/A N/A,#N/A N/A,#N/A N/A,#N/A N/A,#N/A N/A,#N/A N/A,#N/A N/A,#N/A N/A,#N/A N/A,#N/A N/A,#N/A N/A,#N/A N/A,#N/A N/A,#N/A N/A,#N/A N/A,#N/A N/A,#N/A N/A,#N/A N/A,#N/A N/A,1116.0607,#N/A N/A,489.573,UNIQUE MINING SERVICES PCL,1288.35,0.38,757.5246,131.0369,1090.2273
UPRO RM Equity 2018,24902.801,#N/A N/A,#N/A N/A,#N/A N/A,#N/A N/A,#N/A N/A,#N/A N/A,#N/A N/A,#N/A N/A,#N/A N/A,#N/A N/A,#N/A N/A,#N/A N/A,#N/A N/A,#N/A N/A,#N/A N/A,#N/A N/A,#N/A N/A,#N/A N/A,158927.943,77777.008,163926.636,UNIPRO PJSC,63048.7061,2.6,753.082,5751.775,131025.499
UPRO RM Equity 2019,25020.699,#N/A N/A,#N/A N/A,#N/A N/A,#N/A N/A,#N/A N/A,#N/A N/A,#N/A N/A,#N/A N/A,#N/A N/A,#N/A N/A,#N/A N/A,#N/A N/A,#N/A N/A,#N/A N/A,#N/A N/A,#N/A N/A,#N/A N/A,#N/A N/A,174183.4941,80279.71,175275.4031,UNIPRO PJSC,63048.7061,2.78,3146.023,4237.932,136588.532
UPRO RM Equity 2020,21492.801,#N/A N/A,#N/A N/A,#N/A N/A,#N/A N/A,#N/A N/A,#N/A N/A,#N/A N/A,#N/A N/A,#N/A N/A,#N/A N/A,#N/A N/A,#N/A N/A,#N/A N/A,#N/A N/A,#N/A N/A,#N/A N/A,#N/A N/A,#N/A N/A,176885.6829,75316.709,175968.9389,UNIPRO PJSC,63048.7061,2.791,1872.973,956.229,135270.962
UPRO RM Equity 2021,23425.199,#N/A N/A,#N/A N/A,#N/A N/A,#N/A N/A,#N/A N/A,#N/A N/A,#N/A N/A,#N/A N/A,#N/A N/A,#N/A N/A,#N/A N/A,#N/A N/A,#N/A N/A,#N/A N/A,#N/A N/A,#N/A N/A,#N/A N/A,#N/A N/A,168206.1145,88129.314,164683.2205,UNIPRO PJSC,63048.7061,2.612,4333.531,810.637,127448.256
UPRO RM Equity 2022,#N/A N/A,#N/A N/A,#N/A N/A,#N/A N/A,#N/A N/A,#N/A N/A,#N/A N/A,#N/A N/A,#N/A N/A,#N/A N/A,#N/A N/A,#N/A N/A,#N/A N/A,#N/A N/A,#N/A N/A,#N/A N/A,#N/A N/A,#N/A N/A,#N/A N/A,56917.9224,#N/A N/A,84674.4124,UNIPRO PJSC,63048.7061,1.343,820.069,28576.559,146366.579
UPRO RM Equity 2023,#N/A N/A,#N/A N/A,#N/A N/A,#N/A N/A,#N/A N/A,#N/A N/A,#N/A N/A,#N/A N/A,#N/A N/A,#N/A N/A,#N/A N/A,#N/A N/A,#N/A N/A,#N/A N/A,#N/A N/A,#N/A N/A,#N/A N/A,#N/A N/A,#N/A N/A,74776.1176,#N/A N/A,126034.3636,UNIPRO PJSC,63048.7061,1.999,791.349,52049.595,166251.904
UPRO RM Equity 2024,#N/A N/A,#N/A N/A,#N/A N/A,#N/A N/A,#N/A N/A,#N/A N/A,#N/A N/A,#N/A N/A,#N/A N/A,#N/A N/A,#N/A N/A,#N/A N/A,#N/A N/A,#N/A N/A,#N/A N/A,#N/A N/A,#N/A N/A,#N/A N/A,#N/A N/A,#N/A N/A,#N/A N/A,#N/A N/A,UNIPRO PJSC,63048.7061,1.955,840.066,91963.166,197150.055
UN01 GR Equity 2018,59500,265.968,12800.7,1327.89,1163.25,10291.6,#N/A N/A,#N/A N/A,5.07,12.935,#N/A N/A,#N/A N/A,#N/A N/A,#N/A N/A,#N/A N/A,#N/A N/A,#N/A N/A,#N/A N/A,#N/A N/A,10328.696,78176,#N/A N/A,UNIPER SE,#N/A N/A,#N/A N/A,2939,1378,50970
UN01 GR Equity 2019,48226.801,1029.97,#N/A N/A,#N/A N/A,#N/A N/A,#N/A N/A,#N/A N/A,#N/A N/A,#N/A N/A,#N/A N/A,#N/A N/A,#N/A N/A,#N/A N/A,#N/A N/A,#N/A N/A,#N/A N/A,#N/A N/A,#N/A N/A,#N/A N/A,12418.4796,65804,#N/A N/A,UNIPER SE,#N/A N/A,#N/A N/A,1934,871,43756
UN01 GR Equity 2020,42600,713.543,21065.1,540.278,241.334,6897.3,1023.08,#N/A N/A,0.516,0.058,204.184,#N/A N/A,#N/A N/A,12158.3,#N/A N/A,#N/A N/A,#N/A N/A,#N/A N/A,#N/A N/A,12225.7104,50968,#N/A N/A,UNIPER SE,#N/A N/A,#N/A N/A,1743,289,40222
UN01 GR Equity 2021,27800,596.924,106438,460.926,173.945,10524.1,16935.301,10.629,0.27,3.723,56.912,54.635,140.909,78077.203,0,0,0,0,#N/A N/A,21791.128,163979,#N/A N/A,UNIPER SE,#N/A N/A,#N/A N/A,8975,2966,128397
UN01 GR Equity 2022,56177.898,655.941,103426,6522.08,52.273,3382.34,6609.05,39.04,3.704,0.049,0,145.853,101.695,86559.102,11.022,0,0,0,#N/A N/A,29053.7632,274121,#N/A N/A,UNIPER SE,#N/A N/A,#N/A N/A,11937,4634,121802
UN01 GR Equity 2023,19711.4,542.768,77582.398,8699.33,67.74,2245.56,3464.62,23.654,5.074,0.048,0,62.086,401.023,62442.5,8.371,162.445,0,0,#N/A N/A,21972.5693,107915,#N/A N/A,UNIPER SE,#N/A N/A,#N/A N/A,1846,4257,54961
UN01 GR Equity 2024,14751.2,1348.61,64365.5,8363.63,14.88,3802.1,2830.58,55.673,5.63,0.051,#N/A N/A,55.211,34.827,49175.5,5.904,21.467,#N/A N/A,#N/A N/A,#N/A N/A,11638.174,69636,#N/A N/A,UNIPER SE,#N/A N/A,#N/A N/A,1898,6731,38489
UTCEM IN Equity 2018,39298.898,633.09,4794.49,0,0,24.8,2996.28,0,3.176,0,0,1770.23,0,0,0,0,0,0,#N/A N/A,1238093.741,309786.2,1084725.241,ULTRATECH CEMENT LTD,274.5439,3950,194802.2,41593.9,571505.2
UTCEM IN Equity 2019,51270.699,1216.4,5880,#N/A N/A,#N/A N/A,#N/A N/A,#N/A N/A,#N/A N/A,#N/A N/A,#N/A N/A,#N/A N/A,#N/A N/A,#N/A N/A,#N/A N/A,#N/A N/A,#N/A N/A,#N/A N/A,#N/A N/A,#N/A N/A,1328239.765,409038.1,1097309.965,ULTRATECH CEMENT LTD,286.0651,3998.35,253370,22561.7,765374.3
UTCEM IN Equity 2020,47954.398,1321.89,5370,#N/A N/A,#N/A N/A,#N/A N/A,#N/A N/A,#N/A N/A,#N/A N/A,#N/A N/A,#N/A N/A,#N/A N/A,#N/A N/A,#N/A N/A,#N/A N/A,#N/A N/A,#N/A N/A,#N/A N/A,#N/A N/A,1129904.251,421248.3,935865.4505,ULTRATECH CEMENT LTD,288.417,3244.85,241799.6,47836,792197.9
UTCEM IN Equity 2021,56588.301,1412.05,4547.81,92.22,0,2194.38,2167.75,8.06,2.52,0.19,0,82.69,0,0,0,0,0,0,#N/A N/A,2031871.428,447258,1943634.528,ULTRATECH CEMENT LTD,288.4487,6737.95,217193.9,129014.2,861835.1
UTCEM IN Equity 2022,61454,1049.15,4204.91,0,0,2162.55,1965.31,12.81,3.39,0,0,60.85,0,0,0,0,0,0,#N/A N/A,1964014.099,525988.3,1904281.899,ULTRATECH CEMENT LTD,288.4249,6602.3,112988,53225.2,838277.9
UTCEM IN Equity 2023,62530.5,1695.04,4204.92,#N/A N/A,#N/A N/A,2162.55,1965.31,12.81,3.387,0.19,#N/A N/A,60.85,#N/A N/A,#N/A N/A,#N/A N/A,#N/A N/A,#N/A N/A,#N/A N/A,#N/A N/A,2238967.743,632399.8,2197695.943,ULTRATECH CEMENT LTD,288.3267,7622.15,110577.4,69861.9,913869.6
UTCEM IN Equity 2024,71237.898,1884.39,8273.89,1030.79,276.2,4877.65,2013.61,0.82,14.089,23.31,0,37.42,0,0,0,0,0,0,#N/A N/A,2861696.444,709081.4,2809787.644,ULTRATECH CEMENT LTD,288.2121,9749.15,114029.5,62680.1,1008020.1
UNV AU Equity 2018,#N/A N/A,#N/A N/A,#N/A N/A,#N/A N/A,#N/A N/A,#N/A N/A,#N/A N/A,#N/A N/A,#N/A N/A,#N/A N/A,#N/A N/A,#N/A N/A,#N/A N/A,#N/A N/A,#N/A N/A,#N/A N/A,#N/A N/A,#N/A N/A,#N/A N/A,205.371,316.35,167.191,UNIVERSAL COAL LTD,522.4718,0.32,32.976,33.543,264.593
UNV AU Equity 2019,#N/A N/A,#N/A N/A,#N/A N/A,#N/A N/A,#N/A N/A,#N/A N/A,#N/A N/A,#N/A N/A,#N/A N/A,#N/A N/A,#N/A N/A,#N/A N/A,#N/A N/A,#N/A N/A,#N/A N/A,#N/A N/A,#N/A N/A,#N/A N/A,#N/A N/A,222.6616,434.79,164.5786,UNIVERSAL COAL LTD,522.4718,0.315,21.568,32.14,381.061
UNV AU Equity 2020,#N/A N/A,#N/A N/A,#N/A N/A,#N/A N/A,#N/A N/A,#N/A N/A,#N/A N/A,#N/A N/A,#N/A N/A,#N/A N/A,#N/A N/A,#N/A N/A,#N/A N/A,#N/A N/A,#N/A N/A,#N/A N/A,#N/A N/A,#N/A N/A,#N/A N/A,#N/A N/A,#N/A N/A,#N/A N/A,UNIVERSAL COAL LTD,#N/A N/A,#N/A N/A,#N/A N/A,#N/A N/A,#N/A N/A
UNV AU Equity 2021,#N/A N/A,#N/A N/A,#N/A N/A,#N/A N/A,#N/A N/A,#N/A N/A,#N/A N/A,#N/A N/A,#N/A N/A,#N/A N/A,#N/A N/A,#N/A N/A,#N/A N/A,#N/A N/A,#N/A N/A,#N/A N/A,#N/A N/A,#N/A N/A,#N/A N/A,#N/A N/A,#N/A N/A,#N/A N/A,UNIVERSAL COAL LTD,#N/A N/A,#N/A N/A,#N/A N/A,#N/A N/A,#N/A N/A
UNV AU Equity 2022,#N/A N/A,#N/A N/A,#N/A N/A,#N/A N/A,#N/A N/A,#N/A N/A,#N/A N/A,#N/A N/A,#N/A N/A,#N/A N/A,#N/A N/A,#N/A N/A,#N/A N/A,#N/A N/A,#N/A N/A,#N/A N/A,#N/A N/A,#N/A N/A,#N/A N/A,#N/A N/A,#N/A N/A,#N/A N/A,UNIVERSAL COAL LTD,#N/A N/A,#N/A N/A,#N/A N/A,#N/A N/A,#N/A N/A
UNV AU Equity 2023,#N/A N/A,#N/A N/A,#N/A N/A,#N/A N/A,#N/A N/A,#N/A N/A,#N/A N/A,#N/A N/A,#N/A N/A,#N/A N/A,#N/A N/A,#N/A N/A,#N/A N/A,#N/A N/A,#N/A N/A,#N/A N/A,#N/A N/A,#N/A N/A,#N/A N/A,#N/A N/A,#N/A N/A,#N/A N/A,UNIVERSAL COAL LTD,#N/A N/A,#N/A N/A,#N/A N/A,#N/A N/A,#N/A N/A
UNV AU Equity 2024,#N/A N/A,#N/A N/A,#N/A N/A,#N/A N/A,#N/A N/A,#N/A N/A,#N/A N/A,#N/A N/A,#N/A N/A,#N/A N/A,#N/A N/A,#N/A N/A,#N/A N/A,#N/A N/A,#N/A N/A,#N/A N/A,#N/A N/A,#N/A N/A,#N/A N/A,#N/A N/A,#N/A N/A,#N/A N/A,UNIVERSAL COAL LTD,#N/A N/A,#N/A N/A,#N/A N/A,#N/A N/A,#N/A N/A
UNIQ IJ Equity 2018,#N/A N/A,#N/A N/A,#N/A N/A,#N/A N/A,#N/A N/A,#N/A N/A,#N/A N/A,#N/A N/A,#N/A N/A,#N/A N/A,#N/A N/A,#N/A N/A,#N/A N/A,#N/A N/A,#N/A N/A,#N/A N/A,#N/A N/A,#N/A N/A,#N/A N/A,#N/A N/A,#N/A N/A,#N/A N/A,ULIMA NITRA TBK PT,#N/A N/A,#N/A N/A,177050.2732,20701.9025,492982.9023
UNIQ IJ Equity 2019,#N/A N/A,#N/A N/A,#N/A N/A,#N/A N/A,#N/A N/A,#N/A N/A,#N/A N/A,#N/A N/A,#N/A N/A,#N/A N/A,#N/A N/A,#N/A N/A,#N/A N/A,#N/A N/A,#N/A N/A,#N/A N/A,#N/A N/A,#N/A N/A,#N/A N/A,#N/A N/A,#N/A N/A,#N/A N/A,ULIMA NITRA TBK PT,#N/A N/A,#N/A N/A,240986.7906,11917.4328,580579.1196
UNIQ IJ Equity 2020,#N/A N/A,#N/A N/A,#N/A N/A,#N/A N/A,#N/A N/A,#N/A N/A,#N/A N/A,#N/A N/A,#N/A N/A,#N/A N/A,#N/A N/A,#N/A N/A,#N/A N/A,#N/A N/A,#N/A N/A,#N/A N/A,#N/A N/A,#N/A N/A,#N/A N/A,#N/A N/A,296492.16,#N/A N/A,ULIMA NITRA TBK PT,2500,#N/A N/A,206393.763,1288.7144,539154.2148
UNIQ IJ Equity 2021,#N/A N/A,#N/A N/A,#N/A N/A,#N/A N/A,#N/A N/A,#N/A N/A,#N/A N/A,#N/A N/A,#N/A N/A,#N/A N/A,#N/A N/A,#N/A N/A,#N/A N/A,#N/A N/A,#N/A N/A,#N/A N/A,#N/A N/A,#N/A N/A,#N/A N/A,397540.7468,318296.248,276230.504,ULIMA NITRA TBK PT,3032.4858,88,121875.6231,565.3803,516019.5185
UNIQ IJ Equity 2022,#N/A N/A,#N/A N/A,#N/A N/A,#N/A N/A,#N/A N/A,#N/A N/A,#N/A N/A,#N/A N/A,#N/A N/A,#N/A N/A,#N/A N/A,#N/A N/A,#N/A N/A,#N/A N/A,#N/A N/A,#N/A N/A,#N/A N/A,#N/A N/A,#N/A N/A,295461.1899,#N/A N/A,185199.997,ULIMA NITRA TBK PT,3138.983,59,151352.5621,41091.3693,581518.0141
UNIQ IJ Equity 2023,#N/A N/A,#N/A N/A,#N/A N/A,#N/A N/A,#N/A N/A,#N/A N/A,#N/A N/A,#N/A N/A,#N/A N/A,#N/A N/A,#N/A N/A,#N/A N/A,#N/A N/A,#N/A N/A,#N/A N/A,#N/A N/A,#N/A N/A,#N/A N/A,#N/A N/A,931247.334,#N/A N/A,678020.328,ULIMA NITRA TBK PT,3138.983,216,264800.9869,11573.9809,726265.911
UNIQ IJ Equity 2024,#N/A N/A,#N/A N/A,#N/A N/A,#N/A N/A,#N/A N/A,#N/A N/A,#N/A N/A,#N/A N/A,#N/A N/A,#N/A N/A,#N/A N/A,#N/A N/A,#N/A N/A,#N/A N/A,#N/A N/A,#N/A N/A,#N/A N/A,#N/A N/A,#N/A N/A,1558984.058,#N/A N/A,1374874.554,ULIMA NITRA TBK PT,3138.983,438,208221.498,24111.9936,730154.521
UKUZ RM Equity 2018,#N/A N/A,#N/A N/A,#N/A N/A,#N/A N/A,#N/A N/A,#N/A N/A,#N/A N/A,#N/A N/A,#N/A N/A,#N/A N/A,#N/A N/A,#N/A N/A,#N/A N/A,#N/A N/A,#N/A N/A,#N/A N/A,#N/A N/A,#N/A N/A,#N/A N/A,152669.1888,#N/A N/A,18776.7928,SOUTHERN KUZBASS PJSC,36.1092,520,133633.233,58.695,127183.965
UKUZ RM Equity 2019,#N/A N/A,#N/A N/A,#N/A N/A,#N/A N/A,#N/A N/A,#N/A N/A,#N/A N/A,#N/A N/A,#N/A N/A,#N/A N/A,#N/A N/A,#N/A N/A,#N/A N/A,#N/A N/A,#N/A N/A,#N/A N/A,#N/A N/A,#N/A N/A,#N/A N/A,148970.7703,#N/A N/A,18849.0113,SOUTHERN KUZBASS PJSC,36.1092,522,129987.099,209.501,133271.214
UKUZ RM Equity 2020,#N/A N/A,#N/A N/A,#N/A N/A,#N/A N/A,#N/A N/A,#N/A N/A,#N/A N/A,#N/A N/A,#N/A N/A,#N/A N/A,#N/A N/A,#N/A N/A,#N/A N/A,#N/A N/A,#N/A N/A,#N/A N/A,#N/A N/A,#N/A N/A,#N/A N/A,160115.2464,#N/A N/A,18704.5744,SOUTHERN KUZBASS PJSC,36.1092,518,141189.676,138.022,121643.043
UKUZ RM Equity 2021,#N/A N/A,#N/A N/A,#N/A N/A,#N/A N/A,#N/A N/A,#N/A N/A,#N/A N/A,#N/A N/A,#N/A N/A,#N/A N/A,#N/A N/A,#N/A N/A,#N/A N/A,#N/A N/A,#N/A N/A,#N/A N/A,#N/A N/A,#N/A N/A,#N/A N/A,128870.0818,#N/A N/A,48386.3508,SOUTHERN KUZBASS PJSC,36.1092,1340,80461.569,364.746,76511.69
UKUZ RM Equity 2022,#N/A N/A,#N/A N/A,#N/A N/A,#N/A N/A,#N/A N/A,#N/A N/A,#N/A N/A,#N/A N/A,#N/A N/A,#N/A N/A,#N/A N/A,#N/A N/A,#N/A N/A,#N/A N/A,#N/A N/A,#N/A N/A,#N/A N/A,#N/A N/A,#N/A N/A,#N/A N/A,#N/A N/A,#N/A N/A,SOUTHERN KUZBASS PJSC,36.1092,1226,#N/A N/A,#N/A N/A,#N/A N/A
UKUZ RM Equity 2023,#N/A N/A,#N/A N/A,#N/A N/A,#N/A N/A,#N/A N/A,#N/A N/A,#N/A N/A,#N/A N/A,#N/A N/A,#N/A N/A,#N/A N/A,#N/A N/A,#N/A N/A,#N/A N/A,#N/A N/A,#N/A N/A,#N/A N/A,#N/A N/A,#N/A N/A,117447.4882,#N/A N/A,58199.8932,SOUTHERN KUZBASS PJSC,36.149,1610,59347.142,137.809,61596.499
UKUZ RM Equity 2024,#N/A N/A,#N/A N/A,#N/A N/A,#N/A N/A,#N/A N/A,#N/A N/A,#N/A N/A,#N/A N/A,#N/A N/A,#N/A N/A,#N/A N/A,#N/A N/A,#N/A N/A,#N/A N/A,#N/A N/A,#N/A N/A,#N/A N/A,#N/A N/A,#N/A N/A,#N/A N/A,#N/A N/A,#N/A N/A,SOUTHERN KUZBASS PJSC,36.149,1420,53511.222,142.552,66167.457
UNTR IJ Equity 2018,#N/A N/A,#N/A N/A,#N/A N/A,#N/A N/A,#N/A N/A,#N/A N/A,#N/A N/A,#N/A N/A,#N/A N/A,#N/A N/A,#N/A N/A,#N/A N/A,#N/A N/A,#N/A N/A,#N/A N/A,#N/A N/A,#N/A N/A,#N/A N/A,#N/A N/A,102095707,84624733,102019196,UNITED TRACTORS TBK PT,3730.135,27350,10243337,13438175,116281017
UNTR IJ Equity 2019,3813.74,122.469,#N/A N/A,#N/A N/A,#N/A N/A,#N/A N/A,#N/A N/A,#N/A N/A,#N/A N/A,#N/A N/A,#N/A N/A,#N/A N/A,#N/A N/A,#N/A N/A,#N/A N/A,#N/A N/A,#N/A N/A,#N/A N/A,#N/A N/A,85084846.8,84430478,80291158.8,UNITED TRACTORS TBK PT,3730.135,21525,13986331,12090661,111713375
UNTR IJ Equity 2020,3296.83,126.129,#N/A N/A,#N/A N/A,#N/A N/A,#N/A N/A,#N/A N/A,#N/A N/A,#N/A N/A,#N/A N/A,#N/A N/A,#N/A N/A,#N/A N/A,#N/A N/A,#N/A N/A,#N/A N/A,#N/A N/A,#N/A N/A,#N/A N/A,94013701.62,60346784,99221594.62,UNITED TRACTORS TBK PT,3730.135,26600,12429924,20498574,99800963
UNTR IJ Equity 2021,329.766,188.41,#N/A N/A,#N/A N/A,#N/A N/A,#N/A N/A,#N/A N/A,#N/A N/A,#N/A N/A,#N/A N/A,#N/A N/A,#N/A N/A,#N/A N/A,#N/A N/A,#N/A N/A,#N/A N/A,#N/A N/A,#N/A N/A,#N/A N/A,61728382.26,79460503,82622493.26,UNITED TRACTORS TBK PT,3730.135,22150,9164796,33321741,112561356
UNTR IJ Equity 2022,2065.25,218.338,#N/A N/A,#N/A N/A,#N/A N/A,#N/A N/A,#N/A N/A,#N/A N/A,#N/A N/A,#N/A N/A,#N/A N/A,#N/A N/A,#N/A N/A,#N/A N/A,#N/A N/A,#N/A N/A,#N/A N/A,#N/A N/A,#N/A N/A,64235781.22,123607460,94699423.22,UNITED TRACTORS TBK PT,3698.414,26075,3002167,38281513,140478220
UNTR IJ Equity 2023,2200.96,192.613,#N/A N/A,#N/A N/A,#N/A N/A,#N/A N/A,#N/A N/A,#N/A N/A,#N/A N/A,#N/A N/A,#N/A N/A,#N/A N/A,#N/A N/A,#N/A N/A,#N/A N/A,#N/A N/A,#N/A N/A,#N/A N/A,#N/A N/A,87238938.7,128583264,82169681.7,UNITED TRACTORS TBK PT,3631.8091,22625,18874776,18596609,153753903
UNTR IJ Equity 2024,2222.37,177.036,#N/A N/A,#N/A N/A,#N/A N/A,#N/A N/A,#N/A N/A,#N/A N/A,#N/A N/A,#N/A N/A,#N/A N/A,#N/A N/A,#N/A N/A,#N/A N/A,#N/A N/A,#N/A N/A,#N/A N/A,#N/A N/A,#N/A N/A,97543269.62,134426998,97241689.62,UNITED TRACTORS TBK PT,3631.8091,26775,20166320,25092519,169480618
UVAIJBZ CH Equity 2018,#N/A N/A,#N/A N/A,#N/A N/A,#N/A N/A,#N/A N/A,#N/A N/A,#N/A N/A,#N/A N/A,#N/A N/A,#N/A N/A,#N/A N/A,#N/A N/A,#N/A N/A,#N/A N/A,#N/A N/A,#N/A N/A,#N/A N/A,#N/A N/A,#N/A N/A,#N/A N/A,#N/A N/A,#N/A N/A,ANHUI HUAINAN LUONENG POWER,#N/A N/A,#N/A N/A,#N/A N/A,#N/A N/A,#N/A N/A
UVAIJBZ CH Equity 2019,#N/A N/A,#N/A N/A,#N/A N/A,#N/A N/A,#N/A N/A,#N/A N/A,#N/A N/A,#N/A N/A,#N/A N/A,#N/A N/A,#N/A N/A,#N/A N/A,#N/A N/A,#N/A N/A,#N/A N/A,#N/A N/A,#N/A N/A,#N/A N/A,#N/A N/A,#N/A N/A,#N/A N/A,#N/A N/A,ANHUI HUAINAN LUONENG POWER,#N/A N/A,#N/A N/A,#N/A N/A,#N/A N/A,#N/A N/A
UVAIJBZ CH Equity 2020,#N/A N/A,#N/A N/A,#N/A N/A,#N/A N/A,#N/A N/A,#N/A N/A,#N/A N/A,#N/A N/A,#N/A N/A,#N/A N/A,#N/A N/A,#N/A N/A,#N/A N/A,#N/A N/A,#N/A N/A,#N/A N/A,#N/A N/A,#N/A N/A,#N/A N/A,#N/A N/A,#N/A N/A,#N/A N/A,ANHUI HUAINAN LUONENG POWER,#N/A N/A,#N/A N/A,#N/A N/A,#N/A N/A,#N/A N/A
UVAIJBZ CH Equity 2021,#N/A N/A,#N/A N/A,#N/A N/A,#N/A N/A,#N/A N/A,#N/A N/A,#N/A N/A,#N/A N/A,#N/A N/A,#N/A N/A,#N/A N/A,#N/A N/A,#N/A N/A,#N/A N/A,#N/A N/A,#N/A N/A,#N/A N/A,#N/A N/A,#N/A N/A,#N/A N/A,#N/A N/A,#N/A N/A,ANHUI HUAINAN LUONENG POWER,#N/A N/A,#N/A N/A,#N/A N/A,#N/A N/A,#N/A N/A
UVAIJBZ CH Equity 2022,#N/A N/A,#N/A N/A,#N/A N/A,#N/A N/A,#N/A N/A,#N/A N/A,#N/A N/A,#N/A N/A,#N/A N/A,#N/A N/A,#N/A N/A,#N/A N/A,#N/A N/A,#N/A N/A,#N/A N/A,#N/A N/A,#N/A N/A,#N/A N/A,#N/A N/A,#N/A N/A,#N/A N/A,#N/A N/A,ANHUI HUAINAN LUONENG POWER,#N/A N/A,#N/A N/A,#N/A N/A,#N/A N/A,#N/A N/A
UVAIJBZ CH Equity 2023,#N/A N/A,#N/A N/A,#N/A N/A,#N/A N/A,#N/A N/A,#N/A N/A,#N/A N/A,#N/A N/A,#N/A N/A,#N/A N/A,#N/A N/A,#N/A N/A,#N/A N/A,#N/A N/A,#N/A N/A,#N/A N/A,#N/A N/A,#N/A N/A,#N/A N/A,#N/A N/A,#N/A N/A,#N/A N/A,ANHUI HUAINAN LUONENG POWER,#N/A N/A,#N/A N/A,#N/A N/A,#N/A N/A,#N/A N/A
UVAIJBZ CH Equity 2024,#N/A N/A,#N/A N/A,#N/A N/A,#N/A N/A,#N/A N/A,#N/A N/A,#N/A N/A,#N/A N/A,#N/A N/A,#N/A N/A,#N/A N/A,#N/A N/A,#N/A N/A,#N/A N/A,#N/A N/A,#N/A N/A,#N/A N/A,#N/A N/A,#N/A N/A,#N/A N/A,#N/A N/A,#N/A N/A,ANHUI HUAINAN LUONENG POWER,#N/A N/A,#N/A N/A,#N/A N/A,#N/A N/A,#N/A N/A
UVAKQZ CH Equity 2018,#N/A N/A,#N/A N/A,#N/A N/A,#N/A N/A,#N/A N/A,#N/A N/A,#N/A N/A,#N/A N/A,#N/A N/A,#N/A N/A,#N/A N/A,#N/A N/A,#N/A N/A,#N/A N/A,#N/A N/A,#N/A N/A,#N/A N/A,#N/A N/A,#N/A N/A,#N/A N/A,#N/A N/A,#N/A N/A,GUONENG YUEDIAN TAISHAN POWE,#N/A N/A,#N/A N/A,#N/A N/A,#N/A N/A,#N/A N/A
UVAKQZ CH Equity 2019,#N/A N/A,#N/A N/A,#N/A N/A,#N/A N/A,#N/A N/A,#N/A N/A,#N/A N/A,#N/A N/A,#N/A N/A,#N/A N/A,#N/A N/A,#N/A N/A,#N/A N/A,#N/A N/A,#N/A N/A,#N/A N/A,#N/A N/A,#N/A N/A,#N/A N/A,#N/A N/A,#N/A N/A,#N/A N/A,GUONENG YUEDIAN TAISHAN POWE,#N/A N/A,#N/A N/A,#N/A N/A,#N/A N/A,#N/A N/A
UVAKQZ CH Equity 2020,#N/A N/A,#N/A N/A,#N/A N/A,#N/A N/A,#N/A N/A,#N/A N/A,#N/A N/A,#N/A N/A,#N/A N/A,#N/A N/A,#N/A N/A,#N/A N/A,#N/A N/A,#N/A N/A,#N/A N/A,#N/A N/A,#N/A N/A,#N/A N/A,#N/A N/A,#N/A N/A,#N/A N/A,#N/A N/A,GUONENG YUEDIAN TAISHAN POWE,#N/A N/A,#N/A N/A,#N/A N/A,#N/A N/A,#N/A N/A
UVAKQZ CH Equity 2021,#N/A N/A,#N/A N/A,#N/A N/A,#N/A N/A,#N/A N/A,#N/A N/A,#N/A N/A,#N/A N/A,#N/A N/A,#N/A N/A,#N/A N/A,#N/A N/A,#N/A N/A,#N/A N/A,#N/A N/A,#N/A N/A,#N/A N/A,#N/A N/A,#N/A N/A,#N/A N/A,#N/A N/A,#N/A N/A,GUONENG YUEDIAN TAISHAN POWE,#N/A N/A,#N/A N/A,#N/A N/A,#N/A N/A,#N/A N/A
UVAKQZ CH Equity 2022,#N/A N/A,#N/A N/A,#N/A N/A,#N/A N/A,#N/A N/A,#N/A N/A,#N/A N/A,#N/A N/A,#N/A N/A,#N/A N/A,#N/A N/A,#N/A N/A,#N/A N/A,#N/A N/A,#N/A N/A,#N/A N/A,#N/A N/A,#N/A N/A,#N/A N/A,#N/A N/A,#N/A N/A,#N/A N/A,GUONENG YUEDIAN TAISHAN POWE,#N/A N/A,#N/A N/A,#N/A N/A,#N/A N/A,#N/A N/A
UVAKQZ CH Equity 2023,#N/A N/A,#N/A N/A,#N/A N/A,#N/A N/A,#N/A N/A,#N/A N/A,#N/A N/A,#N/A N/A,#N/A N/A,#N/A N/A,#N/A N/A,#N/A N/A,#N/A N/A,#N/A N/A,#N/A N/A,#N/A N/A,#N/A N/A,#N/A N/A,#N/A N/A,#N/A N/A,#N/A N/A,#N/A N/A,GUONENG YUEDIAN TAISHAN POWE,#N/A N/A,#N/A N/A,#N/A N/A,#N/A N/A,#N/A N/A
UVAKQZ CH Equity 2024,#N/A N/A,#N/A N/A,#N/A N/A,#N/A N/A,#N/A N/A,#N/A N/A,#N/A N/A,#N/A N/A,#N/A N/A,#N/A N/A,#N/A N/A,#N/A N/A,#N/A N/A,#N/A N/A,#N/A N/A,#N/A N/A,#N/A N/A,#N/A N/A,#N/A N/A,#N/A N/A,#N/A N/A,#N/A N/A,GUONENG YUEDIAN TAISHAN POWE,#N/A N/A,#N/A N/A,#N/A N/A,#N/A N/A,#N/A N/A
UNS US Equity 2018,#N/A N/A,#N/A N/A,#N/A N/A,#N/A N/A,#N/A N/A,#N/A N/A,#N/A N/A,#N/A N/A,#N/A N/A,#N/A N/A,#N/A N/A,#N/A N/A,#N/A N/A,#N/A N/A,#N/A N/A,#N/A N/A,#N/A N/A,#N/A N/A,#N/A N/A,#N/A N/A,#N/A N/A,#N/A N/A,UNS ENERGY CORP,#N/A N/A,#N/A N/A,#N/A N/A,#N/A N/A,#N/A N/A
UNS US Equity 2019,#N/A N/A,#N/A N/A,#N/A N/A,#N/A N/A,#N/A N/A,#N/A N/A,#N/A N/A,#N/A N/A,#N/A N/A,#N/A N/A,#N/A N/A,#N/A N/A,#N/A N/A,#N/A N/A,#N/A N/A,#N/A N/A,#N/A N/A,#N/A N/A,#N/A N/A,#N/A N/A,#N/A N/A,#N/A N/A,UNS ENERGY CORP,#N/A N/A,#N/A N/A,#N/A N/A,#N/A N/A,#N/A N/A
UNS US Equity 2020,#N/A N/A,#N/A N/A,#N/A N/A,#N/A N/A,#N/A N/A,#N/A N/A,#N/A N/A,#N/A N/A,#N/A N/A,#N/A N/A,#N/A N/A,#N/A N/A,#N/A N/A,#N/A N/A,#N/A N/A,#N/A N/A,#N/A N/A,#N/A N/A,#N/A N/A,#N/A N/A,#N/A N/A,#N/A N/A,UNS ENERGY CORP,#N/A N/A,#N/A N/A,#N/A N/A,#N/A N/A,#N/A N/A
UNS US Equity 2021,#N/A N/A,#N/A N/A,#N/A N/A,#N/A N/A,#N/A N/A,#N/A N/A,#N/A N/A,#N/A N/A,#N/A N/A,#N/A N/A,#N/A N/A,#N/A N/A,#N/A N/A,#N/A N/A,#N/A N/A,#N/A N/A,#N/A N/A,#N/A N/A,#N/A N/A,#N/A N/A,#N/A N/A,#N/A N/A,UNS ENERGY CORP,#N/A N/A,#N/A N/A,#N/A N/A,#N/A N/A,#N/A N/A
UNS US Equity 2022,#N/A N/A,#N/A N/A,#N/A N/A,#N/A N/A,#N/A N/A,#N/A N/A,#N/A N/A,#N/A N/A,#N/A N/A,#N/A N/A,#N/A N/A,#N/A N/A,#N/A N/A,#N/A N/A,#N/A N/A,#N/A N/A,#N/A N/A,#N/A N/A,#N/A N/A,#N/A N/A,#N/A N/A,#N/A N/A,UNS ENERGY CORP,#N/A N/A,#N/A N/A,#N/A N/A,#N/A N/A,#N/A N/A
UNS US Equity 2023,#N/A N/A,#N/A N/A,#N/A N/A,#N/A N/A,#N/A N/A,#N/A N/A,#N/A N/A,#N/A N/A,#N/A N/A,#N/A N/A,#N/A N/A,#N/A N/A,#N/A N/A,#N/A N/A,#N/A N/A,#N/A N/A,#N/A N/A,#N/A N/A,#N/A N/A,#N/A N/A,#N/A N/A,#N/A N/A,UNS ENERGY CORP,#N/A N/A,#N/A N/A,#N/A N/A,#N/A N/A,#N/A N/A
UNS US Equity 2024,#N/A N/A,#N/A N/A,#N/A N/A,#N/A N/A,#N/A N/A,#N/A N/A,#N/A N/A,#N/A N/A,#N/A N/A,#N/A N/A,#N/A N/A,#N/A N/A,#N/A N/A,#N/A N/A,#N/A N/A,#N/A N/A,#N/A N/A,#N/A N/A,#N/A N/A,#N/A N/A,#N/A N/A,#N/A N/A,UNS ENERGY CORP,#N/A N/A,#N/A N/A,#N/A N/A,#N/A N/A,#N/A N/A
UWAQRZ CH Equity 2018,#N/A N/A,#N/A N/A,#N/A N/A,#N/A N/A,#N/A N/A,#N/A N/A,#N/A N/A,#N/A N/A,#N/A N/A,#N/A N/A,#N/A N/A,#N/A N/A,#N/A N/A,#N/A N/A,#N/A N/A,#N/A N/A,#N/A N/A,#N/A N/A,#N/A N/A,#N/A N/A,#N/A N/A,#N/A N/A,DATANG HUAYIN ZHUZHOU ELECTR,#N/A N/A,#N/A N/A,#N/A N/A,#N/A N/A,#N/A N/A
UWAQRZ CH Equity 2019,#N/A N/A,#N/A N/A,#N/A N/A,#N/A N/A,#N/A N/A,#N/A N/A,#N/A N/A,#N/A N/A,#N/A N/A,#N/A N/A,#N/A N/A,#N/A N/A,#N/A N/A,#N/A N/A,#N/A N/A,#N/A N/A,#N/A N/A,#N/A N/A,#N/A N/A,#N/A N/A,#N/A N/A,#N/A N/A,DATANG HUAYIN ZHUZHOU ELECTR,#N/A N/A,#N/A N/A,#N/A N/A,#N/A N/A,#N/A N/A
UWAQRZ CH Equity 2020,#N/A N/A,#N/A N/A,#N/A N/A,#N/A N/A,#N/A N/A,#N/A N/A,#N/A N/A,#N/A N/A,#N/A N/A,#N/A N/A,#N/A N/A,#N/A N/A,#N/A N/A,#N/A N/A,#N/A N/A,#N/A N/A,#N/A N/A,#N/A N/A,#N/A N/A,#N/A N/A,#N/A N/A,#N/A N/A,DATANG HUAYIN ZHUZHOU ELECTR,#N/A N/A,#N/A N/A,#N/A N/A,#N/A N/A,#N/A N/A
UWAQRZ CH Equity 2021,#N/A N/A,#N/A N/A,#N/A N/A,#N/A N/A,#N/A N/A,#N/A N/A,#N/A N/A,#N/A N/A,#N/A N/A,#N/A N/A,#N/A N/A,#N/A N/A,#N/A N/A,#N/A N/A,#N/A N/A,#N/A N/A,#N/A N/A,#N/A N/A,#N/A N/A,#N/A N/A,#N/A N/A,#N/A N/A,DATANG HUAYIN ZHUZHOU ELECTR,#N/A N/A,#N/A N/A,#N/A N/A,#N/A N/A,#N/A N/A
UWAQRZ CH Equity 2022,#N/A N/A,#N/A N/A,#N/A N/A,#N/A N/A,#N/A N/A,#N/A N/A,#N/A N/A,#N/A N/A,#N/A N/A,#N/A N/A,#N/A N/A,#N/A N/A,#N/A N/A,#N/A N/A,#N/A N/A,#N/A N/A,#N/A N/A,#N/A N/A,#N/A N/A,#N/A N/A,#N/A N/A,#N/A N/A,DATANG HUAYIN ZHUZHOU ELECTR,#N/A N/A,#N/A N/A,#N/A N/A,#N/A N/A,#N/A N/A
UWAQRZ CH Equity 2023,#N/A N/A,#N/A N/A,#N/A N/A,#N/A N/A,#N/A N/A,#N/A N/A,#N/A N/A,#N/A N/A,#N/A N/A,#N/A N/A,#N/A N/A,#N/A N/A,#N/A N/A,#N/A N/A,#N/A N/A,#N/A N/A,#N/A N/A,#N/A N/A,#N/A N/A,#N/A N/A,#N/A N/A,#N/A N/A,DATANG HUAYIN ZHUZHOU ELECTR,#N/A N/A,#N/A N/A,#N/A N/A,#N/A N/A,#N/A N/A
UWAQRZ CH Equity 2024,#N/A N/A,#N/A N/A,#N/A N/A,#N/A N/A,#N/A N/A,#N/A N/A,#N/A N/A,#N/A N/A,#N/A N/A,#N/A N/A,#N/A N/A,#N/A N/A,#N/A N/A,#N/A N/A,#N/A N/A,#N/A N/A,#N/A N/A,#N/A N/A,#N/A N/A,#N/A N/A,#N/A N/A,#N/A N/A,DATANG HUAYIN ZHUZHOU ELECTR,#N/A N/A,#N/A N/A,#N/A N/A,#N/A N/A,#N/A N/A
UVAKQZ CH Equity 2018,#N/A N/A,#N/A N/A,#N/A N/A,#N/A N/A,#N/A N/A,#N/A N/A,#N/A N/A,#N/A N/A,#N/A N/A,#N/A N/A,#N/A N/A,#N/A N/A,#N/A N/A,#N/A N/A,#N/A N/A,#N/A N/A,#N/A N/A,#N/A N/A,#N/A N/A,#N/A N/A,#N/A N/A,#N/A N/A,GUONENG YUEDIAN TAISHAN POWE,#N/A N/A,#N/A N/A,#N/A N/A,#N/A N/A,#N/A N/A
UVAKQZ CH Equity 2019,#N/A N/A,#N/A N/A,#N/A N/A,#N/A N/A,#N/A N/A,#N/A N/A,#N/A N/A,#N/A N/A,#N/A N/A,#N/A N/A,#N/A N/A,#N/A N/A,#N/A N/A,#N/A N/A,#N/A N/A,#N/A N/A,#N/A N/A,#N/A N/A,#N/A N/A,#N/A N/A,#N/A N/A,#N/A N/A,GUONENG YUEDIAN TAISHAN POWE,#N/A N/A,#N/A N/A,#N/A N/A,#N/A N/A,#N/A N/A
UVAKQZ CH Equity 2020,#N/A N/A,#N/A N/A,#N/A N/A,#N/A N/A,#N/A N/A,#N/A N/A,#N/A N/A,#N/A N/A,#N/A N/A,#N/A N/A,#N/A N/A,#N/A N/A,#N/A N/A,#N/A N/A,#N/A N/A,#N/A N/A,#N/A N/A,#N/A N/A,#N/A N/A,#N/A N/A,#N/A N/A,#N/A N/A,GUONENG YUEDIAN TAISHAN POWE,#N/A N/A,#N/A N/A,#N/A N/A,#N/A N/A,#N/A N/A
UVAKQZ CH Equity 2021,#N/A N/A,#N/A N/A,#N/A N/A,#N/A N/A,#N/A N/A,#N/A N/A,#N/A N/A,#N/A N/A,#N/A N/A,#N/A N/A,#N/A N/A,#N/A N/A,#N/A N/A,#N/A N/A,#N/A N/A,#N/A N/A,#N/A N/A,#N/A N/A,#N/A N/A,#N/A N/A,#N/A N/A,#N/A N/A,GUONENG YUEDIAN TAISHAN POWE,#N/A N/A,#N/A N/A,#N/A N/A,#N/A N/A,#N/A N/A
UVAKQZ CH Equity 2022,#N/A N/A,#N/A N/A,#N/A N/A,#N/A N/A,#N/A N/A,#N/A N/A,#N/A N/A,#N/A N/A,#N/A N/A,#N/A N/A,#N/A N/A,#N/A N/A,#N/A N/A,#N/A N/A,#N/A N/A,#N/A N/A,#N/A N/A,#N/A N/A,#N/A N/A,#N/A N/A,#N/A N/A,#N/A N/A,GUONENG YUEDIAN TAISHAN POWE,#N/A N/A,#N/A N/A,#N/A N/A,#N/A N/A,#N/A N/A
UVAKQZ CH Equity 2023,#N/A N/A,#N/A N/A,#N/A N/A,#N/A N/A,#N/A N/A,#N/A N/A,#N/A N/A,#N/A N/A,#N/A N/A,#N/A N/A,#N/A N/A,#N/A N/A,#N/A N/A,#N/A N/A,#N/A N/A,#N/A N/A,#N/A N/A,#N/A N/A,#N/A N/A,#N/A N/A,#N/A N/A,#N/A N/A,GUONENG YUEDIAN TAISHAN POWE,#N/A N/A,#N/A N/A,#N/A N/A,#N/A N/A,#N/A N/A
UVAKQZ CH Equity 2024,#N/A N/A,#N/A N/A,#N/A N/A,#N/A N/A,#N/A N/A,#N/A N/A,#N/A N/A,#N/A N/A,#N/A N/A,#N/A N/A,#N/A N/A,#N/A N/A,#N/A N/A,#N/A N/A,#N/A N/A,#N/A N/A,#N/A N/A,#N/A N/A,#N/A N/A,#N/A N/A,#N/A N/A,#N/A N/A,GUONENG YUEDIAN TAISHAN POWE,#N/A N/A,#N/A N/A,#N/A N/A,#N/A N/A,#N/A N/A
UVAKQZ CH Equity 2018,#N/A N/A,#N/A N/A,#N/A N/A,#N/A N/A,#N/A N/A,#N/A N/A,#N/A N/A,#N/A N/A,#N/A N/A,#N/A N/A,#N/A N/A,#N/A N/A,#N/A N/A,#N/A N/A,#N/A N/A,#N/A N/A,#N/A N/A,#N/A N/A,#N/A N/A,#N/A N/A,#N/A N/A,#N/A N/A,GUONENG YUEDIAN TAISHAN POWE,#N/A N/A,#N/A N/A,#N/A N/A,#N/A N/A,#N/A N/A
UVAKQZ CH Equity 2019,#N/A N/A,#N/A N/A,#N/A N/A,#N/A N/A,#N/A N/A,#N/A N/A,#N/A N/A,#N/A N/A,#N/A N/A,#N/A N/A,#N/A N/A,#N/A N/A,#N/A N/A,#N/A N/A,#N/A N/A,#N/A N/A,#N/A N/A,#N/A N/A,#N/A N/A,#N/A N/A,#N/A N/A,#N/A N/A,GUONENG YUEDIAN TAISHAN POWE,#N/A N/A,#N/A N/A,#N/A N/A,#N/A N/A,#N/A N/A
UVAKQZ CH Equity 2020,#N/A N/A,#N/A N/A,#N/A N/A,#N/A N/A,#N/A N/A,#N/A N/A,#N/A N/A,#N/A N/A,#N/A N/A,#N/A N/A,#N/A N/A,#N/A N/A,#N/A N/A,#N/A N/A,#N/A N/A,#N/A N/A,#N/A N/A,#N/A N/A,#N/A N/A,#N/A N/A,#N/A N/A,#N/A N/A,GUONENG YUEDIAN TAISHAN POWE,#N/A N/A,#N/A N/A,#N/A N/A,#N/A N/A,#N/A N/A
UVAKQZ CH Equity 2021,#N/A N/A,#N/A N/A,#N/A N/A,#N/A N/A,#N/A N/A,#N/A N/A,#N/A N/A,#N/A N/A,#N/A N/A,#N/A N/A,#N/A N/A,#N/A N/A,#N/A N/A,#N/A N/A,#N/A N/A,#N/A N/A,#N/A N/A,#N/A N/A,#N/A N/A,#N/A N/A,#N/A N/A,#N/A N/A,GUONENG YUEDIAN TAISHAN POWE,#N/A N/A,#N/A N/A,#N/A N/A,#N/A N/A,#N/A N/A
UVAKQZ CH Equity 2022,#N/A N/A,#N/A N/A,#N/A N/A,#N/A N/A,#N/A N/A,#N/A N/A,#N/A N/A,#N/A N/A,#N/A N/A,#N/A N/A,#N/A N/A,#N/A N/A,#N/A N/A,#N/A N/A,#N/A N/A,#N/A N/A,#N/A N/A,#N/A N/A,#N/A N/A,#N/A N/A,#N/A N/A,#N/A N/A,GUONENG YUEDIAN TAISHAN POWE,#N/A N/A,#N/A N/A,#N/A N/A,#N/A N/A,#N/A N/A
UVAKQZ CH Equity 2023,#N/A N/A,#N/A N/A,#N/A N/A,#N/A N/A,#N/A N/A,#N/A N/A,#N/A N/A,#N/A N/A,#N/A N/A,#N/A N/A,#N/A N/A,#N/A N/A,#N/A N/A,#N/A N/A,#N/A N/A,#N/A N/A,#N/A N/A,#N/A N/A,#N/A N/A,#N/A N/A,#N/A N/A,#N/A N/A,GUONENG YUEDIAN TAISHAN POWE,#N/A N/A,#N/A N/A,#N/A N/A,#N/A N/A,#N/A N/A
UVAKQZ CH Equity 2024,#N/A N/A,#N/A N/A,#N/A N/A,#N/A N/A,#N/A N/A,#N/A N/A,#N/A N/A,#N/A N/A,#N/A N/A,#N/A N/A,#N/A N/A,#N/A N/A,#N/A N/A,#N/A N/A,#N/A N/A,#N/A N/A,#N/A N/A,#N/A N/A,#N/A N/A,#N/A N/A,#N/A N/A,#N/A N/A,GUONENG YUEDIAN TAISHAN POWE,#N/A N/A,#N/A N/A,#N/A N/A,#N/A N/A,#N/A N/A
UWAQRZ CH Equity 2018,#N/A N/A,#N/A N/A,#N/A N/A,#N/A N/A,#N/A N/A,#N/A N/A,#N/A N/A,#N/A N/A,#N/A N/A,#N/A N/A,#N/A N/A,#N/A N/A,#N/A N/A,#N/A N/A,#N/A N/A,#N/A N/A,#N/A N/A,#N/A N/A,#N/A N/A,#N/A N/A,#N/A N/A,#N/A N/A,DATANG HUAYIN ZHUZHOU ELECTR,#N/A N/A,#N/A N/A,#N/A N/A,#N/A N/A,#N/A N/A
UWAQRZ CH Equity 2019,#N/A N/A,#N/A N/A,#N/A N/A,#N/A N/A,#N/A N/A,#N/A N/A,#N/A N/A,#N/A N/A,#N/A N/A,#N/A N/A,#N/A N/A,#N/A N/A,#N/A N/A,#N/A N/A,#N/A N/A,#N/A N/A,#N/A N/A,#N/A N/A,#N/A N/A,#N/A N/A,#N/A N/A,#N/A N/A,DATANG HUAYIN ZHUZHOU ELECTR,#N/A N/A,#N/A N/A,#N/A N/A,#N/A N/A,#N/A N/A
UWAQRZ CH Equity 2020,#N/A N/A,#N/A N/A,#N/A N/A,#N/A N/A,#N/A N/A,#N/A N/A,#N/A N/A,#N/A N/A,#N/A N/A,#N/A N/A,#N/A N/A,#N/A N/A,#N/A N/A,#N/A N/A,#N/A N/A,#N/A N/A,#N/A N/A,#N/A N/A,#N/A N/A,#N/A N/A,#N/A N/A,#N/A N/A,DATANG HUAYIN ZHUZHOU ELECTR,#N/A N/A,#N/A N/A,#N/A N/A,#N/A N/A,#N/A N/A
UWAQRZ CH Equity 2021,#N/A N/A,#N/A N/A,#N/A N/A,#N/A N/A,#N/A N/A,#N/A N/A,#N/A N/A,#N/A N/A,#N/A N/A,#N/A N/A,#N/A N/A,#N/A N/A,#N/A N/A,#N/A N/A,#N/A N/A,#N/A N/A,#N/A N/A,#N/A N/A,#N/A N/A,#N/A N/A,#N/A N/A,#N/A N/A,DATANG HUAYIN ZHUZHOU ELECTR,#N/A N/A,#N/A N/A,#N/A N/A,#N/A N/A,#N/A N/A
UWAQRZ CH Equity 2022,#N/A N/A,#N/A N/A,#N/A N/A,#N/A N/A,#N/A N/A,#N/A N/A,#N/A N/A,#N/A N/A,#N/A N/A,#N/A N/A,#N/A N/A,#N/A N/A,#N/A N/A,#N/A N/A,#N/A N/A,#N/A N/A,#N/A N/A,#N/A N/A,#N/A N/A,#N/A N/A,#N/A N/A,#N/A N/A,DATANG HUAYIN ZHUZHOU ELECTR,#N/A N/A,#N/A N/A,#N/A N/A,#N/A N/A,#N/A N/A
UWAQRZ CH Equity 2023,#N/A N/A,#N/A N/A,#N/A N/A,#N/A N/A,#N/A N/A,#N/A N/A,#N/A N/A,#N/A N/A,#N/A N/A,#N/A N/A,#N/A N/A,#N/A N/A,#N/A N/A,#N/A N/A,#N/A N/A,#N/A N/A,#N/A N/A,#N/A N/A,#N/A N/A,#N/A N/A,#N/A N/A,#N/A N/A,DATANG HUAYIN ZHUZHOU ELECTR,#N/A N/A,#N/A N/A,#N/A N/A,#N/A N/A,#N/A N/A
UWAQRZ CH Equity 2024,#N/A N/A,#N/A N/A,#N/A N/A,#N/A N/A,#N/A N/A,#N/A N/A,#N/A N/A,#N/A N/A,#N/A N/A,#N/A N/A,#N/A N/A,#N/A N/A,#N/A N/A,#N/A N/A,#N/A N/A,#N/A N/A,#N/A N/A,#N/A N/A,#N/A N/A,#N/A N/A,#N/A N/A,#N/A N/A,DATANG HUAYIN ZHUZHOU ELECTR,#N/A N/A,#N/A N/A,#N/A N/A,#N/A N/A,#N/A N/A
UEP US Equity 2018,#N/A N/A,#N/A N/A,#N/A N/A,#N/A N/A,#N/A N/A,#N/A N/A,#N/A N/A,#N/A N/A,#N/A N/A,#N/A N/A,#N/A N/A,#N/A N/A,#N/A N/A,#N/A N/A,#N/A N/A,#N/A N/A,#N/A N/A,#N/A N/A,#N/A N/A,#N/A N/A,#N/A N/A,#N/A N/A,UNION ELECTRIC CO,102.1,#N/A N/A,4053,0,14291
UEP US Equity 2019,#N/A N/A,#N/A N/A,#N/A N/A,#N/A N/A,#N/A N/A,#N/A N/A,#N/A N/A,#N/A N/A,#N/A N/A,#N/A N/A,#N/A N/A,#N/A N/A,#N/A N/A,#N/A N/A,#N/A N/A,#N/A N/A,#N/A N/A,#N/A N/A,#N/A N/A,#N/A N/A,#N/A N/A,#N/A N/A,UNION ELECTRIC CO,102.1,#N/A N/A,4460,9,14937
UEP US Equity 2020,#N/A N/A,#N/A N/A,#N/A N/A,#N/A N/A,#N/A N/A,#N/A N/A,#N/A N/A,#N/A N/A,#N/A N/A,#N/A N/A,#N/A N/A,#N/A N/A,#N/A N/A,#N/A N/A,#N/A N/A,#N/A N/A,#N/A N/A,#N/A N/A,#N/A N/A,#N/A N/A,#N/A N/A,#N/A N/A,UNION ELECTRIC CO,102.1,#N/A N/A,5104,136,16783
UEP US Equity 2021,#N/A N/A,#N/A N/A,#N/A N/A,#N/A N/A,#N/A N/A,#N/A N/A,#N/A N/A,#N/A N/A,#N/A N/A,#N/A N/A,#N/A N/A,#N/A N/A,#N/A N/A,#N/A N/A,#N/A N/A,#N/A N/A,#N/A N/A,#N/A N/A,#N/A N/A,#N/A N/A,#N/A N/A,#N/A N/A,UNION ELECTRIC CO,102.1,#N/A N/A,5784,0,18722
UEP US Equity 2022,#N/A N/A,#N/A N/A,#N/A N/A,#N/A N/A,#N/A N/A,#N/A N/A,#N/A N/A,#N/A N/A,#N/A N/A,#N/A N/A,#N/A N/A,#N/A N/A,#N/A N/A,#N/A N/A,#N/A N/A,#N/A N/A,#N/A N/A,#N/A N/A,#N/A N/A,#N/A N/A,#N/A N/A,#N/A N/A,UNION ELECTRIC CO,102.1,#N/A N/A,6415,0,19506
UEP US Equity 2023,#N/A N/A,#N/A N/A,#N/A N/A,#N/A N/A,#N/A N/A,#N/A N/A,#N/A N/A,#N/A N/A,#N/A N/A,#N/A N/A,#N/A N/A,#N/A N/A,#N/A N/A,#N/A N/A,#N/A N/A,#N/A N/A,#N/A N/A,#N/A N/A,#N/A N/A,#N/A N/A,#N/A N/A,#N/A N/A,UNION ELECTRIC CO,102.1,#N/A N/A,6817,0,20606
UEP US Equity 2024,#N/A N/A,#N/A N/A,#N/A N/A,#N/A N/A,#N/A N/A,#N/A N/A,#N/A N/A,#N/A N/A,#N/A N/A,#N/A N/A,#N/A N/A,#N/A N/A,#N/A N/A,#N/A N/A,#N/A N/A,#N/A N/A,#N/A N/A,#N/A N/A,#N/A N/A,#N/A N/A,#N/A N/A,#N/A N/A,UNION ELECTRIC CO,102.1,#N/A N/A,7745,43,23106
UNTC US Equity 2018,#N/A N/A,#N/A N/A,#N/A N/A,#N/A N/A,#N/A N/A,#N/A N/A,#N/A N/A,#N/A N/A,#N/A N/A,#N/A N/A,#N/A N/A,#N/A N/A,#N/A N/A,#N/A N/A,#N/A N/A,#N/A N/A,#N/A N/A,#N/A N/A,#N/A N/A,#N/A N/A,820.478,#N/A N/A,UNIT CORP,51.981,#N/A N/A,648.476,6.452,2698.053
UNTC US Equity 2019,#N/A N/A,#N/A N/A,#N/A N/A,#N/A N/A,#N/A N/A,#N/A N/A,#N/A N/A,#N/A N/A,#N/A N/A,#N/A N/A,#N/A N/A,#N/A N/A,#N/A N/A,#N/A N/A,#N/A N/A,#N/A N/A,#N/A N/A,#N/A N/A,#N/A N/A,#N/A N/A,674.634,#N/A N/A,UNIT CORP,52.849,#N/A N/A,784.296,0.571,2090.052
UNTC US Equity 2020,#N/A N/A,#N/A N/A,#N/A N/A,#N/A N/A,#N/A N/A,#N/A N/A,#N/A N/A,#N/A N/A,#N/A N/A,#N/A N/A,#N/A N/A,#N/A N/A,#N/A N/A,#N/A N/A,#N/A N/A,#N/A N/A,#N/A N/A,#N/A N/A,#N/A N/A,#N/A N/A,410.485,#N/A N/A,UNIT CORP,53.368,#N/A N/A,107.736,12.714,649.703
UNTC US Equity 2021,#N/A N/A,#N/A N/A,#N/A N/A,#N/A N/A,#N/A N/A,#N/A N/A,#N/A N/A,#N/A N/A,#N/A N/A,#N/A N/A,#N/A N/A,#N/A N/A,#N/A N/A,#N/A N/A,#N/A N/A,#N/A N/A,#N/A N/A,#N/A N/A,#N/A N/A,504.4152,638.716,324.6162,UNIT CORP,11.3998,32.3,31.668,64.14,629.477
UNTC US Equity 2022,#N/A N/A,#N/A N/A,#N/A N/A,#N/A N/A,#N/A N/A,#N/A N/A,#N/A N/A,#N/A N/A,#N/A N/A,#N/A N/A,#N/A N/A,#N/A N/A,#N/A N/A,#N/A N/A,#N/A N/A,#N/A N/A,#N/A N/A,#N/A N/A,#N/A N/A,349.739,545.525,557.074,UNIT CORP,9.8715,57.86,6.64,213.975,469.255
UNTC US Equity 2023,#N/A N/A,#N/A N/A,#N/A N/A,#N/A N/A,#N/A N/A,#N/A N/A,#N/A N/A,#N/A N/A,#N/A N/A,#N/A N/A,#N/A N/A,#N/A N/A,#N/A N/A,#N/A N/A,#N/A N/A,#N/A N/A,#N/A N/A,#N/A N/A,#N/A N/A,370.2859,#N/A N/A,421.4429,UNIT CORP,9.6939,43.18,9.622,60.779,322.72
UNTC US Equity 2024,#N/A N/A,#N/A N/A,#N/A N/A,#N/A N/A,#N/A N/A,#N/A N/A,#N/A N/A,#N/A N/A,#N/A N/A,#N/A N/A,#N/A N/A,#N/A N/A,#N/A N/A,#N/A N/A,#N/A N/A,#N/A N/A,#N/A N/A,#N/A N/A,#N/A N/A,241.8949,237.612,290.7789,UNIT CORP,9.8019,30.2,0,48.884,139.134
UGPA3 BZ Equity 2018,460.174,187.977,#N/A N/A,#N/A N/A,#N/A N/A,#N/A N/A,#N/A N/A,#N/A N/A,#N/A N/A,#N/A N/A,#N/A N/A,#N/A N/A,#N/A N/A,#N/A N/A,#N/A N/A,#N/A N/A,#N/A N/A,#N/A N/A,#N/A N/A,37452.0622,90697.983,28888.3952,ULTRAPAR PARTICIPACOES SA,1084.128,26.6,15206.149,6994.406,30499.395
UGPA3 BZ Equity 2019,461.638,157.637,834.966,#N/A N/A,#N/A N/A,#N/A N/A,#N/A N/A,#N/A N/A,#N/A N/A,#N/A N/A,#N/A N/A,#N/A N/A,#N/A N/A,#N/A N/A,#N/A N/A,#N/A N/A,#N/A N/A,#N/A N/A,#N/A N/A,37848.6287,89298,27672.0417,ULTRAPAR PARTICIPACOES SA,1086.485,25.48,15981.395,6181.728,31195.472
UGPA3 BZ Equity 2020,469.377,153.673,911.567,#N/A N/A,#N/A N/A,#N/A N/A,#N/A N/A,#N/A N/A,#N/A N/A,#N/A N/A,#N/A N/A,#N/A N/A,#N/A N/A,#N/A N/A,#N/A N/A,#N/A N/A,#N/A N/A,#N/A N/A,#N/A N/A,36796.7799,81241.1,25882.9169,ULTRAPAR PARTICIPACOES SA,1089.414,23.74,19209.504,8672.16,36250.162
UGPA3 BZ Equity 2021,471.124,159.563,870.815,#N/A N/A,#N/A N/A,#N/A N/A,#N/A N/A,#N/A N/A,#N/A N/A,#N/A N/A,#N/A N/A,#N/A N/A,#N/A N/A,#N/A N/A,#N/A N/A,#N/A N/A,#N/A N/A,#N/A N/A,#N/A N/A,29187.6298,118798.6,15522.8298,ULTRAPAR PARTICIPACOES SA,1090.34,14.54,17725.954,4463.473,39010.357
UGPA3 BZ Equity 2022,33.673,2.431,800.341,5.527,31.036,1.052,582.576,5.411,2.663,4.82,#N/A N/A,209.31,#N/A N/A,#N/A N/A,#N/A N/A,#N/A N/A,#N/A N/A,2.566,#N/A N/A,20887.8628,143634.708,13732.4678,ULTRAPAR PARTICIPACOES SA,1091.99,12.61,13274.13,6584.962,36441.003
UGPA3 BZ Equity 2023,43.433,2.135,64384.398,#N/A N/A,#N/A N/A,#N/A N/A,#N/A N/A,#N/A N/A,#N/A N/A,#N/A N/A,#N/A N/A,#N/A N/A,#N/A N/A,#N/A N/A,#N/A N/A,#N/A N/A,#N/A N/A,#N/A N/A,#N/A N/A,35779.661,126048.7,29134.942,ULTRAPAR PARTICIPACOES SA,1095.469,26.51,13291.951,7170.563,38251.974
UGPA3 BZ Equity 2024,27.322,3.272,62811.301,16787.1,#N/A N/A,#N/A N/A,491.269,45.713,3.315,#N/A N/A,#N/A N/A,58.16,#N/A N/A,#N/A N/A,#N/A N/A,#N/A N/A,#N/A N/A,27.347,45398.398,25827.2618,133499,17406.9578,ULTRAPAR PARTICIPACOES SA,1102.13,15.88,15787.262,8031.684,39558.074
UNIPE CP Equity 2018,#N/A N/A,#N/A N/A,#N/A N/A,#N/A N/A,#N/A N/A,#N/A N/A,#N/A N/A,#N/A N/A,#N/A N/A,#N/A N/A,#N/A N/A,#N/A N/A,#N/A N/A,#N/A N/A,#N/A N/A,#N/A N/A,#N/A N/A,#N/A N/A,#N/A N/A,#N/A N/A,130768,#N/A N/A,ORLEN UNIPETROL AS,181.3348,382.5,4,7859,88374
UNIPE CP Equity 2019,#N/A N/A,#N/A N/A,#N/A N/A,#N/A N/A,#N/A N/A,#N/A N/A,#N/A N/A,#N/A N/A,#N/A N/A,#N/A N/A,#N/A N/A,#N/A N/A,#N/A N/A,#N/A N/A,#N/A N/A,#N/A N/A,#N/A N/A,#N/A N/A,#N/A N/A,#N/A N/A,128879,#N/A N/A,ORLEN UNIPETROL AS,181.3348,#N/A N/A,3079,8549,94228
UNIPE CP Equity 2020,#N/A N/A,#N/A N/A,#N/A N/A,#N/A N/A,#N/A N/A,#N/A N/A,#N/A N/A,#N/A N/A,#N/A N/A,#N/A N/A,#N/A N/A,#N/A N/A,#N/A N/A,#N/A N/A,#N/A N/A,#N/A N/A,#N/A N/A,#N/A N/A,#N/A N/A,#N/A N/A,#N/A N/A,#N/A N/A,ORLEN UNIPETROL AS,#N/A N/A,#N/A N/A,#N/A N/A,#N/A N/A,#N/A N/A
UNIPE CP Equity 2021,#N/A N/A,#N/A N/A,#N/A N/A,#N/A N/A,#N/A N/A,#N/A N/A,#N/A N/A,#N/A N/A,#N/A N/A,#N/A N/A,#N/A N/A,#N/A N/A,#N/A N/A,#N/A N/A,#N/A N/A,#N/A N/A,#N/A N/A,#N/A N/A,#N/A N/A,#N/A N/A,#N/A N/A,#N/A N/A,ORLEN UNIPETROL AS,#N/A N/A,#N/A N/A,#N/A N/A,#N/A N/A,#N/A N/A
UNIPE CP Equity 2022,#N/A N/A,#N/A N/A,#N/A N/A,#N/A N/A,#N/A N/A,#N/A N/A,#N/A N/A,#N/A N/A,#N/A N/A,#N/A N/A,#N/A N/A,#N/A N/A,#N/A N/A,#N/A N/A,#N/A N/A,#N/A N/A,#N/A N/A,#N/A N/A,#N/A N/A,#N/A N/A,#N/A N/A,#N/A N/A,ORLEN UNIPETROL AS,#N/A N/A,#N/A N/A,#N/A N/A,#N/A N/A,#N/A N/A
UNIPE CP Equity 2023,#N/A N/A,#N/A N/A,#N/A N/A,#N/A N/A,#N/A N/A,#N/A N/A,#N/A N/A,#N/A N/A,#N/A N/A,#N/A N/A,#N/A N/A,#N/A N/A,#N/A N/A,#N/A N/A,#N/A N/A,#N/A N/A,#N/A N/A,#N/A N/A,#N/A N/A,#N/A N/A,#N/A N/A,#N/A N/A,ORLEN UNIPETROL AS,#N/A N/A,#N/A N/A,#N/A N/A,#N/A N/A,#N/A N/A
UNIPE CP Equity 2024,#N/A N/A,#N/A N/A,#N/A N/A,#N/A N/A,#N/A N/A,#N/A N/A,#N/A N/A,#N/A N/A,#N/A N/A,#N/A N/A,#N/A N/A,#N/A N/A,#N/A N/A,#N/A N/A,#N/A N/A,#N/A N/A,#N/A N/A,#N/A N/A,#N/A N/A,#N/A N/A,#N/A N/A,#N/A N/A,ORLEN UNIPETROL AS,#N/A N/A,#N/A N/A,#N/A N/A,#N/A N/A,#N/A N/A
