DTK VN Equity 2018,#N/A N/A,#N/A N/A,#N/A N/A,#N/A N/A,#N/A N/A,#N/A N/A,#N/A N/A,#N/A N/A,#N/A N/A,#N/A N/A,#N/A N/A,#N/A N/A,#N/A N/A,#N/A N/A,#N/A N/A,#N/A N/A,#N/A N/A,#N/A N/A,#N/A N/A,#N/A N/A,#N/A N/A,#N/A N/A,VINACOMIN - POWER HOLDING CO,680,12000,12807045.47,371544.9493,24395568.18
DTK VN Equity 2019,#N/A N/A,#N/A N/A,#N/A N/A,#N/A N/A,#N/A N/A,#N/A N/A,#N/A N/A,#N/A N/A,#N/A N/A,#N/A N/A,#N/A N/A,#N/A N/A,#N/A N/A,#N/A N/A,#N/A N/A,#N/A N/A,#N/A N/A,#N/A N/A,#N/A N/A,#N/A N/A,#N/A N/A,#N/A N/A,VINACOMIN - POWER HOLDING CO,680,9000,10857546.4,315151.8343,21932003.7
DTK VN Equity 2020,#N/A N/A,#N/A N/A,#N/A N/A,#N/A N/A,#N/A N/A,#N/A N/A,#N/A N/A,#N/A N/A,#N/A N/A,#N/A N/A,#N/A N/A,#N/A N/A,#N/A N/A,#N/A N/A,#N/A N/A,#N/A N/A,#N/A N/A,#N/A N/A,#N/A N/A,18316820.59,#N/A N/A,9588000,VINACOMIN - POWER HOLDING CO,680,14100,9186428.212,483328.28,20080779.45
DTK VN Equity 2021,#N/A N/A,#N/A N/A,#N/A N/A,#N/A N/A,#N/A N/A,#N/A N/A,#N/A N/A,#N/A N/A,#N/A N/A,#N/A N/A,#N/A N/A,#N/A N/A,#N/A N/A,#N/A N/A,#N/A N/A,#N/A N/A,#N/A N/A,#N/A N/A,#N/A N/A,18975691.99,#N/A N/A,11197386.59,VINACOMIN - POWER HOLDING CO,680.0303,16400,7921573.089,161198.6387,18772708
DTK VN Equity 2022,#N/A N/A,#N/A N/A,#N/A N/A,#N/A N/A,#N/A N/A,#N/A N/A,#N/A N/A,#N/A N/A,#N/A N/A,#N/A N/A,#N/A N/A,#N/A N/A,#N/A N/A,#N/A N/A,#N/A N/A,#N/A N/A,#N/A N/A,#N/A N/A,#N/A N/A,11854997.1,#N/A N/A,6281460.77,VINACOMIN - POWER HOLDING CO,682.7675,9200,6238684.601,683299.2744,16670806.4
DTK VN Equity 2023,#N/A N/A,#N/A N/A,#N/A N/A,#N/A N/A,#N/A N/A,#N/A N/A,#N/A N/A,#N/A N/A,#N/A N/A,#N/A N/A,#N/A N/A,#N/A N/A,#N/A N/A,#N/A N/A,#N/A N/A,#N/A N/A,#N/A N/A,#N/A N/A,#N/A N/A,11468058.08,#N/A N/A,7510442.225,VINACOMIN - POWER HOLDING CO,682.7675,11000,4662506.041,721920.8672,16502521.62
DTK VN Equity 2024,#N/A N/A,#N/A N/A,#N/A N/A,#N/A N/A,#N/A N/A,#N/A N/A,#N/A N/A,#N/A N/A,#N/A N/A,#N/A N/A,#N/A N/A,#N/A N/A,#N/A N/A,#N/A N/A,#N/A N/A,#N/A N/A,#N/A N/A,#N/A N/A,#N/A N/A,12067379.78,#N/A N/A,9422191.155,VINACOMIN - POWER HOLDING CO,682.7675,13800,3581813.214,951544.8428,15531079.06
DPL US Equity 2018,#N/A N/A,#N/A N/A,#N/A N/A,#N/A N/A,#N/A N/A,#N/A N/A,#N/A N/A,#N/A N/A,#N/A N/A,#N/A N/A,#N/A N/A,#N/A N/A,#N/A N/A,#N/A N/A,#N/A N/A,#N/A N/A,#N/A N/A,#N/A N/A,#N/A N/A,#N/A N/A,#N/A N/A,#N/A N/A,DPL INC,#N/A N/A,#N/A N/A,1475.9,90.5,1883.1
DPL US Equity 2019,#N/A N/A,#N/A N/A,#N/A N/A,#N/A N/A,#N/A N/A,#N/A N/A,#N/A N/A,#N/A N/A,#N/A N/A,#N/A N/A,#N/A N/A,#N/A N/A,#N/A N/A,#N/A N/A,#N/A N/A,#N/A N/A,#N/A N/A,#N/A N/A,#N/A N/A,#N/A N/A,#N/A N/A,#N/A N/A,DPL INC,#N/A N/A,#N/A N/A,1507.1,36.5,1935.8
DPL US Equity 2020,#N/A N/A,#N/A N/A,#N/A N/A,#N/A N/A,#N/A N/A,#N/A N/A,#N/A N/A,#N/A N/A,#N/A N/A,#N/A N/A,#N/A N/A,#N/A N/A,#N/A N/A,#N/A N/A,#N/A N/A,#N/A N/A,#N/A N/A,#N/A N/A,#N/A N/A,#N/A N/A,#N/A N/A,#N/A N/A,DPL INC,#N/A N/A,#N/A N/A,1493.6,25.4,2036
DPL US Equity 2021,#N/A N/A,#N/A N/A,#N/A N/A,#N/A N/A,#N/A N/A,#N/A N/A,#N/A N/A,#N/A N/A,#N/A N/A,#N/A N/A,#N/A N/A,#N/A N/A,#N/A N/A,#N/A N/A,#N/A N/A,#N/A N/A,#N/A N/A,#N/A N/A,#N/A N/A,#N/A N/A,#N/A N/A,#N/A N/A,DPL INC,#N/A N/A,#N/A N/A,1460.5,26.6,2171.8
DPL US Equity 2022,#N/A N/A,#N/A N/A,#N/A N/A,#N/A N/A,#N/A N/A,#N/A N/A,#N/A N/A,#N/A N/A,#N/A N/A,#N/A N/A,#N/A N/A,#N/A N/A,#N/A N/A,#N/A N/A,#N/A N/A,#N/A N/A,#N/A N/A,#N/A N/A,#N/A N/A,#N/A N/A,#N/A N/A,#N/A N/A,DPL INC,#N/A N/A,#N/A N/A,1690.9,30.5,2422.4
DPL US Equity 2023,#N/A N/A,#N/A N/A,#N/A N/A,#N/A N/A,#N/A N/A,#N/A N/A,#N/A N/A,#N/A N/A,#N/A N/A,#N/A N/A,#N/A N/A,#N/A N/A,#N/A N/A,#N/A N/A,#N/A N/A,#N/A N/A,#N/A N/A,#N/A N/A,#N/A N/A,#N/A N/A,#N/A N/A,#N/A N/A,DPL INC,#N/A N/A,#N/A N/A,1852.6,41,2906.2
DPL US Equity 2024,#N/A N/A,#N/A N/A,#N/A N/A,#N/A N/A,#N/A N/A,#N/A N/A,#N/A N/A,#N/A N/A,#N/A N/A,#N/A N/A,#N/A N/A,#N/A N/A,#N/A N/A,#N/A N/A,#N/A N/A,#N/A N/A,#N/A N/A,#N/A N/A,#N/A N/A,#N/A N/A,#N/A N/A,#N/A N/A,DPL INC,#N/A N/A,#N/A N/A,2130,54,3417.4
DPL1 US Equity 2018,#N/A N/A,#N/A N/A,#N/A N/A,#N/A N/A,#N/A N/A,#N/A N/A,#N/A N/A,#N/A N/A,#N/A N/A,#N/A N/A,#N/A N/A,#N/A N/A,#N/A N/A,#N/A N/A,#N/A N/A,#N/A N/A,#N/A N/A,#N/A N/A,#N/A N/A,#N/A N/A,#N/A N/A,#N/A N/A,DAYTON POWER & LIGHT CO,41.1722,#N/A N/A,586.1,45,1819.6
DPL1 US Equity 2019,#N/A N/A,#N/A N/A,#N/A N/A,#N/A N/A,#N/A N/A,#N/A N/A,#N/A N/A,#N/A N/A,#N/A N/A,#N/A N/A,#N/A N/A,#N/A N/A,#N/A N/A,#N/A N/A,#N/A N/A,#N/A N/A,#N/A N/A,#N/A N/A,#N/A N/A,#N/A N/A,#N/A N/A,#N/A N/A,DAYTON POWER & LIGHT CO,41.1722,#N/A N/A,614.4,10.8,1883.2
DPL1 US Equity 2020,#N/A N/A,#N/A N/A,#N/A N/A,#N/A N/A,#N/A N/A,#N/A N/A,#N/A N/A,#N/A N/A,#N/A N/A,#N/A N/A,#N/A N/A,#N/A N/A,#N/A N/A,#N/A N/A,#N/A N/A,#N/A N/A,#N/A N/A,#N/A N/A,#N/A N/A,#N/A N/A,#N/A N/A,#N/A N/A,DAYTON POWER & LIGHT CO,41.1722,#N/A N/A,594.1,11.7,2014.7
DPL1 US Equity 2021,#N/A N/A,#N/A N/A,#N/A N/A,#N/A N/A,#N/A N/A,#N/A N/A,#N/A N/A,#N/A N/A,#N/A N/A,#N/A N/A,#N/A N/A,#N/A N/A,#N/A N/A,#N/A N/A,#N/A N/A,#N/A N/A,#N/A N/A,#N/A N/A,#N/A N/A,#N/A N/A,#N/A N/A,#N/A N/A,DAYTON POWER & LIGHT CO,41.1722,#N/A N/A,574.3,14.4,2162.6
DPL1 US Equity 2022,#N/A N/A,#N/A N/A,#N/A N/A,#N/A N/A,#N/A N/A,#N/A N/A,#N/A N/A,#N/A N/A,#N/A N/A,#N/A N/A,#N/A N/A,#N/A N/A,#N/A N/A,#N/A N/A,#N/A N/A,#N/A N/A,#N/A N/A,#N/A N/A,#N/A N/A,#N/A N/A,#N/A N/A,#N/A N/A,DAYTON POWER & LIGHT CO,41.1722,#N/A N/A,832.7,19.7,2405.9
DPL1 US Equity 2023,#N/A N/A,#N/A N/A,#N/A N/A,#N/A N/A,#N/A N/A,#N/A N/A,#N/A N/A,#N/A N/A,#N/A N/A,#N/A N/A,#N/A N/A,#N/A N/A,#N/A N/A,#N/A N/A,#N/A N/A,#N/A N/A,#N/A N/A,#N/A N/A,#N/A N/A,#N/A N/A,#N/A N/A,#N/A N/A,DAYTON POWER & LIGHT CO,41.1722,#N/A N/A,1027.5,15.5,2871
DPL1 US Equity 2024,#N/A N/A,#N/A N/A,#N/A N/A,#N/A N/A,#N/A N/A,#N/A N/A,#N/A N/A,#N/A N/A,#N/A N/A,#N/A N/A,#N/A N/A,#N/A N/A,#N/A N/A,#N/A N/A,#N/A N/A,#N/A N/A,#N/A N/A,#N/A N/A,#N/A N/A,#N/A N/A,#N/A N/A,#N/A N/A,DAYTON POWER & LIGHT CO,41.1722,#N/A N/A,1302.8,24.6,3355.2
DFAVWZ CH Equity 2018,#N/A N/A,#N/A N/A,#N/A N/A,#N/A N/A,#N/A N/A,#N/A N/A,#N/A N/A,#N/A N/A,#N/A N/A,#N/A N/A,#N/A N/A,#N/A N/A,#N/A N/A,#N/A N/A,#N/A N/A,#N/A N/A,#N/A N/A,#N/A N/A,#N/A N/A,#N/A N/A,#N/A N/A,#N/A N/A,SHANDONG WEISHANHU MINING G,#N/A N/A,#N/A N/A,#N/A N/A,#N/A N/A,#N/A N/A
DFAVWZ CH Equity 2019,#N/A N/A,#N/A N/A,#N/A N/A,#N/A N/A,#N/A N/A,#N/A N/A,#N/A N/A,#N/A N/A,#N/A N/A,#N/A N/A,#N/A N/A,#N/A N/A,#N/A N/A,#N/A N/A,#N/A N/A,#N/A N/A,#N/A N/A,#N/A N/A,#N/A N/A,#N/A N/A,#N/A N/A,#N/A N/A,SHANDONG WEISHANHU MINING G,#N/A N/A,#N/A N/A,#N/A N/A,#N/A N/A,#N/A N/A
DFAVWZ CH Equity 2020,#N/A N/A,#N/A N/A,#N/A N/A,#N/A N/A,#N/A N/A,#N/A N/A,#N/A N/A,#N/A N/A,#N/A N/A,#N/A N/A,#N/A N/A,#N/A N/A,#N/A N/A,#N/A N/A,#N/A N/A,#N/A N/A,#N/A N/A,#N/A N/A,#N/A N/A,#N/A N/A,#N/A N/A,#N/A N/A,SHANDONG WEISHANHU MINING G,#N/A N/A,#N/A N/A,#N/A N/A,#N/A N/A,#N/A N/A
DFAVWZ CH Equity 2021,#N/A N/A,#N/A N/A,#N/A N/A,#N/A N/A,#N/A N/A,#N/A N/A,#N/A N/A,#N/A N/A,#N/A N/A,#N/A N/A,#N/A N/A,#N/A N/A,#N/A N/A,#N/A N/A,#N/A N/A,#N/A N/A,#N/A N/A,#N/A N/A,#N/A N/A,#N/A N/A,#N/A N/A,#N/A N/A,SHANDONG WEISHANHU MINING G,#N/A N/A,#N/A N/A,#N/A N/A,#N/A N/A,#N/A N/A
DFAVWZ CH Equity 2022,#N/A N/A,#N/A N/A,#N/A N/A,#N/A N/A,#N/A N/A,#N/A N/A,#N/A N/A,#N/A N/A,#N/A N/A,#N/A N/A,#N/A N/A,#N/A N/A,#N/A N/A,#N/A N/A,#N/A N/A,#N/A N/A,#N/A N/A,#N/A N/A,#N/A N/A,#N/A N/A,#N/A N/A,#N/A N/A,SHANDONG WEISHANHU MINING G,#N/A N/A,#N/A N/A,#N/A N/A,#N/A N/A,#N/A N/A
DFAVWZ CH Equity 2023,#N/A N/A,#N/A N/A,#N/A N/A,#N/A N/A,#N/A N/A,#N/A N/A,#N/A N/A,#N/A N/A,#N/A N/A,#N/A N/A,#N/A N/A,#N/A N/A,#N/A N/A,#N/A N/A,#N/A N/A,#N/A N/A,#N/A N/A,#N/A N/A,#N/A N/A,#N/A N/A,#N/A N/A,#N/A N/A,SHANDONG WEISHANHU MINING G,#N/A N/A,#N/A N/A,#N/A N/A,#N/A N/A,#N/A N/A
DFAVWZ CH Equity 2024,#N/A N/A,#N/A N/A,#N/A N/A,#N/A N/A,#N/A N/A,#N/A N/A,#N/A N/A,#N/A N/A,#N/A N/A,#N/A N/A,#N/A N/A,#N/A N/A,#N/A N/A,#N/A N/A,#N/A N/A,#N/A N/A,#N/A N/A,#N/A N/A,#N/A N/A,#N/A N/A,#N/A N/A,#N/A N/A,SHANDONG WEISHANHU MINING G,#N/A N/A,#N/A N/A,#N/A N/A,#N/A N/A,#N/A N/A
DSSA IJ Equity 2018,#N/A N/A,#N/A N/A,#N/A N/A,#N/A N/A,#N/A N/A,#N/A N/A,#N/A N/A,#N/A N/A,#N/A N/A,#N/A N/A,#N/A N/A,#N/A N/A,#N/A N/A,#N/A N/A,#N/A N/A,#N/A N/A,#N/A N/A,#N/A N/A,#N/A N/A,1458.5456,1768.841,716.3732,DIAN SWASTATIKA SENTOSA TBK,7705.5232,1350,1201.141,587.4797,3386.7909
DSSA IJ Equity 2019,#N/A N/A,#N/A N/A,#N/A N/A,#N/A N/A,#N/A N/A,#N/A N/A,#N/A N/A,#N/A N/A,#N/A N/A,#N/A N/A,#N/A N/A,#N/A N/A,#N/A N/A,#N/A N/A,#N/A N/A,#N/A N/A,#N/A N/A,#N/A N/A,#N/A N/A,1458.8107,1666.415,768.3925,DIAN SWASTATIKA SENTOSA TBK,7705.5232,1388,1376.4418,838.4878,3718.9731
DSSA IJ Equity 2020,#N/A N/A,#N/A N/A,#N/A N/A,#N/A N/A,#N/A N/A,#N/A N/A,#N/A N/A,#N/A N/A,#N/A N/A,#N/A N/A,#N/A N/A,#N/A N/A,#N/A N/A,#N/A N/A,#N/A N/A,#N/A N/A,#N/A N/A,#N/A N/A,#N/A N/A,761.6903,1507.322,878.3102,DIAN SWASTATIKA SENTOSA TBK,7705.5232,1600,729.3143,1075.8667,2900.2306
DSSA IJ Equity 2021,513.83,19.64,399.653,#N/A N/A,#N/A N/A,#N/A N/A,#N/A N/A,#N/A N/A,#N/A N/A,#N/A N/A,#N/A N/A,#N/A N/A,#N/A N/A,#N/A N/A,#N/A N/A,#N/A N/A,#N/A N/A,#N/A N/A,#N/A N/A,2903.2917,2164.946,2655.022,DIAN SWASTATIKA SENTOSA TBK,7705.5232,4900,634.2232,608.6205,3081.1206
DSSA IJ Equity 2022,778.96,26.42,572.786,#N/A N/A,#N/A N/A,#N/A N/A,#N/A N/A,#N/A N/A,#N/A N/A,#N/A N/A,#N/A N/A,#N/A N/A,#N/A N/A,#N/A N/A,#N/A N/A,#N/A N/A,#N/A N/A,#N/A N/A,#N/A N/A,3458.9666,5956,1959.2402,DIAN SWASTATIKA SENTOSA TBK,7705.5232,3980,1637.0937,1122.6854,6497.1813
DSSA IJ Equity 2023,1070.04,0,#N/A N/A,#N/A N/A,#N/A N/A,#N/A N/A,#N/A N/A,#N/A N/A,#N/A N/A,#N/A N/A,#N/A N/A,#N/A N/A,#N/A N/A,#N/A N/A,#N/A N/A,#N/A N/A,#N/A N/A,#N/A N/A,#N/A N/A,3690.0822,#N/A N/A,3203.5702,DIAN SWASTATIKA SENTOSA TBK,7193.1602,8000,806.8751,657.7537,3063.273
DSSA IJ Equity 2024,1237.91,3.1,0.95,#N/A N/A,#N/A N/A,#N/A N/A,#N/A N/A,#N/A N/A,#N/A N/A,#N/A N/A,#N/A N/A,#N/A N/A,#N/A N/A,#N/A N/A,#N/A N/A,#N/A N/A,#N/A N/A,#N/A N/A,#N/A N/A,14787.7376,#N/A N/A,14144.7504,DIAN SWASTATIKA SENTOSA TBK,6189.2849,37000,1216.3298,908.482,3695.0713
DWGL IJ Equity 2018,#N/A N/A,#N/A N/A,#N/A N/A,#N/A N/A,#N/A N/A,#N/A N/A,#N/A N/A,#N/A N/A,#N/A N/A,#N/A N/A,#N/A N/A,#N/A N/A,#N/A N/A,#N/A N/A,#N/A N/A,#N/A N/A,#N/A N/A,#N/A N/A,#N/A N/A,881755.8261,1439575.135,621904.6601,DWI GUNA LAKSANA TBK PT,8637.564,72,341514.546,81606.491,1603630.551
DWGL IJ Equity 2019,#N/A N/A,#N/A N/A,#N/A N/A,#N/A N/A,#N/A N/A,#N/A N/A,#N/A N/A,#N/A N/A,#N/A N/A,#N/A N/A,#N/A N/A,#N/A N/A,#N/A N/A,#N/A N/A,#N/A N/A,#N/A N/A,#N/A N/A,#N/A N/A,#N/A N/A,3585505.735,1724236.607,3351375.113,DWI GUNA LAKSANA TBK PT,8640.606,388,323107.311,88976.709,863888.032
DWGL IJ Equity 2020,#N/A N/A,#N/A N/A,#N/A N/A,#N/A N/A,#N/A N/A,#N/A N/A,#N/A N/A,#N/A N/A,#N/A N/A,#N/A N/A,#N/A N/A,#N/A N/A,#N/A N/A,#N/A N/A,#N/A N/A,#N/A N/A,#N/A N/A,#N/A N/A,#N/A N/A,1518883.779,1568496.114,1428702.372,DWI GUNA LAKSANA TBK PT,8711.6,164,230567.016,140385.615,703672.417
DWGL IJ Equity 2021,#N/A N/A,#N/A N/A,#N/A N/A,#N/A N/A,#N/A N/A,#N/A N/A,#N/A N/A,#N/A N/A,#N/A N/A,#N/A N/A,#N/A N/A,#N/A N/A,#N/A N/A,#N/A N/A,#N/A N/A,#N/A N/A,#N/A N/A,#N/A N/A,#N/A N/A,1830812.943,2297546.339,1747251.561,DWI GUNA LAKSANA TBK PT,9244.717,189,172946.239,89384.864,1245705.842
DWGL IJ Equity 2022,#N/A N/A,#N/A N/A,#N/A N/A,#N/A N/A,#N/A N/A,#N/A N/A,#N/A N/A,#N/A N/A,#N/A N/A,#N/A N/A,#N/A N/A,#N/A N/A,#N/A N/A,#N/A N/A,#N/A N/A,#N/A N/A,#N/A N/A,#N/A N/A,#N/A N/A,1567336.347,#N/A N/A,1591485.211,DWI GUNA LAKSANA TBK PT,9252.821,172,308083.705,332232.577,1421234.992
DWGL IJ Equity 2023,#N/A N/A,#N/A N/A,#N/A N/A,#N/A N/A,#N/A N/A,#N/A N/A,#N/A N/A,#N/A N/A,#N/A N/A,#N/A N/A,#N/A N/A,#N/A N/A,#N/A N/A,#N/A N/A,#N/A N/A,#N/A N/A,#N/A N/A,#N/A N/A,#N/A N/A,922610.864,#N/A N/A,1073327.235,DWI GUNA LAKSANA TBK PT,9252.821,116,252090.218,402806.6,1844239.416
DWGL IJ Equity 2024,#N/A N/A,#N/A N/A,#N/A N/A,#N/A N/A,#N/A N/A,#N/A N/A,#N/A N/A,#N/A N/A,#N/A N/A,#N/A N/A,#N/A N/A,#N/A N/A,#N/A N/A,#N/A N/A,#N/A N/A,#N/A N/A,#N/A N/A,#N/A N/A,#N/A N/A,1973704.216,#N/A N/A,2313205.248,DWI GUNA LAKSANA TBK PT,9252.821,250,202774.489,542275.534,1600005.249
DOID IJ Equity 2018,#N/A N/A,#N/A N/A,#N/A N/A,#N/A N/A,#N/A N/A,#N/A N/A,#N/A N/A,#N/A N/A,#N/A N/A,#N/A N/A,#N/A N/A,#N/A N/A,#N/A N/A,#N/A N/A,#N/A N/A,#N/A N/A,#N/A N/A,#N/A N/A,#N/A N/A,940.0326,892.459,311.3515,BUMA INTERNASIONAL GRUP TBK,8567.1445,525,695.2878,66.6069,1184.0947
DOID IJ Equity 2019,#N/A N/A,#N/A N/A,#N/A N/A,#N/A N/A,#N/A N/A,#N/A N/A,#N/A N/A,#N/A N/A,#N/A N/A,#N/A N/A,#N/A N/A,#N/A N/A,#N/A N/A,#N/A N/A,#N/A N/A,#N/A N/A,#N/A N/A,#N/A N/A,#N/A N/A,787.0118,881.812,173.4619,BUMA INTERNASIONAL GRUP TBK,8612.8003,280,701.0345,87.4849,1181.9112
DOID IJ Equity 2020,#N/A N/A,#N/A N/A,#N/A N/A,#N/A N/A,#N/A N/A,#N/A N/A,#N/A N/A,#N/A N/A,#N/A N/A,#N/A N/A,#N/A N/A,#N/A N/A,#N/A N/A,#N/A N/A,#N/A N/A,#N/A N/A,#N/A N/A,#N/A N/A,#N/A N/A,672.6733,601.692,216.1556,BUMA INTERNASIONAL GRUP TBK,8619.818,352,568.5177,112.0002,974.4498
DOID IJ Equity 2021,#N/A N/A,#N/A N/A,#N/A N/A,#N/A N/A,#N/A N/A,#N/A N/A,#N/A N/A,#N/A N/A,#N/A N/A,#N/A N/A,#N/A N/A,#N/A N/A,#N/A N/A,#N/A N/A,#N/A N/A,#N/A N/A,#N/A N/A,#N/A N/A,#N/A N/A,879.4068,910.544,159.5395,BUMA INTERNASIONAL GRUP TBK,8620.6237,264,914.2082,194.3411,1635.9583
DOID IJ Equity 2022,#N/A N/A,#N/A N/A,#N/A N/A,#N/A N/A,#N/A N/A,#N/A N/A,#N/A N/A,#N/A N/A,#N/A N/A,#N/A N/A,#N/A N/A,#N/A N/A,#N/A N/A,#N/A N/A,#N/A N/A,#N/A N/A,#N/A N/A,#N/A N/A,#N/A N/A,910.3762,1553.71,155.0577,BUMA INTERNASIONAL GRUP TBK,7667.871,304,903.4153,148.0971,1571.0874
DOID IJ Equity 2023,#N/A N/A,#N/A N/A,#N/A N/A,#N/A N/A,#N/A N/A,#N/A N/A,#N/A N/A,#N/A N/A,#N/A N/A,#N/A N/A,#N/A N/A,#N/A N/A,#N/A N/A,#N/A N/A,#N/A N/A,#N/A N/A,#N/A N/A,#N/A N/A,#N/A N/A,860.3601,1833.3205,167.7825,BUMA INTERNASIONAL GRUP TBK,7336.6711,352,1190.7023,498.1247,1874.5994
DOID IJ Equity 2024,#N/A N/A,#N/A N/A,#N/A N/A,#N/A N/A,#N/A N/A,#N/A N/A,#N/A N/A,#N/A N/A,#N/A N/A,#N/A N/A,#N/A N/A,#N/A N/A,#N/A N/A,#N/A N/A,#N/A N/A,#N/A N/A,#N/A N/A,#N/A N/A,#N/A N/A,1073.6348,#N/A N/A,255.2505,BUMA INTERNASIONAL GRUP TBK,7445.9561,555,1002.7184,194.6537,1587.0434
DEWA IJ Equity 2018,#N/A N/A,#N/A N/A,#N/A N/A,#N/A N/A,#N/A N/A,#N/A N/A,#N/A N/A,#N/A N/A,#N/A N/A,#N/A N/A,#N/A N/A,#N/A N/A,#N/A N/A,#N/A N/A,#N/A N/A,#N/A N/A,#N/A N/A,#N/A N/A,#N/A N/A,1214397.633,3932372.954,1092679.126,DARMA HENWA PT TBK,21853.7338,50,210224.8483,90392.1954,5988625.079
DEWA IJ Equity 2019,#N/A N/A,#N/A N/A,#N/A N/A,#N/A N/A,#N/A N/A,#N/A N/A,#N/A N/A,#N/A N/A,#N/A N/A,#N/A N/A,#N/A N/A,#N/A N/A,#N/A N/A,#N/A N/A,#N/A N/A,#N/A N/A,#N/A N/A,#N/A N/A,#N/A N/A,2356560.886,4874207.765,1092719.842,DARMA HENWA PT TBK,21853.7338,50,1628983.457,367075.7587,7609184.013
DEWA IJ Equity 2020,#N/A N/A,#N/A N/A,#N/A N/A,#N/A N/A,#N/A N/A,#N/A N/A,#N/A N/A,#N/A N/A,#N/A N/A,#N/A N/A,#N/A N/A,#N/A N/A,#N/A N/A,#N/A N/A,#N/A N/A,#N/A N/A,#N/A N/A,#N/A N/A,#N/A N/A,2224673.377,4419929.842,1092682.346,DARMA HENWA PT TBK,21853.7338,50,1391022.265,261723.2993,7667655.929
DEWA IJ Equity 2021,#N/A N/A,#N/A N/A,#N/A N/A,#N/A N/A,#N/A N/A,#N/A N/A,#N/A N/A,#N/A N/A,#N/A N/A,#N/A N/A,#N/A N/A,#N/A N/A,#N/A N/A,#N/A N/A,#N/A N/A,#N/A N/A,#N/A N/A,#N/A N/A,#N/A N/A,2122195.847,4618065.55,1092723.238,DARMA HENWA PT TBK,21853.7338,50,1339461.206,312821.1902,8023628.059
DEWA IJ Equity 2022,494.041,4.784,#N/A N/A,#N/A N/A,#N/A N/A,#N/A N/A,#N/A N/A,#N/A N/A,#N/A N/A,#N/A N/A,#N/A N/A,#N/A N/A,#N/A N/A,#N/A N/A,#N/A N/A,#N/A N/A,#N/A N/A,#N/A N/A,#N/A N/A,1955023.633,6041941.772,1158229.825,DARMA HENWA PT TBK,21853.7338,53,1093246.043,299575.4065,8497390.561
DEWA IJ Equity 2023,498.857,0.525,6.959,#N/A N/A,#N/A N/A,#N/A N/A,#N/A N/A,#N/A N/A,#N/A N/A,#N/A N/A,#N/A N/A,#N/A N/A,#N/A N/A,#N/A N/A,#N/A N/A,#N/A N/A,#N/A N/A,#N/A N/A,#N/A N/A,1532573.295,7372668.455,1311224.028,DARMA HENWA PT TBK,21853.7338,60,610579.846,386856.009,8137619.055
DEWA IJ Equity 2024,312.498,3.845,139.17,#N/A N/A,#N/A N/A,#N/A N/A,#N/A N/A,#N/A N/A,#N/A N/A,#N/A N/A,#N/A N/A,#N/A N/A,#N/A N/A,#N/A N/A,#N/A N/A,#N/A N/A,#N/A N/A,#N/A N/A,#N/A N/A,3863036.672,#N/A N/A,2425764.451,DARMA HENWA PT TBK,21853.7338,111,1786156.121,346530.081,8806355.222
DEWA IJ Equity 2018,#N/A N/A,#N/A N/A,#N/A N/A,#N/A N/A,#N/A N/A,#N/A N/A,#N/A N/A,#N/A N/A,#N/A N/A,#N/A N/A,#N/A N/A,#N/A N/A,#N/A N/A,#N/A N/A,#N/A N/A,#N/A N/A,#N/A N/A,#N/A N/A,#N/A N/A,1214397.633,3932372.954,1092679.126,DARMA HENWA PT TBK,21853.7338,50,210224.8483,90392.1954,5988625.079
DEWA IJ Equity 2019,#N/A N/A,#N/A N/A,#N/A N/A,#N/A N/A,#N/A N/A,#N/A N/A,#N/A N/A,#N/A N/A,#N/A N/A,#N/A N/A,#N/A N/A,#N/A N/A,#N/A N/A,#N/A N/A,#N/A N/A,#N/A N/A,#N/A N/A,#N/A N/A,#N/A N/A,2356560.886,4874207.765,1092719.842,DARMA HENWA PT TBK,21853.7338,50,1628983.457,367075.7587,7609184.013
DEWA IJ Equity 2020,#N/A N/A,#N/A N/A,#N/A N/A,#N/A N/A,#N/A N/A,#N/A N/A,#N/A N/A,#N/A N/A,#N/A N/A,#N/A N/A,#N/A N/A,#N/A N/A,#N/A N/A,#N/A N/A,#N/A N/A,#N/A N/A,#N/A N/A,#N/A N/A,#N/A N/A,2224673.377,4419929.842,1092682.346,DARMA HENWA PT TBK,21853.7338,50,1391022.265,261723.2993,7667655.929
DEWA IJ Equity 2021,#N/A N/A,#N/A N/A,#N/A N/A,#N/A N/A,#N/A N/A,#N/A N/A,#N/A N/A,#N/A N/A,#N/A N/A,#N/A N/A,#N/A N/A,#N/A N/A,#N/A N/A,#N/A N/A,#N/A N/A,#N/A N/A,#N/A N/A,#N/A N/A,#N/A N/A,2122195.847,4618065.55,1092723.238,DARMA HENWA PT TBK,21853.7338,50,1339461.206,312821.1902,8023628.059
DEWA IJ Equity 2022,494.041,4.784,#N/A N/A,#N/A N/A,#N/A N/A,#N/A N/A,#N/A N/A,#N/A N/A,#N/A N/A,#N/A N/A,#N/A N/A,#N/A N/A,#N/A N/A,#N/A N/A,#N/A N/A,#N/A N/A,#N/A N/A,#N/A N/A,#N/A N/A,1955023.633,6041941.772,1158229.825,DARMA HENWA PT TBK,21853.7338,53,1093246.043,299575.4065,8497390.561
DEWA IJ Equity 2023,498.857,0.525,6.959,#N/A N/A,#N/A N/A,#N/A N/A,#N/A N/A,#N/A N/A,#N/A N/A,#N/A N/A,#N/A N/A,#N/A N/A,#N/A N/A,#N/A N/A,#N/A N/A,#N/A N/A,#N/A N/A,#N/A N/A,#N/A N/A,1532573.295,7372668.455,1311224.028,DARMA HENWA PT TBK,21853.7338,60,610579.846,386856.009,8137619.055
DEWA IJ Equity 2024,312.498,3.845,139.17,#N/A N/A,#N/A N/A,#N/A N/A,#N/A N/A,#N/A N/A,#N/A N/A,#N/A N/A,#N/A N/A,#N/A N/A,#N/A N/A,#N/A N/A,#N/A N/A,#N/A N/A,#N/A N/A,#N/A N/A,#N/A N/A,3863036.672,#N/A N/A,2425764.451,DARMA HENWA PT TBK,21853.7338,111,1786156.121,346530.081,8806355.222
DVGC RU Equity 2018,#N/A N/A,#N/A N/A,#N/A N/A,#N/A N/A,#N/A N/A,#N/A N/A,#N/A N/A,#N/A N/A,#N/A N/A,#N/A N/A,#N/A N/A,#N/A N/A,#N/A N/A,#N/A N/A,#N/A N/A,#N/A N/A,#N/A N/A,#N/A N/A,#N/A N/A,#N/A N/A,#N/A N/A,#N/A N/A,FAR EASTERN GENERATING CO OA,3104139,#N/A N/A,59324,1275,47743
DVGC RU Equity 2019,#N/A N/A,#N/A N/A,#N/A N/A,#N/A N/A,#N/A N/A,#N/A N/A,#N/A N/A,#N/A N/A,#N/A N/A,#N/A N/A,#N/A N/A,#N/A N/A,#N/A N/A,#N/A N/A,#N/A N/A,#N/A N/A,#N/A N/A,#N/A N/A,#N/A N/A,#N/A N/A,#N/A N/A,#N/A N/A,FAR EASTERN GENERATING CO OA,3104139,#N/A N/A,81202,698,54282
DVGC RU Equity 2020,#N/A N/A,#N/A N/A,#N/A N/A,#N/A N/A,#N/A N/A,#N/A N/A,#N/A N/A,#N/A N/A,#N/A N/A,#N/A N/A,#N/A N/A,#N/A N/A,#N/A N/A,#N/A N/A,#N/A N/A,#N/A N/A,#N/A N/A,#N/A N/A,#N/A N/A,#N/A N/A,#N/A N/A,#N/A N/A,FAR EASTERN GENERATING CO OA,#N/A N/A,#N/A N/A,#N/A N/A,#N/A N/A,#N/A N/A
DVGC RU Equity 2021,#N/A N/A,#N/A N/A,#N/A N/A,#N/A N/A,#N/A N/A,#N/A N/A,#N/A N/A,#N/A N/A,#N/A N/A,#N/A N/A,#N/A N/A,#N/A N/A,#N/A N/A,#N/A N/A,#N/A N/A,#N/A N/A,#N/A N/A,#N/A N/A,#N/A N/A,#N/A N/A,#N/A N/A,#N/A N/A,FAR EASTERN GENERATING CO OA,#N/A N/A,#N/A N/A,#N/A N/A,#N/A N/A,#N/A N/A
DVGC RU Equity 2022,#N/A N/A,#N/A N/A,#N/A N/A,#N/A N/A,#N/A N/A,#N/A N/A,#N/A N/A,#N/A N/A,#N/A N/A,#N/A N/A,#N/A N/A,#N/A N/A,#N/A N/A,#N/A N/A,#N/A N/A,#N/A N/A,#N/A N/A,#N/A N/A,#N/A N/A,#N/A N/A,#N/A N/A,#N/A N/A,FAR EASTERN GENERATING CO OA,#N/A N/A,#N/A N/A,#N/A N/A,#N/A N/A,#N/A N/A
DVGC RU Equity 2023,#N/A N/A,#N/A N/A,#N/A N/A,#N/A N/A,#N/A N/A,#N/A N/A,#N/A N/A,#N/A N/A,#N/A N/A,#N/A N/A,#N/A N/A,#N/A N/A,#N/A N/A,#N/A N/A,#N/A N/A,#N/A N/A,#N/A N/A,#N/A N/A,#N/A N/A,#N/A N/A,#N/A N/A,#N/A N/A,FAR EASTERN GENERATING CO OA,#N/A N/A,#N/A N/A,#N/A N/A,#N/A N/A,#N/A N/A
DVGC RU Equity 2024,#N/A N/A,#N/A N/A,#N/A N/A,#N/A N/A,#N/A N/A,#N/A N/A,#N/A N/A,#N/A N/A,#N/A N/A,#N/A N/A,#N/A N/A,#N/A N/A,#N/A N/A,#N/A N/A,#N/A N/A,#N/A N/A,#N/A N/A,#N/A N/A,#N/A N/A,#N/A N/A,#N/A N/A,#N/A N/A,FAR EASTERN GENERATING CO OA,#N/A N/A,#N/A N/A,#N/A N/A,#N/A N/A,#N/A N/A
DVEC RM Equity 2018,#N/A N/A,#N/A N/A,#N/A N/A,#N/A N/A,#N/A N/A,#N/A N/A,#N/A N/A,#N/A N/A,#N/A N/A,#N/A N/A,#N/A N/A,#N/A N/A,#N/A N/A,#N/A N/A,#N/A N/A,#N/A N/A,#N/A N/A,#N/A N/A,#N/A N/A,92226.5791,#N/A N/A,23022.5791,FAR-EASTERN ENERGY CO PJSC,17206.711,1.338,76891,7687,103590
DVEC RM Equity 2019,#N/A N/A,#N/A N/A,#N/A N/A,#N/A N/A,#N/A N/A,#N/A N/A,#N/A N/A,#N/A N/A,#N/A N/A,#N/A N/A,#N/A N/A,#N/A N/A,#N/A N/A,#N/A N/A,#N/A N/A,#N/A N/A,#N/A N/A,#N/A N/A,#N/A N/A,108524.1014,#N/A N/A,16157.1014,FAR-EASTERN ENERGY CO PJSC,17206.711,0.939,98100,5733,105068
DVEC RM Equity 2020,#N/A N/A,#N/A N/A,#N/A N/A,#N/A N/A,#N/A N/A,#N/A N/A,#N/A N/A,#N/A N/A,#N/A N/A,#N/A N/A,#N/A N/A,#N/A N/A,#N/A N/A,#N/A N/A,#N/A N/A,#N/A N/A,#N/A N/A,#N/A N/A,#N/A N/A,24526.1565,#N/A N/A,14247.1565,FAR-EASTERN ENERGY CO PJSC,14300.909,0.828,16583,6304,57633
DVEC RM Equity 2021,#N/A N/A,#N/A N/A,#N/A N/A,#N/A N/A,#N/A N/A,#N/A N/A,#N/A N/A,#N/A N/A,#N/A N/A,#N/A N/A,#N/A N/A,#N/A N/A,#N/A N/A,#N/A N/A,#N/A N/A,#N/A N/A,#N/A N/A,#N/A N/A,#N/A N/A,28826.3214,#N/A N/A,21336.3214,FAR-EASTERN ENERGY CO PJSC,17206.711,1.24,14461,6971,59423
DVEC RM Equity 2022,#N/A N/A,#N/A N/A,#N/A N/A,#N/A N/A,#N/A N/A,#N/A N/A,#N/A N/A,#N/A N/A,#N/A N/A,#N/A N/A,#N/A N/A,#N/A N/A,#N/A N/A,#N/A N/A,#N/A N/A,#N/A N/A,#N/A N/A,#N/A N/A,#N/A N/A,27843.8947,#N/A N/A,16139.8947,FAR-EASTERN ENERGY CO PJSC,17206.711,0.938,14851,3147,64812
DVEC RM Equity 2023,#N/A N/A,#N/A N/A,#N/A N/A,#N/A N/A,#N/A N/A,#N/A N/A,#N/A N/A,#N/A N/A,#N/A N/A,#N/A N/A,#N/A N/A,#N/A N/A,#N/A N/A,#N/A N/A,#N/A N/A,#N/A N/A,#N/A N/A,#N/A N/A,#N/A N/A,70311.0605,#N/A N/A,55200.0605,FAR-EASTERN ENERGY CO PJSC,17206.711,3.205,20271,5160,86201
DVEC RM Equity 2024,#N/A N/A,#N/A N/A,#N/A N/A,#N/A N/A,#N/A N/A,#N/A N/A,#N/A N/A,#N/A N/A,#N/A N/A,#N/A N/A,#N/A N/A,#N/A N/A,#N/A N/A,#N/A N/A,#N/A N/A,#N/A N/A,#N/A N/A,#N/A N/A,#N/A N/A,#N/A N/A,#N/A N/A,#N/A N/A,FAR-EASTERN ENERGY CO PJSC,17206.711,3.035,21169,9349,97044
DTCM CH Equity 2018,#N/A N/A,#N/A N/A,#N/A N/A,#N/A N/A,#N/A N/A,#N/A N/A,#N/A N/A,#N/A N/A,#N/A N/A,#N/A N/A,#N/A N/A,#N/A N/A,#N/A N/A,#N/A N/A,#N/A N/A,#N/A N/A,#N/A N/A,#N/A N/A,#N/A N/A,#N/A N/A,#N/A N/A,#N/A N/A,JINNENG HOLDING COAL GROUP C,#N/A N/A,#N/A N/A,190603.4543,22744.175,344366.4441
DTCM CH Equity 2019,#N/A N/A,#N/A N/A,#N/A N/A,#N/A N/A,#N/A N/A,#N/A N/A,#N/A N/A,#N/A N/A,#N/A N/A,#N/A N/A,#N/A N/A,#N/A N/A,#N/A N/A,#N/A N/A,#N/A N/A,#N/A N/A,#N/A N/A,#N/A N/A,#N/A N/A,#N/A N/A,#N/A N/A,#N/A N/A,JINNENG HOLDING COAL GROUP C,17034.6417,#N/A N/A,234427.2373,27306.176,369885.5781
DTCM CH Equity 2020,#N/A N/A,#N/A N/A,#N/A N/A,#N/A N/A,#N/A N/A,#N/A N/A,#N/A N/A,#N/A N/A,#N/A N/A,#N/A N/A,#N/A N/A,#N/A N/A,#N/A N/A,#N/A N/A,#N/A N/A,#N/A N/A,#N/A N/A,#N/A N/A,#N/A N/A,#N/A N/A,#N/A N/A,#N/A N/A,JINNENG HOLDING COAL GROUP C,#N/A N/A,#N/A N/A,227363.9636,6978.9827,388393.2833
DTCM CH Equity 2021,#N/A N/A,#N/A N/A,#N/A N/A,#N/A N/A,#N/A N/A,#N/A N/A,#N/A N/A,#N/A N/A,#N/A N/A,#N/A N/A,#N/A N/A,#N/A N/A,#N/A N/A,#N/A N/A,#N/A N/A,#N/A N/A,#N/A N/A,#N/A N/A,#N/A N/A,#N/A N/A,#N/A N/A,#N/A N/A,JINNENG HOLDING COAL GROUP C,#N/A N/A,#N/A N/A,219473.1124,27643.9745,481002.1813
DTCM CH Equity 2022,#N/A N/A,#N/A N/A,#N/A N/A,#N/A N/A,#N/A N/A,#N/A N/A,#N/A N/A,#N/A N/A,#N/A N/A,#N/A N/A,#N/A N/A,#N/A N/A,#N/A N/A,#N/A N/A,#N/A N/A,#N/A N/A,#N/A N/A,#N/A N/A,#N/A N/A,#N/A N/A,#N/A N/A,#N/A N/A,JINNENG HOLDING COAL GROUP C,#N/A N/A,#N/A N/A,238853.4248,31331.0906,494815.7795
DTCM CH Equity 2023,#N/A N/A,#N/A N/A,#N/A N/A,#N/A N/A,#N/A N/A,#N/A N/A,#N/A N/A,#N/A N/A,#N/A N/A,#N/A N/A,#N/A N/A,#N/A N/A,#N/A N/A,#N/A N/A,#N/A N/A,#N/A N/A,#N/A N/A,#N/A N/A,#N/A N/A,#N/A N/A,#N/A N/A,#N/A N/A,JINNENG HOLDING COAL GROUP C,#N/A N/A,#N/A N/A,258747.9227,55696.4138,507085.5579
DTCM CH Equity 2024,#N/A N/A,#N/A N/A,#N/A N/A,#N/A N/A,#N/A N/A,#N/A N/A,#N/A N/A,#N/A N/A,#N/A N/A,#N/A N/A,#N/A N/A,#N/A N/A,#N/A N/A,#N/A N/A,#N/A N/A,#N/A N/A,#N/A N/A,#N/A N/A,#N/A N/A,#N/A N/A,#N/A N/A,#N/A N/A,JINNENG HOLDING COAL GROUP C,#N/A N/A,#N/A N/A,266777.6082,47643.7715,489868.3272
DTCM CH Equity 2018,#N/A N/A,#N/A N/A,#N/A N/A,#N/A N/A,#N/A N/A,#N/A N/A,#N/A N/A,#N/A N/A,#N/A N/A,#N/A N/A,#N/A N/A,#N/A N/A,#N/A N/A,#N/A N/A,#N/A N/A,#N/A N/A,#N/A N/A,#N/A N/A,#N/A N/A,#N/A N/A,#N/A N/A,#N/A N/A,JINNENG HOLDING COAL GROUP C,#N/A N/A,#N/A N/A,190603.4543,22744.175,344366.4441
DTCM CH Equity 2019,#N/A N/A,#N/A N/A,#N/A N/A,#N/A N/A,#N/A N/A,#N/A N/A,#N/A N/A,#N/A N/A,#N/A N/A,#N/A N/A,#N/A N/A,#N/A N/A,#N/A N/A,#N/A N/A,#N/A N/A,#N/A N/A,#N/A N/A,#N/A N/A,#N/A N/A,#N/A N/A,#N/A N/A,#N/A N/A,JINNENG HOLDING COAL GROUP C,17034.6417,#N/A N/A,234427.2373,27306.176,369885.5781
DTCM CH Equity 2020,#N/A N/A,#N/A N/A,#N/A N/A,#N/A N/A,#N/A N/A,#N/A N/A,#N/A N/A,#N/A N/A,#N/A N/A,#N/A N/A,#N/A N/A,#N/A N/A,#N/A N/A,#N/A N/A,#N/A N/A,#N/A N/A,#N/A N/A,#N/A N/A,#N/A N/A,#N/A N/A,#N/A N/A,#N/A N/A,JINNENG HOLDING COAL GROUP C,#N/A N/A,#N/A N/A,227363.9636,6978.9827,388393.2833
DTCM CH Equity 2021,#N/A N/A,#N/A N/A,#N/A N/A,#N/A N/A,#N/A N/A,#N/A N/A,#N/A N/A,#N/A N/A,#N/A N/A,#N/A N/A,#N/A N/A,#N/A N/A,#N/A N/A,#N/A N/A,#N/A N/A,#N/A N/A,#N/A N/A,#N/A N/A,#N/A N/A,#N/A N/A,#N/A N/A,#N/A N/A,JINNENG HOLDING COAL GROUP C,#N/A N/A,#N/A N/A,219473.1124,27643.9745,481002.1813
DTCM CH Equity 2022,#N/A N/A,#N/A N/A,#N/A N/A,#N/A N/A,#N/A N/A,#N/A N/A,#N/A N/A,#N/A N/A,#N/A N/A,#N/A N/A,#N/A N/A,#N/A N/A,#N/A N/A,#N/A N/A,#N/A N/A,#N/A N/A,#N/A N/A,#N/A N/A,#N/A N/A,#N/A N/A,#N/A N/A,#N/A N/A,JINNENG HOLDING COAL GROUP C,#N/A N/A,#N/A N/A,238853.4248,31331.0906,494815.7795
DTCM CH Equity 2023,#N/A N/A,#N/A N/A,#N/A N/A,#N/A N/A,#N/A N/A,#N/A N/A,#N/A N/A,#N/A N/A,#N/A N/A,#N/A N/A,#N/A N/A,#N/A N/A,#N/A N/A,#N/A N/A,#N/A N/A,#N/A N/A,#N/A N/A,#N/A N/A,#N/A N/A,#N/A N/A,#N/A N/A,#N/A N/A,JINNENG HOLDING COAL GROUP C,#N/A N/A,#N/A N/A,258747.9227,55696.4138,507085.5579
DTCM CH Equity 2024,#N/A N/A,#N/A N/A,#N/A N/A,#N/A N/A,#N/A N/A,#N/A N/A,#N/A N/A,#N/A N/A,#N/A N/A,#N/A N/A,#N/A N/A,#N/A N/A,#N/A N/A,#N/A N/A,#N/A N/A,#N/A N/A,#N/A N/A,#N/A N/A,#N/A N/A,#N/A N/A,#N/A N/A,#N/A N/A,JINNENG HOLDING COAL GROUP C,#N/A N/A,#N/A N/A,266777.6082,47643.7715,489868.3272
DPSC IN Equity 2018,#N/A N/A,#N/A N/A,#N/A N/A,#N/A N/A,#N/A N/A,#N/A N/A,#N/A N/A,#N/A N/A,#N/A N/A,#N/A N/A,#N/A N/A,#N/A N/A,#N/A N/A,#N/A N/A,#N/A N/A,#N/A N/A,#N/A N/A,#N/A N/A,#N/A N/A,57749.1857,10144.573,26438.3887,DPSC LTD,1577.9331,27.15,34257.635,4959.277,99851.734
DPSC IN Equity 2019,#N/A N/A,#N/A N/A,#N/A N/A,#N/A N/A,#N/A N/A,#N/A N/A,#N/A N/A,#N/A N/A,#N/A N/A,#N/A N/A,#N/A N/A,#N/A N/A,#N/A N/A,#N/A N/A,#N/A N/A,#N/A N/A,#N/A N/A,#N/A N/A,#N/A N/A,16997.7757,5259.997,13097.4707,DPSC LTD,1577.9331,13.45,4137.274,236.969,22336.278
DPSC IN Equity 2020,#N/A N/A,#N/A N/A,#N/A N/A,#N/A N/A,#N/A N/A,#N/A N/A,#N/A N/A,#N/A N/A,#N/A N/A,#N/A N/A,#N/A N/A,#N/A N/A,#N/A N/A,#N/A N/A,#N/A N/A,#N/A N/A,#N/A N/A,#N/A N/A,#N/A N/A,8564.8083,4811.148,5988.8063,DPSC LTD,973.7896,6.15,3138.717,562.715,25655.232
DPSC IN Equity 2021,#N/A N/A,#N/A N/A,#N/A N/A,#N/A N/A,#N/A N/A,#N/A N/A,#N/A N/A,#N/A N/A,#N/A N/A,#N/A N/A,#N/A N/A,#N/A N/A,#N/A N/A,#N/A N/A,#N/A N/A,#N/A N/A,#N/A N/A,#N/A N/A,#N/A N/A,13960.4683,1417.545,11344.6493,DPSC LTD,973.79,11.65,2777.511,161.692,25070.131
DPSC IN Equity 2022,#N/A N/A,#N/A N/A,#N/A N/A,#N/A N/A,#N/A N/A,#N/A N/A,#N/A N/A,#N/A N/A,#N/A N/A,#N/A N/A,#N/A N/A,#N/A N/A,#N/A N/A,#N/A N/A,#N/A N/A,#N/A N/A,#N/A N/A,#N/A N/A,#N/A N/A,16212.3087,5824.83,13097.4707,DPSC LTD,1577.9331,13.45,3281.197,166.359,22984.913
DPSC IN Equity 2023,#N/A N/A,#N/A N/A,#N/A N/A,#N/A N/A,#N/A N/A,#N/A N/A,#N/A N/A,#N/A N/A,#N/A N/A,#N/A N/A,#N/A N/A,#N/A N/A,#N/A N/A,#N/A N/A,#N/A N/A,#N/A N/A,#N/A N/A,#N/A N/A,#N/A N/A,12646.2388,6230.91,10078.7228,DPSC LTD,1577.9331,10.35,2821.066,253.55,20198.139
DPSC IN Equity 2024,#N/A N/A,#N/A N/A,#N/A N/A,#N/A N/A,#N/A N/A,#N/A N/A,#N/A N/A,#N/A N/A,#N/A N/A,#N/A N/A,#N/A N/A,#N/A N/A,#N/A N/A,#N/A N/A,#N/A N/A,#N/A N/A,#N/A N/A,#N/A N/A,#N/A N/A,16810.4935,6496.973,14996.3605,DPSC LTD,973.7896,15.4,2127.929,313.796,20589.132
DUK US Equity 2018,96548.797,23.2,28077.6,#N/A N/A,#N/A N/A,10100,#N/A N/A,#N/A N/A,#N/A N/A,#N/A N/A,#N/A N/A,#N/A N/A,#N/A N/A,17977.5996,#N/A N/A,#N/A N/A,#N/A N/A,#N/A N/A,#N/A N/A,121195.1,24521,62740.1,DUKE ENERGY CORP,708,86.3,58880,442,145392
DUK US Equity 2019,85525,5.2,29715.1,#N/A N/A,#N/A N/A,12100,#N/A N/A,#N/A N/A,15.113,#N/A N/A,#N/A N/A,#N/A N/A,#N/A N/A,17600,#N/A N/A,#N/A N/A,#N/A N/A,#N/A N/A,#N/A N/A,135940.49,25079,70140.49,DUKE ENERGY CORP,729,91.21,63020,311,158838
DUK US Equity 2020,74976,3.7,29604.9,#N/A N/A,#N/A N/A,13000,#N/A N/A,#N/A N/A,4.9,#N/A N/A,#N/A N/A,#N/A N/A,#N/A N/A,16600,#N/A N/A,#N/A N/A,#N/A N/A,#N/A N/A,#N/A N/A,137714.64,23868,70409.64,DUKE ENERGY CORP,737,91.56,64382,259,162388
DUK US Equity 2021,79000,430,32019,2800,#N/A N/A,22200,#N/A N/A,51,4,84,#N/A N/A,#N/A N/A,280,6600,#N/A N/A,#N/A N/A,#N/A N/A,#N/A N/A,#N/A N/A,153156.1,25097,80668.1,DUKE ENERGY CORP,769,104.9,69027,341,169587
DUK US Equity 2022,79000,424,38387.898,3800,#N/A N/A,26200,#N/A N/A,30,7.9,170,#N/A N/A,#N/A N/A,280,7900,#N/A N/A,#N/A N/A,#N/A N/A,#N/A N/A,#N/A N/A,160219.3,28768,79302.3,DUKE ENERGY CORP,770,102.99,76833,409,178086
DUK US Equity 2023,73000,414,34154.102,4300,#N/A N/A,22600,#N/A N/A,28,8.1,165,#N/A N/A,#N/A N/A,253,6800,#N/A N/A,#N/A N/A,#N/A N/A,#N/A N/A,#N/A N/A,158770.84,29060,74817.84,DUKE ENERGY CORP,771,97.04,81169,253,176893
DUK US Equity 2024,#N/A N/A,#N/A N/A,#N/A N/A,#N/A N/A,#N/A N/A,#N/A N/A,#N/A N/A,#N/A N/A,#N/A N/A,#N/A N/A,#N/A N/A,#N/A N/A,#N/A N/A,#N/A N/A,#N/A N/A,#N/A N/A,#N/A N/A,#N/A N/A,#N/A N/A,171356.24,30357,83606.24,DUKE ENERGY CORP,772,107.74,85962,314,186343
DOON UZ Equity 2018,#N/A N/A,#N/A N/A,#N/A N/A,#N/A N/A,#N/A N/A,#N/A N/A,#N/A N/A,#N/A N/A,#N/A N/A,#N/A N/A,#N/A N/A,#N/A N/A,#N/A N/A,#N/A N/A,#N/A N/A,#N/A N/A,#N/A N/A,#N/A N/A,#N/A N/A,#N/A N/A,#N/A N/A,#N/A N/A,DTEK DONETSKOBLENERGO PJSC,#N/A N/A,#N/A N/A,#N/A N/A,#N/A N/A,#N/A N/A
DOON UZ Equity 2019,#N/A N/A,#N/A N/A,#N/A N/A,#N/A N/A,#N/A N/A,#N/A N/A,#N/A N/A,#N/A N/A,#N/A N/A,#N/A N/A,#N/A N/A,#N/A N/A,#N/A N/A,#N/A N/A,#N/A N/A,#N/A N/A,#N/A N/A,#N/A N/A,#N/A N/A,#N/A N/A,#N/A N/A,#N/A N/A,DTEK DONETSKOBLENERGO PJSC,#N/A N/A,#N/A N/A,#N/A N/A,#N/A N/A,#N/A N/A
DOON UZ Equity 2020,#N/A N/A,#N/A N/A,#N/A N/A,#N/A N/A,#N/A N/A,#N/A N/A,#N/A N/A,#N/A N/A,#N/A N/A,#N/A N/A,#N/A N/A,#N/A N/A,#N/A N/A,#N/A N/A,#N/A N/A,#N/A N/A,#N/A N/A,#N/A N/A,#N/A N/A,#N/A N/A,#N/A N/A,#N/A N/A,DTEK DONETSKOBLENERGO PJSC,#N/A N/A,#N/A N/A,#N/A N/A,#N/A N/A,#N/A N/A
DOON UZ Equity 2021,#N/A N/A,#N/A N/A,#N/A N/A,#N/A N/A,#N/A N/A,#N/A N/A,#N/A N/A,#N/A N/A,#N/A N/A,#N/A N/A,#N/A N/A,#N/A N/A,#N/A N/A,#N/A N/A,#N/A N/A,#N/A N/A,#N/A N/A,#N/A N/A,#N/A N/A,#N/A N/A,#N/A N/A,#N/A N/A,DTEK DONETSKOBLENERGO PJSC,#N/A N/A,#N/A N/A,#N/A N/A,#N/A N/A,#N/A N/A
DOON UZ Equity 2022,#N/A N/A,#N/A N/A,#N/A N/A,#N/A N/A,#N/A N/A,#N/A N/A,#N/A N/A,#N/A N/A,#N/A N/A,#N/A N/A,#N/A N/A,#N/A N/A,#N/A N/A,#N/A N/A,#N/A N/A,#N/A N/A,#N/A N/A,#N/A N/A,#N/A N/A,#N/A N/A,#N/A N/A,#N/A N/A,DTEK DONETSKOBLENERGO PJSC,#N/A N/A,#N/A N/A,#N/A N/A,#N/A N/A,#N/A N/A
DOON UZ Equity 2023,#N/A N/A,#N/A N/A,#N/A N/A,#N/A N/A,#N/A N/A,#N/A N/A,#N/A N/A,#N/A N/A,#N/A N/A,#N/A N/A,#N/A N/A,#N/A N/A,#N/A N/A,#N/A N/A,#N/A N/A,#N/A N/A,#N/A N/A,#N/A N/A,#N/A N/A,#N/A N/A,#N/A N/A,#N/A N/A,DTEK DONETSKOBLENERGO PJSC,#N/A N/A,#N/A N/A,#N/A N/A,#N/A N/A,#N/A N/A
DOON UZ Equity 2024,#N/A N/A,#N/A N/A,#N/A N/A,#N/A N/A,#N/A N/A,#N/A N/A,#N/A N/A,#N/A N/A,#N/A N/A,#N/A N/A,#N/A N/A,#N/A N/A,#N/A N/A,#N/A N/A,#N/A N/A,#N/A N/A,#N/A N/A,#N/A N/A,#N/A N/A,#N/A N/A,#N/A N/A,#N/A N/A,DTEK DONETSKOBLENERGO PJSC,#N/A N/A,#N/A N/A,#N/A N/A,#N/A N/A,#N/A N/A
DNEN UZ Equity 2018,#N/A N/A,#N/A N/A,#N/A N/A,#N/A N/A,#N/A N/A,#N/A N/A,#N/A N/A,#N/A N/A,#N/A N/A,#N/A N/A,#N/A N/A,#N/A N/A,#N/A N/A,#N/A N/A,#N/A N/A,#N/A N/A,#N/A N/A,#N/A N/A,#N/A N/A,#N/A N/A,#N/A N/A,#N/A N/A,DTEK DNIPROENERGO PJSC,#N/A N/A,#N/A N/A,#N/A N/A,#N/A N/A,#N/A N/A
DNEN UZ Equity 2019,#N/A N/A,#N/A N/A,#N/A N/A,#N/A N/A,#N/A N/A,#N/A N/A,#N/A N/A,#N/A N/A,#N/A N/A,#N/A N/A,#N/A N/A,#N/A N/A,#N/A N/A,#N/A N/A,#N/A N/A,#N/A N/A,#N/A N/A,#N/A N/A,#N/A N/A,#N/A N/A,#N/A N/A,#N/A N/A,DTEK DNIPROENERGO PJSC,#N/A N/A,#N/A N/A,#N/A N/A,#N/A N/A,#N/A N/A
DNEN UZ Equity 2020,#N/A N/A,#N/A N/A,#N/A N/A,#N/A N/A,#N/A N/A,#N/A N/A,#N/A N/A,#N/A N/A,#N/A N/A,#N/A N/A,#N/A N/A,#N/A N/A,#N/A N/A,#N/A N/A,#N/A N/A,#N/A N/A,#N/A N/A,#N/A N/A,#N/A N/A,#N/A N/A,#N/A N/A,#N/A N/A,DTEK DNIPROENERGO PJSC,#N/A N/A,#N/A N/A,#N/A N/A,#N/A N/A,#N/A N/A
DNEN UZ Equity 2021,#N/A N/A,#N/A N/A,#N/A N/A,#N/A N/A,#N/A N/A,#N/A N/A,#N/A N/A,#N/A N/A,#N/A N/A,#N/A N/A,#N/A N/A,#N/A N/A,#N/A N/A,#N/A N/A,#N/A N/A,#N/A N/A,#N/A N/A,#N/A N/A,#N/A N/A,#N/A N/A,#N/A N/A,#N/A N/A,DTEK DNIPROENERGO PJSC,#N/A N/A,#N/A N/A,#N/A N/A,#N/A N/A,#N/A N/A
DNEN UZ Equity 2022,#N/A N/A,#N/A N/A,#N/A N/A,#N/A N/A,#N/A N/A,#N/A N/A,#N/A N/A,#N/A N/A,#N/A N/A,#N/A N/A,#N/A N/A,#N/A N/A,#N/A N/A,#N/A N/A,#N/A N/A,#N/A N/A,#N/A N/A,#N/A N/A,#N/A N/A,#N/A N/A,#N/A N/A,#N/A N/A,DTEK DNIPROENERGO PJSC,#N/A N/A,#N/A N/A,#N/A N/A,#N/A N/A,#N/A N/A
DNEN UZ Equity 2023,#N/A N/A,#N/A N/A,#N/A N/A,#N/A N/A,#N/A N/A,#N/A N/A,#N/A N/A,#N/A N/A,#N/A N/A,#N/A N/A,#N/A N/A,#N/A N/A,#N/A N/A,#N/A N/A,#N/A N/A,#N/A N/A,#N/A N/A,#N/A N/A,#N/A N/A,#N/A N/A,#N/A N/A,#N/A N/A,DTEK DNIPROENERGO PJSC,#N/A N/A,#N/A N/A,#N/A N/A,#N/A N/A,#N/A N/A
DNEN UZ Equity 2024,#N/A N/A,#N/A N/A,#N/A N/A,#N/A N/A,#N/A N/A,#N/A N/A,#N/A N/A,#N/A N/A,#N/A N/A,#N/A N/A,#N/A N/A,#N/A N/A,#N/A N/A,#N/A N/A,#N/A N/A,#N/A N/A,#N/A N/A,#N/A N/A,#N/A N/A,#N/A N/A,#N/A N/A,#N/A N/A,DTEK DNIPROENERGO PJSC,#N/A N/A,#N/A N/A,#N/A N/A,#N/A N/A,#N/A N/A
DTE US Equity 2018,34246,1938,17389.801,#N/A N/A,#N/A N/A,4262.1802,741.371,#N/A N/A,3.937,#N/A N/A,#N/A N/A,#N/A N/A,#N/A N/A,11973.5,#N/A N/A,#N/A N/A,#N/A N/A,#N/A N/A,#N/A N/A,34712.3585,14212,20066.3585,DTE ENERGY COMPANY,181,93.8486,14242,71,36288
DTE US Equity 2019,30714,1719,17730.4,#N/A N/A,#N/A N/A,4403.1099,637.208,#N/A N/A,4.143,#N/A N/A,#N/A N/A,#N/A N/A,#N/A N/A,12263.5996,#N/A N/A,#N/A N/A,#N/A N/A,#N/A N/A,#N/A N/A,42643.1222,12669,24962.1222,DTE ENERGY COMPANY,185,110.4998,17610,93,42268
DTE US Equity 2020,24558.199,279,20340.801,#N/A N/A,#N/A N/A,#N/A N/A,361.071,#N/A N/A,3.103,#N/A N/A,#N/A N/A,#N/A N/A,#N/A N/A,11060.5996,#N/A N/A,#N/A N/A,#N/A N/A,#N/A N/A,#N/A N/A,42822.6906,12177,23525.6906,DTE ENERGY COMPANY,193,103.3016,19607,472,45496
DTE US Equity 2021,27981,188,14700,#N/A N/A,#N/A N/A,#N/A N/A,#N/A N/A,#N/A N/A,#N/A N/A,#N/A N/A,#N/A N/A,#N/A N/A,#N/A N/A,#N/A N/A,#N/A N/A,#N/A N/A,#N/A N/A,#N/A N/A,14700,41384.5772,14964,23160.5772,DTE ENERGY COMPANY,193,119.54,18251,28,39719
DTE US Equity 2022,27081,197,26197,297,#N/A N/A,3699,233,#N/A N/A,#N/A N/A,#N/A N/A,#N/A N/A,#N/A N/A,#N/A N/A,8869,#N/A N/A,#N/A N/A,#N/A N/A,#N/A N/A,12535,43368.9751,19228,24167.9751,DTE ENERGY COMPANY,195,117.53,19240,33,42683
DTE US Equity 2023,22630,115,12586.6,286,#N/A N/A,4279,234,#N/A N/A,2.6,#N/A N/A,#N/A N/A,#N/A N/A,#N/A N/A,7785,#N/A N/A,#N/A N/A,#N/A N/A,#N/A N/A,#N/A N/A,43676.9305,12745,22752.9305,DTE ENERGY COMPANY,206,110.26,20970,26,44755
DTE US Equity 2024,#N/A N/A,#N/A N/A,#N/A N/A,#N/A N/A,#N/A N/A,#N/A N/A,#N/A N/A,#N/A N/A,#N/A N/A,#N/A N/A,#N/A N/A,#N/A N/A,#N/A N/A,#N/A N/A,#N/A N/A,#N/A N/A,#N/A N/A,#N/A N/A,#N/A N/A,48173.9685,12457,25015.9685,DTE ENERGY COMPANY,207,120.75,23241,24,48846
DFEGCZ CH Equity 2018,#N/A N/A,#N/A N/A,#N/A N/A,#N/A N/A,#N/A N/A,#N/A N/A,#N/A N/A,#N/A N/A,#N/A N/A,#N/A N/A,#N/A N/A,#N/A N/A,#N/A N/A,#N/A N/A,#N/A N/A,#N/A N/A,#N/A N/A,#N/A N/A,#N/A N/A,#N/A N/A,#N/A N/A,#N/A N/A,DONGFANG ELECTRIC CORP,#N/A N/A,#N/A N/A,10107.1258,32606.3928,95677.8146
DFEGCZ CH Equity 2019,#N/A N/A,#N/A N/A,#N/A N/A,#N/A N/A,#N/A N/A,#N/A N/A,#N/A N/A,#N/A N/A,#N/A N/A,#N/A N/A,#N/A N/A,#N/A N/A,#N/A N/A,#N/A N/A,#N/A N/A,#N/A N/A,#N/A N/A,#N/A N/A,#N/A N/A,#N/A N/A,#N/A N/A,#N/A N/A,DONGFANG ELECTRIC CORP,#N/A N/A,#N/A N/A,9393.0491,33111.5173,91882.8357
DFEGCZ CH Equity 2020,#N/A N/A,#N/A N/A,#N/A N/A,#N/A N/A,#N/A N/A,#N/A N/A,#N/A N/A,#N/A N/A,#N/A N/A,#N/A N/A,#N/A N/A,#N/A N/A,#N/A N/A,#N/A N/A,#N/A N/A,#N/A N/A,#N/A N/A,#N/A N/A,#N/A N/A,#N/A N/A,#N/A N/A,#N/A N/A,DONGFANG ELECTRIC CORP,#N/A N/A,#N/A N/A,10735.6598,29049.277,100158.6444
DFEGCZ CH Equity 2021,#N/A N/A,#N/A N/A,#N/A N/A,#N/A N/A,#N/A N/A,#N/A N/A,#N/A N/A,#N/A N/A,#N/A N/A,#N/A N/A,#N/A N/A,#N/A N/A,#N/A N/A,#N/A N/A,#N/A N/A,#N/A N/A,#N/A N/A,#N/A N/A,#N/A N/A,#N/A N/A,#N/A N/A,#N/A N/A,DONGFANG ELECTRIC CORP,#N/A N/A,#N/A N/A,10526.5633,21749.5415,105962.7915
DFEGCZ CH Equity 2022,#N/A N/A,#N/A N/A,#N/A N/A,#N/A N/A,#N/A N/A,#N/A N/A,#N/A N/A,#N/A N/A,#N/A N/A,#N/A N/A,#N/A N/A,#N/A N/A,#N/A N/A,#N/A N/A,#N/A N/A,#N/A N/A,#N/A N/A,#N/A N/A,#N/A N/A,#N/A N/A,#N/A N/A,#N/A N/A,DONGFANG ELECTRIC CORP,#N/A N/A,#N/A N/A,20675.321,15866.7271,130287.2276
DFEGCZ CH Equity 2023,#N/A N/A,#N/A N/A,#N/A N/A,#N/A N/A,#N/A N/A,#N/A N/A,#N/A N/A,#N/A N/A,#N/A N/A,#N/A N/A,#N/A N/A,#N/A N/A,#N/A N/A,#N/A N/A,#N/A N/A,#N/A N/A,#N/A N/A,#N/A N/A,#N/A N/A,#N/A N/A,#N/A N/A,#N/A N/A,DONGFANG ELECTRIC CORP,#N/A N/A,#N/A N/A,23167.4173,22436.1473,138895.0008
DFEGCZ CH Equity 2024,#N/A N/A,#N/A N/A,#N/A N/A,#N/A N/A,#N/A N/A,#N/A N/A,#N/A N/A,#N/A N/A,#N/A N/A,#N/A N/A,#N/A N/A,#N/A N/A,#N/A N/A,#N/A N/A,#N/A N/A,#N/A N/A,#N/A N/A,#N/A N/A,#N/A N/A,#N/A N/A,#N/A N/A,#N/A N/A,DONGFANG ELECTRIC CORP,#N/A N/A,#N/A N/A,#N/A N/A,#N/A N/A,#N/A N/A
DMC PM Equity 2018,#N/A N/A,#N/A N/A,#N/A N/A,#N/A N/A,#N/A N/A,#N/A N/A,#N/A N/A,#N/A N/A,#N/A N/A,#N/A N/A,#N/A N/A,#N/A N/A,#N/A N/A,#N/A N/A,#N/A N/A,#N/A N/A,#N/A N/A,#N/A N/A,#N/A N/A,214262.3744,82842.86,169686.0666,DMCI HOLDINGS INC,13277.47,12.78,41521.332,15481.964,182404.715
DMC PM Equity 2019,#N/A N/A,#N/A N/A,#N/A N/A,#N/A N/A,#N/A N/A,#N/A N/A,#N/A N/A,#N/A N/A,#N/A N/A,#N/A N/A,#N/A N/A,#N/A N/A,#N/A N/A,#N/A N/A,#N/A N/A,#N/A N/A,#N/A N/A,#N/A N/A,#N/A N/A,133644.3805,87761.221,87764.0767,DMCI HOLDINGS INC,13277.47,6.61,47043.696,21597.823,200787.001
DMC PM Equity 2020,3608,18,#N/A N/A,#N/A N/A,#N/A N/A,#N/A N/A,#N/A N/A,#N/A N/A,#N/A N/A,#N/A N/A,#N/A N/A,#N/A N/A,#N/A N/A,#N/A N/A,#N/A N/A,#N/A N/A,#N/A N/A,#N/A N/A,#N/A N/A,127746.257,67700.099,75150.4802,DMCI HOLDINGS INC,13277.47,5.66,51957.773,18918.45,204393.539
DMC PM Equity 2021,3395,20,#N/A N/A,#N/A N/A,#N/A N/A,#N/A N/A,#N/A N/A,#N/A N/A,#N/A N/A,#N/A N/A,#N/A N/A,#N/A N/A,#N/A N/A,#N/A N/A,#N/A N/A,#N/A N/A,#N/A N/A,#N/A N/A,#N/A N/A,158181.8965,108342.869,102369.2937,DMCI HOLDINGS INC,13277.47,7.71,53065.108,18342.019,215145.488
DMC PM Equity 2022,3737,22,17630,#N/A N/A,#N/A N/A,#N/A N/A,#N/A N/A,#N/A N/A,#N/A N/A,#N/A N/A,#N/A N/A,#N/A N/A,#N/A N/A,#N/A N/A,#N/A N/A,#N/A N/A,#N/A N/A,#N/A N/A,#N/A N/A,212673.4428,142599.693,159329.64,DMCI HOLDINGS INC,13277.47,12,52534.043,28408.474,240759.984
DMC PM Equity 2023,4190,16.5,19639,#N/A N/A,#N/A N/A,#N/A N/A,#N/A N/A,#N/A N/A,#N/A N/A,#N/A N/A,#N/A N/A,#N/A N/A,#N/A N/A,#N/A N/A,#N/A N/A,#N/A N/A,#N/A N/A,#N/A N/A,#N/A N/A,175474.9197,122829.114,129720.8819,DMCI HOLDINGS INC,13277.47,9.77,49496.201,32158.078,247995.223
DMC PM Equity 2024,7423.35,4.6,27136.199,#N/A N/A,#N/A N/A,#N/A N/A,#N/A N/A,#N/A N/A,#N/A N/A,#N/A N/A,#N/A N/A,#N/A N/A,#N/A N/A,#N/A N/A,#N/A N/A,#N/A N/A,#N/A N/A,#N/A N/A,#N/A N/A,210905.9744,102378.548,143662.2254,DMCI HOLDINGS INC,13277.47,10.82,71690.579,34298.524,288445.653
DBI AU Equity 2018,#N/A N/A,#N/A N/A,#N/A N/A,#N/A N/A,#N/A N/A,#N/A N/A,#N/A N/A,#N/A N/A,#N/A N/A,#N/A N/A,#N/A N/A,#N/A N/A,#N/A N/A,#N/A N/A,#N/A N/A,#N/A N/A,#N/A N/A,#N/A N/A,#N/A N/A,#N/A N/A,#N/A N/A,#N/A N/A,DALRYMPLE BAY INFRASTRUCTURE,#N/A N/A,#N/A N/A,#N/A N/A,#N/A N/A,#N/A N/A
DBI AU Equity 2019,#N/A N/A,#N/A N/A,#N/A N/A,#N/A N/A,#N/A N/A,#N/A N/A,#N/A N/A,#N/A N/A,#N/A N/A,#N/A N/A,#N/A N/A,#N/A N/A,#N/A N/A,#N/A N/A,#N/A N/A,#N/A N/A,#N/A N/A,#N/A N/A,#N/A N/A,#N/A N/A,#N/A N/A,#N/A N/A,DALRYMPLE BAY INFRASTRUCTURE,#N/A N/A,#N/A N/A,#N/A N/A,#N/A N/A,#N/A N/A
DBI AU Equity 2020,1.189,81.817,#N/A N/A,#N/A N/A,#N/A N/A,#N/A N/A,#N/A N/A,#N/A N/A,#N/A N/A,#N/A N/A,#N/A N/A,#N/A N/A,#N/A N/A,#N/A N/A,#N/A N/A,#N/A N/A,#N/A N/A,#N/A N/A,#N/A N/A,3199.0919,#N/A N/A,1045.5809,DALRYMPLE BAY INFRASTRUCTURE,#N/A N/A,2.09,2292.646,139.135,3561.981
DBI AU Equity 2021,1.163,70.073,#N/A N/A,#N/A N/A,#N/A N/A,#N/A N/A,#N/A N/A,#N/A N/A,#N/A N/A,#N/A N/A,#N/A N/A,#N/A N/A,#N/A N/A,#N/A N/A,#N/A N/A,#N/A N/A,#N/A N/A,#N/A N/A,#N/A N/A,3206.0092,505.065,1006.3962,DALRYMPLE BAY INFRASTRUCTURE,497.9814,2.03,2262.44,62.827,3547.331
DBI AU Equity 2022,1.912,72.45,76.461,0.811,1.316,0.006,#N/A N/A,0.001,0.019,0.022,#N/A N/A,#N/A N/A,#N/A N/A,#N/A N/A,#N/A N/A,74.286,#N/A N/A,#N/A N/A,#N/A N/A,3158.6207,579.127,1204.7017,DALRYMPLE BAY INFRASTRUCTURE,495.7617,2.43,2146.424,192.505,3772.213
DBI AU Equity 2023,0.054,0.02,79.87,0.624,5.698,0.017,#N/A N/A,0.001,0.047,0.015,#N/A N/A,#N/A N/A,#N/A N/A,#N/A N/A,#N/A N/A,73.468,#N/A N/A,#N/A N/A,#N/A N/A,3544.7688,642.1,1333.5998,DALRYMPLE BAY INFRASTRUCTURE,495.7617,2.69,2282.311,71.142,3862.206
DBI AU Equity 2024,0.057,0.021,80.951,0.64,3.811,0.018,#N/A N/A,0.0004,0.032,0.017,#N/A N/A,#N/A N/A,#N/A N/A,#N/A N/A,#N/A N/A,76.433,#N/A N/A,#N/A N/A,#N/A N/A,3624.3202,767.1,1784.7432,DALRYMPLE BAY INFRASTRUCTURE,495.7617,3.6,1929.467,89.89,3418.259
DALBHARA IN Equity 2018,#N/A N/A,#N/A N/A,#N/A N/A,#N/A N/A,#N/A N/A,#N/A N/A,#N/A N/A,#N/A N/A,#N/A N/A,#N/A N/A,#N/A N/A,#N/A N/A,#N/A N/A,#N/A N/A,#N/A N/A,#N/A N/A,#N/A N/A,#N/A N/A,#N/A N/A,#N/A N/A,94840,#N/A N/A,DALMIA BHARAT LTD,192.406,#N/A N/A,72660,37610,213340
DALBHARA IN Equity 2019,11210,510,1410,#N/A N/A,#N/A N/A,#N/A N/A,#N/A N/A,#N/A N/A,#N/A N/A,#N/A N/A,#N/A N/A,#N/A N/A,#N/A N/A,#N/A N/A,#N/A N/A,#N/A N/A,#N/A N/A,#N/A N/A,#N/A N/A,212752.4882,94840,190932.4882,DALMIA BHARAT LTD,192.7478,989.5,49710,28000,205380
DALBHARA IN Equity 2020,11280.1,537.968,1320.74,28.95,1.13,231.25,112.88,#N/A N/A,3.005,8.93,#N/A N/A,122.12,#N/A N/A,0,812.47,#N/A N/A,#N/A N/A,#N/A N/A,#N/A N/A,112175.4661,96740,94665.4661,DALMIA BHARAT LTD,192.9586,490.6,48520,31260,206110
DALBHARA IN Equity 2021,11275.3,458.687,1341.72,66.24,7.1,756.31,112.7,#N/A N/A,#N/A N/A,#N/A N/A,#N/A N/A,140.81,#N/A N/A,#N/A N/A,258.57,#N/A N/A,#N/A N/A,#N/A N/A,#N/A N/A,297049.7282,105220,297329.7282,DALMIA BHARAT LTD,187.5207,1589,38390,39010,220420
DALBHARA IN Equity 2022,12548.2,445.378,1253.89,88.59,10.2,931.43,125.5,#N/A N/A,#N/A N/A,#N/A N/A,#N/A N/A,98.18,#N/A N/A,#N/A N/A,#N/A N/A,#N/A N/A,#N/A N/A,#N/A N/A,#N/A N/A,257918.5873,112860,280228.5873,DALMIA BHARAT LTD,187.1569,1495.6,31760,54790,248710
DALBHARA IN Equity 2023,13060,590,1323.99,146.49,14.44,917.1,130.58,0,2.946,6.96,#N/A N/A,105.48,#N/A N/A,0,0,#N/A N/A,#N/A N/A,#N/A N/A,#N/A N/A,375668.2205,135400,369008.2205,DALMIA BHARAT LTD,187.439,1968.25,38550,33050,255430
DALBHARA IN Equity 2024,14252,426.132,1433.24,167.01,13.97,981.77,142.47,0,3.104,7.33,#N/A N/A,117.58,#N/A N/A,#N/A N/A,#N/A N/A,#N/A N/A,#N/A N/A,#N/A N/A,#N/A N/A,368015.6277,146910,364245.6277,DALMIA BHARAT LTD,187.5476,1942.15,48050,45380,277490
DATZ CH Equity 2018,#N/A N/A,#N/A N/A,#N/A N/A,#N/A N/A,#N/A N/A,#N/A N/A,#N/A N/A,#N/A N/A,#N/A N/A,#N/A N/A,#N/A N/A,#N/A N/A,#N/A N/A,#N/A N/A,#N/A N/A,#N/A N/A,#N/A N/A,#N/A N/A,#N/A N/A,#N/A N/A,#N/A N/A,#N/A N/A,DATUN COAL & ELECTRICITY GP,#N/A N/A,#N/A N/A,#N/A N/A,#N/A N/A,#N/A N/A
DATZ CH Equity 2019,#N/A N/A,#N/A N/A,#N/A N/A,#N/A N/A,#N/A N/A,#N/A N/A,#N/A N/A,#N/A N/A,#N/A N/A,#N/A N/A,#N/A N/A,#N/A N/A,#N/A N/A,#N/A N/A,#N/A N/A,#N/A N/A,#N/A N/A,#N/A N/A,#N/A N/A,#N/A N/A,#N/A N/A,#N/A N/A,DATUN COAL & ELECTRICITY GP,#N/A N/A,#N/A N/A,#N/A N/A,#N/A N/A,#N/A N/A
DATZ CH Equity 2020,#N/A N/A,#N/A N/A,#N/A N/A,#N/A N/A,#N/A N/A,#N/A N/A,#N/A N/A,#N/A N/A,#N/A N/A,#N/A N/A,#N/A N/A,#N/A N/A,#N/A N/A,#N/A N/A,#N/A N/A,#N/A N/A,#N/A N/A,#N/A N/A,#N/A N/A,#N/A N/A,#N/A N/A,#N/A N/A,DATUN COAL & ELECTRICITY GP,#N/A N/A,#N/A N/A,#N/A N/A,#N/A N/A,#N/A N/A
DATZ CH Equity 2021,#N/A N/A,#N/A N/A,#N/A N/A,#N/A N/A,#N/A N/A,#N/A N/A,#N/A N/A,#N/A N/A,#N/A N/A,#N/A N/A,#N/A N/A,#N/A N/A,#N/A N/A,#N/A N/A,#N/A N/A,#N/A N/A,#N/A N/A,#N/A N/A,#N/A N/A,#N/A N/A,#N/A N/A,#N/A N/A,DATUN COAL & ELECTRICITY GP,#N/A N/A,#N/A N/A,#N/A N/A,#N/A N/A,#N/A N/A
DATZ CH Equity 2022,#N/A N/A,#N/A N/A,#N/A N/A,#N/A N/A,#N/A N/A,#N/A N/A,#N/A N/A,#N/A N/A,#N/A N/A,#N/A N/A,#N/A N/A,#N/A N/A,#N/A N/A,#N/A N/A,#N/A N/A,#N/A N/A,#N/A N/A,#N/A N/A,#N/A N/A,#N/A N/A,#N/A N/A,#N/A N/A,DATUN COAL & ELECTRICITY GP,#N/A N/A,#N/A N/A,#N/A N/A,#N/A N/A,#N/A N/A
DATZ CH Equity 2023,#N/A N/A,#N/A N/A,#N/A N/A,#N/A N/A,#N/A N/A,#N/A N/A,#N/A N/A,#N/A N/A,#N/A N/A,#N/A N/A,#N/A N/A,#N/A N/A,#N/A N/A,#N/A N/A,#N/A N/A,#N/A N/A,#N/A N/A,#N/A N/A,#N/A N/A,#N/A N/A,#N/A N/A,#N/A N/A,DATUN COAL & ELECTRICITY GP,#N/A N/A,#N/A N/A,#N/A N/A,#N/A N/A,#N/A N/A
DATZ CH Equity 2024,#N/A N/A,#N/A N/A,#N/A N/A,#N/A N/A,#N/A N/A,#N/A N/A,#N/A N/A,#N/A N/A,#N/A N/A,#N/A N/A,#N/A N/A,#N/A N/A,#N/A N/A,#N/A N/A,#N/A N/A,#N/A N/A,#N/A N/A,#N/A N/A,#N/A N/A,#N/A N/A,#N/A N/A,#N/A N/A,DATUN COAL & ELECTRICITY GP,#N/A N/A,#N/A N/A,#N/A N/A,#N/A N/A,#N/A N/A
DASHANZ CH Equity 2018,#N/A N/A,#N/A N/A,#N/A N/A,#N/A N/A,#N/A N/A,#N/A N/A,#N/A N/A,#N/A N/A,#N/A N/A,#N/A N/A,#N/A N/A,#N/A N/A,#N/A N/A,#N/A N/A,#N/A N/A,#N/A N/A,#N/A N/A,#N/A N/A,#N/A N/A,#N/A N/A,#N/A N/A,#N/A N/A,DATANG SHANDONG POWER GENERA,#N/A N/A,#N/A N/A,17243.6976,567.1297,25211.4913
DASHANZ CH Equity 2019,#N/A N/A,#N/A N/A,#N/A N/A,#N/A N/A,#N/A N/A,#N/A N/A,#N/A N/A,#N/A N/A,#N/A N/A,#N/A N/A,#N/A N/A,#N/A N/A,#N/A N/A,#N/A N/A,#N/A N/A,#N/A N/A,#N/A N/A,#N/A N/A,#N/A N/A,#N/A N/A,#N/A N/A,#N/A N/A,DATANG SHANDONG POWER GENERA,#N/A N/A,#N/A N/A,19028.0754,787.5202,27843.3577
DASHANZ CH Equity 2020,#N/A N/A,#N/A N/A,#N/A N/A,#N/A N/A,#N/A N/A,#N/A N/A,#N/A N/A,#N/A N/A,#N/A N/A,#N/A N/A,#N/A N/A,#N/A N/A,#N/A N/A,#N/A N/A,#N/A N/A,#N/A N/A,#N/A N/A,#N/A N/A,#N/A N/A,#N/A N/A,#N/A N/A,#N/A N/A,DATANG SHANDONG POWER GENERA,#N/A N/A,#N/A N/A,16577.4248,806.9346,28955.727
DASHANZ CH Equity 2021,#N/A N/A,#N/A N/A,#N/A N/A,#N/A N/A,#N/A N/A,#N/A N/A,#N/A N/A,#N/A N/A,#N/A N/A,#N/A N/A,#N/A N/A,#N/A N/A,#N/A N/A,#N/A N/A,#N/A N/A,#N/A N/A,#N/A N/A,#N/A N/A,#N/A N/A,#N/A N/A,#N/A N/A,#N/A N/A,DATANG SHANDONG POWER GENERA,#N/A N/A,#N/A N/A,18745.0616,631.9226,29190.6043
DASHANZ CH Equity 2022,#N/A N/A,#N/A N/A,#N/A N/A,#N/A N/A,#N/A N/A,#N/A N/A,#N/A N/A,#N/A N/A,#N/A N/A,#N/A N/A,#N/A N/A,#N/A N/A,#N/A N/A,#N/A N/A,#N/A N/A,#N/A N/A,#N/A N/A,#N/A N/A,#N/A N/A,#N/A N/A,#N/A N/A,#N/A N/A,DATANG SHANDONG POWER GENERA,#N/A N/A,#N/A N/A,#N/A N/A,#N/A N/A,#N/A N/A
DASHANZ CH Equity 2023,#N/A N/A,#N/A N/A,#N/A N/A,#N/A N/A,#N/A N/A,#N/A N/A,#N/A N/A,#N/A N/A,#N/A N/A,#N/A N/A,#N/A N/A,#N/A N/A,#N/A N/A,#N/A N/A,#N/A N/A,#N/A N/A,#N/A N/A,#N/A N/A,#N/A N/A,#N/A N/A,#N/A N/A,#N/A N/A,DATANG SHANDONG POWER GENERA,#N/A N/A,#N/A N/A,#N/A N/A,#N/A N/A,#N/A N/A
DASHANZ CH Equity 2024,#N/A N/A,#N/A N/A,#N/A N/A,#N/A N/A,#N/A N/A,#N/A N/A,#N/A N/A,#N/A N/A,#N/A N/A,#N/A N/A,#N/A N/A,#N/A N/A,#N/A N/A,#N/A N/A,#N/A N/A,#N/A N/A,#N/A N/A,#N/A N/A,#N/A N/A,#N/A N/A,#N/A N/A,#N/A N/A,DATANG SHANDONG POWER GENERA,#N/A N/A,#N/A N/A,#N/A N/A,#N/A N/A,#N/A N/A
DAJIPOGZ CH Equity 2018,#N/A N/A,#N/A N/A,#N/A N/A,#N/A N/A,#N/A N/A,#N/A N/A,#N/A N/A,#N/A N/A,#N/A N/A,#N/A N/A,#N/A N/A,#N/A N/A,#N/A N/A,#N/A N/A,#N/A N/A,#N/A N/A,#N/A N/A,#N/A N/A,#N/A N/A,#N/A N/A,#N/A N/A,#N/A N/A,DATANG JILIN POWER GENERATIO,#N/A N/A,#N/A N/A,#N/A N/A,#N/A N/A,#N/A N/A
DAJIPOGZ CH Equity 2019,#N/A N/A,#N/A N/A,#N/A N/A,#N/A N/A,#N/A N/A,#N/A N/A,#N/A N/A,#N/A N/A,#N/A N/A,#N/A N/A,#N/A N/A,#N/A N/A,#N/A N/A,#N/A N/A,#N/A N/A,#N/A N/A,#N/A N/A,#N/A N/A,#N/A N/A,#N/A N/A,#N/A N/A,#N/A N/A,DATANG JILIN POWER GENERATIO,#N/A N/A,#N/A N/A,#N/A N/A,#N/A N/A,#N/A N/A
DAJIPOGZ CH Equity 2020,#N/A N/A,#N/A N/A,#N/A N/A,#N/A N/A,#N/A N/A,#N/A N/A,#N/A N/A,#N/A N/A,#N/A N/A,#N/A N/A,#N/A N/A,#N/A N/A,#N/A N/A,#N/A N/A,#N/A N/A,#N/A N/A,#N/A N/A,#N/A N/A,#N/A N/A,#N/A N/A,#N/A N/A,#N/A N/A,DATANG JILIN POWER GENERATIO,#N/A N/A,#N/A N/A,#N/A N/A,#N/A N/A,#N/A N/A
DAJIPOGZ CH Equity 2021,#N/A N/A,#N/A N/A,#N/A N/A,#N/A N/A,#N/A N/A,#N/A N/A,#N/A N/A,#N/A N/A,#N/A N/A,#N/A N/A,#N/A N/A,#N/A N/A,#N/A N/A,#N/A N/A,#N/A N/A,#N/A N/A,#N/A N/A,#N/A N/A,#N/A N/A,#N/A N/A,#N/A N/A,#N/A N/A,DATANG JILIN POWER GENERATIO,#N/A N/A,#N/A N/A,#N/A N/A,#N/A N/A,#N/A N/A
DAJIPOGZ CH Equity 2022,#N/A N/A,#N/A N/A,#N/A N/A,#N/A N/A,#N/A N/A,#N/A N/A,#N/A N/A,#N/A N/A,#N/A N/A,#N/A N/A,#N/A N/A,#N/A N/A,#N/A N/A,#N/A N/A,#N/A N/A,#N/A N/A,#N/A N/A,#N/A N/A,#N/A N/A,#N/A N/A,#N/A N/A,#N/A N/A,DATANG JILIN POWER GENERATIO,#N/A N/A,#N/A N/A,#N/A N/A,#N/A N/A,#N/A N/A
DAJIPOGZ CH Equity 2023,#N/A N/A,#N/A N/A,#N/A N/A,#N/A N/A,#N/A N/A,#N/A N/A,#N/A N/A,#N/A N/A,#N/A N/A,#N/A N/A,#N/A N/A,#N/A N/A,#N/A N/A,#N/A N/A,#N/A N/A,#N/A N/A,#N/A N/A,#N/A N/A,#N/A N/A,#N/A N/A,#N/A N/A,#N/A N/A,DATANG JILIN POWER GENERATIO,#N/A N/A,#N/A N/A,#N/A N/A,#N/A N/A,#N/A N/A
DAJIPOGZ CH Equity 2024,#N/A N/A,#N/A N/A,#N/A N/A,#N/A N/A,#N/A N/A,#N/A N/A,#N/A N/A,#N/A N/A,#N/A N/A,#N/A N/A,#N/A N/A,#N/A N/A,#N/A N/A,#N/A N/A,#N/A N/A,#N/A N/A,#N/A N/A,#N/A N/A,#N/A N/A,#N/A N/A,#N/A N/A,#N/A N/A,DATANG JILIN POWER GENERATIO,#N/A N/A,#N/A N/A,#N/A N/A,#N/A N/A,#N/A N/A
DNX LN Equity 2018,#N/A N/A,#N/A N/A,#N/A N/A,#N/A N/A,#N/A N/A,#N/A N/A,#N/A N/A,#N/A N/A,#N/A N/A,#N/A N/A,#N/A N/A,#N/A N/A,#N/A N/A,#N/A N/A,#N/A N/A,#N/A N/A,#N/A N/A,#N/A N/A,#N/A N/A,#N/A N/A,#N/A N/A,#N/A N/A,DANA PETROLEUM LTD,#N/A N/A,#N/A N/A,#N/A N/A,#N/A N/A,#N/A N/A
DNX LN Equity 2019,#N/A N/A,#N/A N/A,#N/A N/A,#N/A N/A,#N/A N/A,#N/A N/A,#N/A N/A,#N/A N/A,#N/A N/A,#N/A N/A,#N/A N/A,#N/A N/A,#N/A N/A,#N/A N/A,#N/A N/A,#N/A N/A,#N/A N/A,#N/A N/A,#N/A N/A,#N/A N/A,#N/A N/A,#N/A N/A,DANA PETROLEUM LTD,#N/A N/A,#N/A N/A,#N/A N/A,#N/A N/A,#N/A N/A
DNX LN Equity 2020,#N/A N/A,#N/A N/A,#N/A N/A,#N/A N/A,#N/A N/A,#N/A N/A,#N/A N/A,#N/A N/A,#N/A N/A,#N/A N/A,#N/A N/A,#N/A N/A,#N/A N/A,#N/A N/A,#N/A N/A,#N/A N/A,#N/A N/A,#N/A N/A,#N/A N/A,#N/A N/A,#N/A N/A,#N/A N/A,DANA PETROLEUM LTD,#N/A N/A,#N/A N/A,#N/A N/A,#N/A N/A,#N/A N/A
DNX LN Equity 2021,#N/A N/A,#N/A N/A,#N/A N/A,#N/A N/A,#N/A N/A,#N/A N/A,#N/A N/A,#N/A N/A,#N/A N/A,#N/A N/A,#N/A N/A,#N/A N/A,#N/A N/A,#N/A N/A,#N/A N/A,#N/A N/A,#N/A N/A,#N/A N/A,#N/A N/A,#N/A N/A,#N/A N/A,#N/A N/A,DANA PETROLEUM LTD,#N/A N/A,#N/A N/A,#N/A N/A,#N/A N/A,#N/A N/A
DNX LN Equity 2022,#N/A N/A,#N/A N/A,#N/A N/A,#N/A N/A,#N/A N/A,#N/A N/A,#N/A N/A,#N/A N/A,#N/A N/A,#N/A N/A,#N/A N/A,#N/A N/A,#N/A N/A,#N/A N/A,#N/A N/A,#N/A N/A,#N/A N/A,#N/A N/A,#N/A N/A,#N/A N/A,#N/A N/A,#N/A N/A,DANA PETROLEUM LTD,#N/A N/A,#N/A N/A,#N/A N/A,#N/A N/A,#N/A N/A
DNX LN Equity 2023,#N/A N/A,#N/A N/A,#N/A N/A,#N/A N/A,#N/A N/A,#N/A N/A,#N/A N/A,#N/A N/A,#N/A N/A,#N/A N/A,#N/A N/A,#N/A N/A,#N/A N/A,#N/A N/A,#N/A N/A,#N/A N/A,#N/A N/A,#N/A N/A,#N/A N/A,#N/A N/A,#N/A N/A,#N/A N/A,DANA PETROLEUM LTD,#N/A N/A,#N/A N/A,#N/A N/A,#N/A N/A,#N/A N/A
DNX LN Equity 2024,#N/A N/A,#N/A N/A,#N/A N/A,#N/A N/A,#N/A N/A,#N/A N/A,#N/A N/A,#N/A N/A,#N/A N/A,#N/A N/A,#N/A N/A,#N/A N/A,#N/A N/A,#N/A N/A,#N/A N/A,#N/A N/A,#N/A N/A,#N/A N/A,#N/A N/A,#N/A N/A,#N/A N/A,#N/A N/A,DANA PETROLEUM LTD,#N/A N/A,#N/A N/A,#N/A N/A,#N/A N/A,#N/A N/A
DUK US Equity 2018,96548.797,23.2,28077.6,#N/A N/A,#N/A N/A,10100,#N/A N/A,#N/A N/A,#N/A N/A,#N/A N/A,#N/A N/A,#N/A N/A,#N/A N/A,17977.5996,#N/A N/A,#N/A N/A,#N/A N/A,#N/A N/A,#N/A N/A,121195.1,24521,62740.1,DUKE ENERGY CORP,708,86.3,58880,442,145392
DUK US Equity 2019,85525,5.2,29715.1,#N/A N/A,#N/A N/A,12100,#N/A N/A,#N/A N/A,15.113,#N/A N/A,#N/A N/A,#N/A N/A,#N/A N/A,17600,#N/A N/A,#N/A N/A,#N/A N/A,#N/A N/A,#N/A N/A,135940.49,25079,70140.49,DUKE ENERGY CORP,729,91.21,63020,311,158838
DUK US Equity 2020,74976,3.7,29604.9,#N/A N/A,#N/A N/A,13000,#N/A N/A,#N/A N/A,4.9,#N/A N/A,#N/A N/A,#N/A N/A,#N/A N/A,16600,#N/A N/A,#N/A N/A,#N/A N/A,#N/A N/A,#N/A N/A,137714.64,23868,70409.64,DUKE ENERGY CORP,737,91.56,64382,259,162388
DUK US Equity 2021,79000,430,32019,2800,#N/A N/A,22200,#N/A N/A,51,4,84,#N/A N/A,#N/A N/A,280,6600,#N/A N/A,#N/A N/A,#N/A N/A,#N/A N/A,#N/A N/A,153156.1,25097,80668.1,DUKE ENERGY CORP,769,104.9,69027,341,169587
DUK US Equity 2022,79000,424,38387.898,3800,#N/A N/A,26200,#N/A N/A,30,7.9,170,#N/A N/A,#N/A N/A,280,7900,#N/A N/A,#N/A N/A,#N/A N/A,#N/A N/A,#N/A N/A,160219.3,28768,79302.3,DUKE ENERGY CORP,770,102.99,76833,409,178086
DUK US Equity 2023,73000,414,34154.102,4300,#N/A N/A,22600,#N/A N/A,28,8.1,165,#N/A N/A,#N/A N/A,253,6800,#N/A N/A,#N/A N/A,#N/A N/A,#N/A N/A,#N/A N/A,158770.84,29060,74817.84,DUKE ENERGY CORP,771,97.04,81169,253,176893
DUK US Equity 2024,#N/A N/A,#N/A N/A,#N/A N/A,#N/A N/A,#N/A N/A,#N/A N/A,#N/A N/A,#N/A N/A,#N/A N/A,#N/A N/A,#N/A N/A,#N/A N/A,#N/A N/A,#N/A N/A,#N/A N/A,#N/A N/A,#N/A N/A,#N/A N/A,#N/A N/A,171356.24,30357,83606.24,DUKE ENERGY CORP,772,107.74,85962,314,186343
DNO NO Equity 2018,411.799,1.145,#N/A N/A,#N/A N/A,#N/A N/A,#N/A N/A,#N/A N/A,#N/A N/A,#N/A N/A,#N/A N/A,#N/A N/A,#N/A N/A,#N/A N/A,#N/A N/A,#N/A N/A,#N/A N/A,#N/A N/A,#N/A N/A,#N/A N/A,1372.9871,829.3,1507.9871,DNO ASA,1048.8,12.55,594.1,729.1,2004.3
DNO NO Equity 2019,633.921,1.014,4.269,#N/A N/A,#N/A N/A,#N/A N/A,#N/A N/A,#N/A N/A,4.269,#N/A N/A,#N/A N/A,#N/A N/A,#N/A N/A,#N/A N/A,#N/A N/A,#N/A N/A,#N/A N/A,#N/A N/A,#N/A N/A,1768.9215,971.4,1178.6215,DNO ASA,1036.4,11.57,1076,485.7,3271.9
DNO NO Equity 2020,416.231,0.662,5.799,#N/A N/A,#N/A N/A,#N/A N/A,#N/A N/A,#N/A N/A,2.344,#N/A N/A,3.455,#N/A N/A,#N/A N/A,#N/A N/A,#N/A N/A,#N/A N/A,#N/A N/A,#N/A N/A,#N/A N/A,1271.6566,614.9,783.2566,DNO ASA,975.73,6.868,951.9,463.5,2708.7
DNO NO Equity 2021,424.04,0.342,1.726,#N/A N/A,#N/A N/A,#N/A N/A,#N/A N/A,#N/A N/A,1.726,#N/A N/A,#N/A N/A,#N/A N/A,#N/A N/A,#N/A N/A,#N/A N/A,#N/A N/A,#N/A N/A,#N/A N/A,#N/A N/A,1338.746,1004.1,1157.946,DNO ASA,975.43,10.455,901.6,720.8,2947.8
DNO NO Equity 2022,580.636,0.37,4.475,#N/A N/A,#N/A N/A,#N/A N/A,#N/A N/A,#N/A N/A,4.475,#N/A N/A,#N/A N/A,#N/A N/A,#N/A N/A,#N/A N/A,#N/A N/A,#N/A N/A,#N/A N/A,#N/A N/A,#N/A N/A,861.1399,1377,1224.8399,DNO ASA,986.97,11.81,568.1,931.8,2803
DNO NO Equity 2023,247.191,0.383,2.808,#N/A N/A,#N/A N/A,#N/A N/A,#N/A N/A,#N/A N/A,2.808,#N/A N/A,#N/A N/A,#N/A N/A,#N/A N/A,#N/A N/A,#N/A N/A,#N/A N/A,#N/A N/A,#N/A N/A,#N/A N/A,841.924,667.5,970.624,DNO ASA,980.04,10.07,575.8,704.5,2638.3
DNO NO Equity 2024,358.86,0.374,12770.8,82.476,11.872,6.227,9.276,0.584,1.701,0.781,#N/A N/A,175.749,1090.59,11383.4,0.083,#N/A N/A,#N/A N/A,8.086,#N/A N/A,804.2048,666.8,899.9048,DNO ASA,975,10.47,803.3,899,2966.1
DECPF US Equity 2018,#N/A N/A,#N/A N/A,#N/A N/A,#N/A N/A,#N/A N/A,#N/A N/A,#N/A N/A,#N/A N/A,#N/A N/A,#N/A N/A,#N/A N/A,#N/A N/A,#N/A N/A,#N/A N/A,#N/A N/A,#N/A N/A,#N/A N/A,#N/A N/A,#N/A N/A,1294.2281,289.769,#N/A N/A,DIVERSIFIED ENERGY CO PLC,#N/A N/A,#N/A N/A,486.35,1.372,1556.972
DECPF US Equity 2019,2614,#N/A N/A,#N/A N/A,#N/A N/A,#N/A N/A,#N/A N/A,#N/A N/A,#N/A N/A,#N/A N/A,#N/A N/A,#N/A N/A,#N/A N/A,#N/A N/A,#N/A N/A,#N/A N/A,#N/A N/A,#N/A N/A,#N/A N/A,#N/A N/A,1548.8775,462.256,#N/A N/A,DIVERSIFIED ENERGY CO PLC,#N/A N/A,#N/A N/A,624.314,1.661,2005.94
DECPF US Equity 2020,958,1,#N/A N/A,#N/A N/A,#N/A N/A,#N/A N/A,#N/A N/A,#N/A N/A,#N/A N/A,#N/A N/A,#N/A N/A,#N/A N/A,#N/A N/A,#N/A N/A,#N/A N/A,#N/A N/A,#N/A N/A,#N/A N/A,#N/A N/A,1825.9126,408.693,#N/A N/A,DIVERSIFIED ENERGY CO PLC,#N/A N/A,#N/A N/A,736.118,1.379,2290.682
DECPF US Equity 2021,1631,3,#N/A N/A,#N/A N/A,#N/A N/A,#N/A N/A,#N/A N/A,#N/A N/A,#N/A N/A,#N/A N/A,#N/A N/A,#N/A N/A,#N/A N/A,#N/A N/A,#N/A N/A,#N/A N/A,#N/A N/A,#N/A N/A,#N/A N/A,2242.7504,1007.561,#N/A N/A,DIVERSIFIED ENERGY CO PLC,#N/A N/A,#N/A N/A,1038.159,12.558,3494.209
DECPF US Equity 2022,1820,59,#N/A N/A,#N/A N/A,#N/A N/A,#N/A N/A,#N/A N/A,#N/A N/A,#N/A N/A,#N/A N/A,#N/A N/A,#N/A N/A,#N/A N/A,#N/A N/A,#N/A N/A,#N/A N/A,#N/A N/A,#N/A N/A,#N/A N/A,2644.1381,1919.349,#N/A N/A,DIVERSIFIED ENERGY CO PLC,#N/A N/A,#N/A N/A,1469.191,7.329,3830.928
DECPF US Equity 2023,1563,58,#N/A N/A,#N/A N/A,#N/A N/A,#N/A N/A,#N/A N/A,#N/A N/A,#N/A N/A,#N/A N/A,#N/A N/A,#N/A N/A,#N/A N/A,#N/A N/A,#N/A N/A,#N/A N/A,#N/A N/A,#N/A N/A,#N/A N/A,1993.3575,868.263,#N/A N/A,DIVERSIFIED ENERGY CO PLC,#N/A N/A,#N/A N/A,1307.749,3.753,3474.022
DECPF US Equity 2024,1593,53,#N/A N/A,#N/A N/A,#N/A N/A,#N/A N/A,#N/A N/A,#N/A N/A,#N/A N/A,#N/A N/A,#N/A N/A,#N/A N/A,#N/A N/A,#N/A N/A,#N/A N/A,#N/A N/A,#N/A N/A,#N/A N/A,#N/A N/A,2595.942,794.841,#N/A N/A,DIVERSIFIED ENERGY CO PLC,#N/A N/A,#N/A N/A,1737.842,5.99,4003.525
DVN US Equity 2018,4720,330,43000,#N/A N/A,#N/A N/A,#N/A N/A,#N/A N/A,#N/A N/A,#N/A N/A,#N/A N/A,#N/A N/A,#N/A N/A,#N/A N/A,43000,#N/A N/A,#N/A N/A,#N/A N/A,#N/A N/A,#N/A N/A,12183,10818,10143,DEVON ENERGY CORP,494,22.54,4454,2414,19566
DVN US Equity 2019,4440,260,48048,#N/A N/A,#N/A N/A,#N/A N/A,#N/A N/A,#N/A N/A,#N/A N/A,#N/A N/A,#N/A N/A,#N/A N/A,#N/A N/A,48000,48,#N/A N/A,#N/A N/A,#N/A N/A,#N/A N/A,13129.54,6220,9920.54,DEVON ENERGY CORP,401,25.97,4555,1464,13717
DVN US Equity 2020,4980,320,49000,#N/A N/A,#N/A N/A,#N/A N/A,#N/A N/A,#N/A N/A,#N/A N/A,#N/A N/A,#N/A N/A,#N/A N/A,#N/A N/A,49000,#N/A N/A,#N/A N/A,#N/A N/A,#N/A N/A,#N/A N/A,8489.42,4828,6039.42,DEVON ENERGY CORP,377,15.81,4553,2237,9912
DVN US Equity 2021,3950,340,84000,#N/A N/A,#N/A N/A,#N/A N/A,#N/A N/A,#N/A N/A,#N/A N/A,#N/A N/A,#N/A N/A,#N/A N/A,#N/A N/A,84000,#N/A N/A,#N/A N/A,#N/A N/A,#N/A N/A,#N/A N/A,33831.15,12206,29205.15,DEVON ENERGY CORP,663,44.05,6760,2271,21025
DVN US Equity 2022,4370,390,90000,#N/A N/A,#N/A N/A,#N/A N/A,#N/A N/A,#N/A N/A,#N/A N/A,#N/A N/A,#N/A N/A,#N/A N/A,#N/A N/A,90000,#N/A N/A,#N/A N/A,#N/A N/A,#N/A N/A,#N/A N/A,45559.03,19169,40166.03,DEVON ENERGY CORP,651,61.51,6718,1454,23721
DVN US Equity 2023,4370,370,97000,#N/A N/A,#N/A N/A,#N/A N/A,#N/A N/A,#N/A N/A,#N/A N/A,#N/A N/A,#N/A N/A,#N/A N/A,#N/A N/A,97000,#N/A N/A,#N/A N/A,#N/A N/A,#N/A N/A,#N/A N/A,34561.21,15258,28797.21,DEVON ENERGY CORP,639,45.3,6483,875,24490
DVN US Equity 2024,#N/A N/A,#N/A N/A,#N/A N/A,#N/A N/A,#N/A N/A,#N/A N/A,#N/A N/A,#N/A N/A,#N/A N/A,#N/A N/A,#N/A N/A,#N/A N/A,#N/A N/A,#N/A N/A,#N/A N/A,#N/A N/A,#N/A N/A,#N/A N/A,#N/A N/A,29915.411,15940,21297.411,DEVON ENERGY CORP,632,32.73,9256,846,30489
DR0 GR Equity 2018,#N/A N/A,#N/A N/A,#N/A N/A,#N/A N/A,#N/A N/A,#N/A N/A,#N/A N/A,#N/A N/A,#N/A N/A,#N/A N/A,#N/A N/A,#N/A N/A,#N/A N/A,#N/A N/A,#N/A N/A,#N/A N/A,#N/A N/A,#N/A N/A,#N/A N/A,106.6763,109.0524,71.0855,DEUTSCHE ROHSTOFF AG,5.0631,14.04,93.3846,65.8806,224.8446
DR0 GR Equity 2019,#N/A N/A,#N/A N/A,#N/A N/A,#N/A N/A,#N/A N/A,#N/A N/A,#N/A N/A,#N/A N/A,#N/A N/A,#N/A N/A,#N/A N/A,#N/A N/A,#N/A N/A,#N/A N/A,#N/A N/A,#N/A N/A,#N/A N/A,#N/A N/A,#N/A N/A,137.6955,41.2037,76.2262,DEUTSCHE ROHSTOFF AG,5.0817,15,139.1107,84.8259,278.925
DR0 GR Equity 2020,#N/A N/A,#N/A N/A,#N/A N/A,#N/A N/A,#N/A N/A,#N/A N/A,#N/A N/A,#N/A N/A,#N/A N/A,#N/A N/A,#N/A N/A,#N/A N/A,#N/A N/A,#N/A N/A,#N/A N/A,#N/A N/A,#N/A N/A,#N/A N/A,#N/A N/A,141.7165,38.7,43.1948,DEUTSCHE ROHSTOFF AG,5.0817,8.5,128.3814,36.0294,206.722
DR0 GR Equity 2021,#N/A N/A,#N/A N/A,#N/A N/A,#N/A N/A,#N/A N/A,#N/A N/A,#N/A N/A,#N/A N/A,#N/A N/A,#N/A N/A,#N/A N/A,#N/A N/A,#N/A N/A,#N/A N/A,#N/A N/A,#N/A N/A,#N/A N/A,#N/A N/A,#N/A N/A,190.7803,73.3214,103.1595,DEUTSCHE ROHSTOFF AG,5.0817,20.3,117.3916,37.1219,264.9908
DR0 GR Equity 2022,#N/A N/A,#N/A N/A,#N/A N/A,#N/A N/A,#N/A N/A,#N/A N/A,#N/A N/A,#N/A N/A,#N/A N/A,#N/A N/A,#N/A N/A,#N/A N/A,#N/A N/A,#N/A N/A,#N/A N/A,#N/A N/A,#N/A N/A,#N/A N/A,#N/A N/A,177.1319,165.4393,130.0801,DEUTSCHE ROHSTOFF AG,5.0031,26,109.8921,66.2437,350.3265
DR0 GR Equity 2023,#N/A N/A,#N/A N/A,#N/A N/A,#N/A N/A,#N/A N/A,#N/A N/A,#N/A N/A,#N/A N/A,#N/A N/A,#N/A N/A,#N/A N/A,#N/A N/A,#N/A N/A,#N/A N/A,#N/A N/A,#N/A N/A,#N/A N/A,#N/A N/A,#N/A N/A,240.3318,196.651,162.4265,DEUTSCHE ROHSTOFF AG,5.0054,32.45,161.3232,90.5273,493.7651
DR0 GR Equity 2024,#N/A N/A,#N/A N/A,#N/A N/A,#N/A N/A,#N/A N/A,#N/A N/A,#N/A N/A,#N/A N/A,#N/A N/A,#N/A N/A,#N/A N/A,#N/A N/A,#N/A N/A,#N/A N/A,#N/A N/A,#N/A N/A,#N/A N/A,#N/A N/A,#N/A N/A,311.7341,235.4252,157.1532,DEUTSCHE ROHSTOFF AG,4.8957,32.1,176.7322,28.4268,552.463
DLEKG IT Equity 2018,#N/A N/A,#N/A N/A,#N/A N/A,#N/A N/A,#N/A N/A,#N/A N/A,#N/A N/A,#N/A N/A,#N/A N/A,#N/A N/A,#N/A N/A,#N/A N/A,#N/A N/A,#N/A N/A,#N/A N/A,#N/A N/A,#N/A N/A,#N/A N/A,#N/A N/A,33917.2042,#N/A N/A,6423.2042,DELEK GROUP LTD,11.279,53600,22494,2305,127052
DLEKG IT Equity 2019,#N/A N/A,#N/A N/A,#N/A N/A,#N/A N/A,#N/A N/A,#N/A N/A,#N/A N/A,#N/A N/A,#N/A N/A,#N/A N/A,#N/A N/A,#N/A N/A,#N/A N/A,#N/A N/A,#N/A N/A,#N/A N/A,#N/A N/A,#N/A N/A,#N/A N/A,36132.1864,#N/A N/A,6290.1864,DELEK GROUP LTD,11.9836,52490,28701,2303,46963
DLEKG IT Equity 2020,#N/A N/A,#N/A N/A,#N/A N/A,#N/A N/A,#N/A N/A,#N/A N/A,#N/A N/A,#N/A N/A,#N/A N/A,#N/A N/A,#N/A N/A,#N/A N/A,#N/A N/A,#N/A N/A,#N/A N/A,#N/A N/A,#N/A N/A,#N/A N/A,#N/A N/A,22242.972,#N/A N/A,1715.972,DELEK GROUP LTD,13.271,10000,18324,961,34427
DLEKG IT Equity 2021,#N/A N/A,#N/A N/A,#N/A N/A,#N/A N/A,#N/A N/A,#N/A N/A,#N/A N/A,#N/A N/A,#N/A N/A,#N/A N/A,#N/A N/A,#N/A N/A,#N/A N/A,#N/A N/A,#N/A N/A,#N/A N/A,#N/A N/A,#N/A N/A,#N/A N/A,20371.1387,#N/A N/A,4665.1387,DELEK GROUP LTD,17.179,25510,14865,1743,31401
DLEKG IT Equity 2022,#N/A N/A,#N/A N/A,#N/A N/A,#N/A N/A,#N/A N/A,#N/A N/A,#N/A N/A,#N/A N/A,#N/A N/A,#N/A N/A,#N/A N/A,#N/A N/A,#N/A N/A,#N/A N/A,#N/A N/A,#N/A N/A,#N/A N/A,#N/A N/A,#N/A N/A,24580.1679,#N/A N/A,7106.1679,DELEK GROUP LTD,17.732,38700,16858,3706,43070
DLEKG IT Equity 2023,#N/A N/A,#N/A N/A,#N/A N/A,#N/A N/A,#N/A N/A,#N/A N/A,#N/A N/A,#N/A N/A,#N/A N/A,#N/A N/A,#N/A N/A,#N/A N/A,#N/A N/A,#N/A N/A,#N/A N/A,#N/A N/A,#N/A N/A,#N/A N/A,#N/A N/A,26199.8318,12330,8596.8318,DELEK GROUP LTD,18.226,46450,14508,2316,43841
DLEKG IT Equity 2024,#N/A N/A,#N/A N/A,#N/A N/A,#N/A N/A,#N/A N/A,#N/A N/A,#N/A N/A,#N/A N/A,#N/A N/A,#N/A N/A,#N/A N/A,#N/A N/A,#N/A N/A,#N/A N/A,#N/A N/A,#N/A N/A,#N/A N/A,#N/A N/A,#N/A N/A,29570.6742,11961,8716.6742,DELEK GROUP LTD,18.473,47500,15057,4018,52353
DANA UH Equity 2018,153.726,4.124,#N/A N/A,#N/A N/A,#N/A N/A,#N/A N/A,#N/A N/A,#N/A N/A,#N/A N/A,#N/A N/A,#N/A N/A,#N/A N/A,#N/A N/A,#N/A N/A,#N/A N/A,#N/A N/A,#N/A N/A,#N/A N/A,#N/A N/A,1830.6063,470,1823.6063,DANA GAS,6977,0.96,414,409,3167
DANA UH Equity 2019,456.233,5.37,#N/A N/A,#N/A N/A,#N/A N/A,#N/A N/A,#N/A N/A,#N/A N/A,#N/A N/A,#N/A N/A,#N/A N/A,#N/A N/A,#N/A N/A,#N/A N/A,#N/A N/A,#N/A N/A,#N/A N/A,#N/A N/A,#N/A N/A,1739.1324,459,1817.1324,DANA GAS,6983,0.959,456,536,3202
DANA UH Equity 2020,405.957,5.369,#N/A N/A,#N/A N/A,#N/A N/A,#N/A N/A,#N/A N/A,#N/A N/A,#N/A N/A,#N/A N/A,#N/A N/A,#N/A N/A,#N/A N/A,#N/A N/A,#N/A N/A,#N/A N/A,#N/A N/A,#N/A N/A,#N/A N/A,1311.6584,349,1352.6584,DANA GAS,6958,0.714,163,206,2422
DANA UH Equity 2021,364.775,4.322,#N/A N/A,#N/A N/A,#N/A N/A,#N/A N/A,#N/A N/A,#N/A N/A,#N/A N/A,#N/A N/A,#N/A N/A,#N/A N/A,#N/A N/A,#N/A N/A,#N/A N/A,#N/A N/A,#N/A N/A,#N/A N/A,#N/A N/A,1913.8116,452,2018.8116,DANA GAS,6995.4,1.06,199,304,2627
DANA UH Equity 2022,335.452,4.584,#N/A N/A,#N/A N/A,#N/A N/A,#N/A N/A,#N/A N/A,#N/A N/A,#N/A N/A,#N/A N/A,#N/A N/A,#N/A N/A,#N/A N/A,#N/A N/A,#N/A N/A,#N/A N/A,#N/A N/A,#N/A N/A,#N/A N/A,1723.3669,529,1752.3669,DANA GAS,6995,0.92,216,245,2669
DANA UH Equity 2023,311.058,4.319,#N/A N/A,#N/A N/A,#N/A N/A,#N/A N/A,#N/A N/A,#N/A N/A,#N/A N/A,#N/A N/A,#N/A N/A,#N/A N/A,#N/A N/A,#N/A N/A,#N/A N/A,#N/A N/A,#N/A N/A,#N/A N/A,#N/A N/A,1535.4774,423,1508.4774,DANA GAS,6995,0.792,252,225,2796
DANA UH Equity 2024,270.014,3.254,#N/A N/A,#N/A N/A,#N/A N/A,#N/A N/A,#N/A N/A,#N/A N/A,#N/A N/A,#N/A N/A,#N/A N/A,#N/A N/A,#N/A N/A,#N/A N/A,#N/A N/A,#N/A N/A,#N/A N/A,#N/A N/A,#N/A N/A,1200.7004,445,1342.7004,DANA GAS,6995,0.705,255,397,2948
DNEX MK Equity 2018,#N/A N/A,#N/A N/A,#N/A N/A,#N/A N/A,#N/A N/A,#N/A N/A,#N/A N/A,#N/A N/A,#N/A N/A,#N/A N/A,#N/A N/A,#N/A N/A,#N/A N/A,#N/A N/A,#N/A N/A,#N/A N/A,#N/A N/A,#N/A N/A,#N/A N/A,399.8391,293.452,404.3481,DAGANG NEXCHANGE BHD,1757.326,0.23,47.575,38.998,628.068
DNEX MK Equity 2019,#N/A N/A,#N/A N/A,#N/A N/A,#N/A N/A,#N/A N/A,#N/A N/A,#N/A N/A,#N/A N/A,#N/A N/A,#N/A N/A,#N/A N/A,#N/A N/A,#N/A N/A,#N/A N/A,#N/A N/A,#N/A N/A,#N/A N/A,#N/A N/A,#N/A N/A,479.1989,#N/A N/A,465.8939,DAGANG NEXCHANGE BHD,1758.041,0.265,72.096,54.399,629.037
DNEX MK Equity 2020,#N/A N/A,#N/A N/A,#N/A N/A,#N/A N/A,#N/A N/A,#N/A N/A,#N/A N/A,#N/A N/A,#N/A N/A,#N/A N/A,#N/A N/A,#N/A N/A,#N/A N/A,#N/A N/A,#N/A N/A,#N/A N/A,#N/A N/A,#N/A N/A,#N/A N/A,#N/A N/A,#N/A N/A,#N/A N/A,DAGANG NEXCHANGE BHD,#N/A N/A,#N/A N/A,#N/A N/A,#N/A N/A,#N/A N/A
DNEX MK Equity 2021,#N/A N/A,#N/A N/A,#N/A N/A,#N/A N/A,#N/A N/A,#N/A N/A,#N/A N/A,#N/A N/A,#N/A N/A,#N/A N/A,#N/A N/A,#N/A N/A,#N/A N/A,#N/A N/A,#N/A N/A,#N/A N/A,#N/A N/A,#N/A N/A,#N/A N/A,1770.8849,#N/A N/A,1920.9029,DAGANG NEXCHANGE BHD,1921.47,0.705,87.111,267.68,2179.748
DNEX MK Equity 2022,#N/A N/A,#N/A N/A,#N/A N/A,#N/A N/A,#N/A N/A,#N/A N/A,#N/A N/A,#N/A N/A,#N/A N/A,#N/A N/A,#N/A N/A,#N/A N/A,#N/A N/A,#N/A N/A,#N/A N/A,#N/A N/A,#N/A N/A,#N/A N/A,#N/A N/A,2533.1477,#N/A N/A,2493.4407,DAGANG NEXCHANGE BHD,3106.87,0.79,320.112,754.524,4625.63
DNEX MK Equity 2023,#N/A N/A,#N/A N/A,#N/A N/A,#N/A N/A,#N/A N/A,#N/A N/A,#N/A N/A,#N/A N/A,#N/A N/A,#N/A N/A,#N/A N/A,#N/A N/A,#N/A N/A,#N/A N/A,#N/A N/A,#N/A N/A,#N/A N/A,#N/A N/A,#N/A N/A,1555.5916,#N/A N/A,1262.5316,DAGANG NEXCHANGE BHD,3156.331,0.4,300.439,411.041,4641.889
DNEX MK Equity 2024,#N/A N/A,#N/A N/A,#N/A N/A,#N/A N/A,#N/A N/A,#N/A N/A,#N/A N/A,#N/A N/A,#N/A N/A,#N/A N/A,#N/A N/A,#N/A N/A,#N/A N/A,#N/A N/A,#N/A N/A,#N/A N/A,#N/A N/A,#N/A N/A,#N/A N/A,1677.9952,#N/A N/A,1370.9732,DAGANG NEXCHANGE BHD,3343.837,0.41,134.873,231.974,4301.163
