WHC AU Equity 2018,1343,98,#N/A N/A,#N/A N/A,#N/A N/A,#N/A N/A,#N/A N/A,#N/A N/A,#N/A N/A,#N/A N/A,#N/A N/A,#N/A N/A,#N/A N/A,#N/A N/A,#N/A N/A,#N/A N/A,#N/A N/A,#N/A N/A,#N/A N/A,6406.8622,2257.4,5930.5452,WHITEHAVEN COAL LTD,988.359,5.78,588.094,111.777,4625.916
WHC AU Equity 2019,1515,106,#N/A N/A,#N/A N/A,#N/A N/A,#N/A N/A,#N/A N/A,#N/A N/A,#N/A N/A,#N/A N/A,#N/A N/A,#N/A N/A,#N/A N/A,#N/A N/A,#N/A N/A,#N/A N/A,#N/A N/A,#N/A N/A,#N/A N/A,4051.0499,2487.944,3755.3279,WHITEHAVEN COAL LTD,987.546,3.66,415.257,119.535,4845.132
WHC AU Equity 2020,1487,106,#N/A N/A,#N/A N/A,#N/A N/A,#N/A N/A,#N/A N/A,#N/A N/A,#N/A N/A,#N/A N/A,#N/A N/A,#N/A N/A,#N/A N/A,#N/A N/A,#N/A N/A,#N/A N/A,#N/A N/A,#N/A N/A,#N/A N/A,2385.0466,1721.609,1467.2456,WHITEHAVEN COAL LTD,990.135,1.43,1024.561,106.76,5212.037
WHC AU Equity 2021,816,105,#N/A N/A,#N/A N/A,#N/A N/A,#N/A N/A,#N/A N/A,#N/A N/A,#N/A N/A,#N/A N/A,#N/A N/A,#N/A N/A,#N/A N/A,#N/A N/A,#N/A N/A,#N/A N/A,#N/A N/A,#N/A N/A,#N/A N/A,2900.8408,1556.976,2003.3298,WHITEHAVEN COAL LTD,996.545,1.94,992.713,95.202,4392.866
WHC AU Equity 2022,910,102,#N/A N/A,#N/A N/A,#N/A N/A,#N/A N/A,#N/A N/A,#N/A N/A,#N/A N/A,#N/A N/A,#N/A N/A,#N/A N/A,#N/A N/A,#N/A N/A,#N/A N/A,#N/A N/A,#N/A N/A,#N/A N/A,#N/A N/A,3657.5918,4920.102,4628.3548,WHITEHAVEN COAL LTD,987.804,4.84,244.697,1215.46,6124.533
WHC AU Equity 2023,1172,93,#N/A N/A,#N/A N/A,#N/A N/A,#N/A N/A,#N/A N/A,#N/A N/A,#N/A N/A,#N/A N/A,#N/A N/A,#N/A N/A,#N/A N/A,#N/A N/A,#N/A N/A,#N/A N/A,#N/A N/A,#N/A N/A,#N/A N/A,3026.5913,6064.7,5613.5913,WHITEHAVEN COAL LTD,867.203,6.71,189,2776,7511
WHC AU Equity 2024,1228,138,#N/A N/A,#N/A N/A,#N/A N/A,#N/A N/A,#N/A N/A,#N/A N/A,#N/A N/A,#N/A N/A,#N/A N/A,#N/A N/A,#N/A N/A,#N/A N/A,#N/A N/A,#N/A N/A,#N/A N/A,#N/A N/A,#N/A N/A,7885.996,3824,6399.996,WHITEHAVEN COAL LTD,798.202,7.65,1891,405,12676
WEC AU Equity 2018,#N/A N/A,#N/A N/A,#N/A N/A,#N/A N/A,#N/A N/A,#N/A N/A,#N/A N/A,#N/A N/A,#N/A N/A,#N/A N/A,#N/A N/A,#N/A N/A,#N/A N/A,#N/A N/A,#N/A N/A,#N/A N/A,#N/A N/A,#N/A N/A,#N/A N/A,-41.2476,#N/A N/A,10.8364,WHITE ENERGY CO LTD,11.7492,0.9223,0,0.852,46.396
WEC AU Equity 2019,#N/A N/A,#N/A N/A,#N/A N/A,#N/A N/A,#N/A N/A,#N/A N/A,#N/A N/A,#N/A N/A,#N/A N/A,#N/A N/A,#N/A N/A,#N/A N/A,#N/A N/A,#N/A N/A,#N/A N/A,#N/A N/A,#N/A N/A,#N/A N/A,#N/A N/A,-10.429,#N/A N/A,56.795,WHITE ENERGY CO LTD,15.3324,3.1389,0,4.414,40.363
WEC AU Equity 2020,#N/A N/A,#N/A N/A,#N/A N/A,#N/A N/A,#N/A N/A,#N/A N/A,#N/A N/A,#N/A N/A,#N/A N/A,#N/A N/A,#N/A N/A,#N/A N/A,#N/A N/A,#N/A N/A,#N/A N/A,#N/A N/A,#N/A N/A,#N/A N/A,#N/A N/A,5.6397,#N/A N/A,85.1927,WHITE ENERGY CO LTD,19.3403,3.2215,0.055,9.989,44.731
WEC AU Equity 2021,#N/A N/A,#N/A N/A,#N/A N/A,#N/A N/A,#N/A N/A,#N/A N/A,#N/A N/A,#N/A N/A,#N/A N/A,#N/A N/A,#N/A N/A,#N/A N/A,#N/A N/A,#N/A N/A,#N/A N/A,#N/A N/A,#N/A N/A,#N/A N/A,#N/A N/A,68.5312,#N/A N/A,100.6822,WHITE ENERGY CO LTD,26.4454,3.8072,0.148,2.223,17.057
WEC AU Equity 2022,#N/A N/A,#N/A N/A,#N/A N/A,#N/A N/A,#N/A N/A,#N/A N/A,#N/A N/A,#N/A N/A,#N/A N/A,#N/A N/A,#N/A N/A,#N/A N/A,#N/A N/A,#N/A N/A,#N/A N/A,#N/A N/A,#N/A N/A,#N/A N/A,#N/A N/A,-27.8642,#N/A N/A,7.7448,WHITE ENERGY CO LTD,26.4454,0.2929,0.166,0.434,11.705
WEC AU Equity 2023,#N/A N/A,#N/A N/A,#N/A N/A,#N/A N/A,#N/A N/A,#N/A N/A,#N/A N/A,#N/A N/A,#N/A N/A,#N/A N/A,#N/A N/A,#N/A N/A,#N/A N/A,#N/A N/A,#N/A N/A,#N/A N/A,#N/A N/A,#N/A N/A,#N/A N/A,-35.9537,#N/A N/A,3.6993,WHITE ENERGY CO LTD,40.2921,0.081,0.027,0.772,10.2
WEC AU Equity 2024,#N/A N/A,#N/A N/A,#N/A N/A,#N/A N/A,#N/A N/A,#N/A N/A,#N/A N/A,#N/A N/A,#N/A N/A,#N/A N/A,#N/A N/A,#N/A N/A,#N/A N/A,#N/A N/A,#N/A N/A,#N/A N/A,#N/A N/A,#N/A N/A,#N/A N/A,-34.9206,#N/A N/A,6.9644,WHITE ENERGY CO LTD,97.2748,0.035,0.269,3.645,13.267
WHAUP TB Equity 2018,#N/A N/A,#N/A N/A,#N/A N/A,#N/A N/A,#N/A N/A,#N/A N/A,#N/A N/A,#N/A N/A,#N/A N/A,#N/A N/A,#N/A N/A,#N/A N/A,#N/A N/A,#N/A N/A,#N/A N/A,#N/A N/A,#N/A N/A,#N/A N/A,#N/A N/A,29363.2649,1708.285,21228.75,WHA UTILITIES AND POWER PCL,3825,5.55,8987.9771,853.4623,23773.2658
WHAUP TB Equity 2019,0.089,15.73,#N/A N/A,#N/A N/A,#N/A N/A,#N/A N/A,#N/A N/A,#N/A N/A,#N/A N/A,#N/A N/A,#N/A N/A,#N/A N/A,#N/A N/A,#N/A N/A,#N/A N/A,#N/A N/A,#N/A N/A,#N/A N/A,#N/A N/A,31848.375,1857.2478,20846.25,WHA UTILITIES AND POWER PCL,3825,5.45,11756.7162,754.5913,26418.7174
WHAUP TB Equity 2020,0.56,13.554,#N/A N/A,#N/A N/A,#N/A N/A,#N/A N/A,#N/A N/A,#N/A N/A,#N/A N/A,#N/A N/A,#N/A N/A,#N/A N/A,#N/A N/A,#N/A N/A,#N/A N/A,#N/A N/A,#N/A N/A,#N/A N/A,#N/A N/A,27146.9959,1696.1675,16065,WHA UTILITIES AND POWER PCL,3825,4.2,12866.1505,1784.1547,26171.6145
WHAUP TB Equity 2021,0.274,13.458,2166.41,#N/A N/A,#N/A N/A,#N/A N/A,#N/A N/A,#N/A N/A,#N/A N/A,#N/A N/A,#N/A N/A,#N/A N/A,#N/A N/A,#N/A N/A,#N/A N/A,#N/A N/A,#N/A N/A,#N/A N/A,#N/A N/A,27092.5424,2180.8195,15606,WHA UTILITIES AND POWER PCL,3825,4.08,12391.0545,904.5122,25838.8149
WHAUP TB Equity 2022,0.356,12.083,2086.92,#N/A N/A,#N/A N/A,#N/A N/A,#N/A N/A,#N/A N/A,#N/A N/A,#N/A N/A,#N/A N/A,#N/A N/A,#N/A N/A,#N/A N/A,#N/A N/A,#N/A N/A,#N/A N/A,#N/A N/A,#N/A N/A,28886.7646,2442.969,15682.5,WHA UTILITIES AND POWER PCL,3825,4.1,13925.4682,721.2037,27645.393
WHAUP TB Equity 2023,0.415,12.944,2162.54,#N/A N/A,#N/A N/A,#N/A N/A,#N/A N/A,#N/A N/A,#N/A N/A,#N/A N/A,#N/A N/A,#N/A N/A,#N/A N/A,#N/A N/A,#N/A N/A,#N/A N/A,#N/A N/A,#N/A N/A,#N/A N/A,28483.1838,2781.6473,15070.5,WHA UTILITIES AND POWER PCL,3825,3.94,14708.0526,1295.3689,29817.1057
WHAUP TB Equity 2024,0.477,16.185,2153.9,#N/A N/A,#N/A N/A,#N/A N/A,#N/A N/A,#N/A N/A,#N/A N/A,#N/A N/A,#N/A N/A,#N/A N/A,#N/A N/A,#N/A N/A,#N/A N/A,#N/A N/A,#N/A N/A,#N/A N/A,#N/A N/A,30358.1148,2925.6002,18436.5,WHA UTILITIES AND POWER PCL,3825,4.82,13519.6708,1598.0561,31246.7626
WTE CN Equity 2018,#N/A N/A,#N/A N/A,#N/A N/A,#N/A N/A,#N/A N/A,#N/A N/A,#N/A N/A,#N/A N/A,#N/A N/A,#N/A N/A,#N/A N/A,#N/A N/A,#N/A N/A,#N/A N/A,#N/A N/A,#N/A N/A,#N/A N/A,#N/A N/A,#N/A N/A,1625.8478,363.369,1384.8238,WESTSHORE TERMINALS INVESTME,69.2063,20.58,291.072,50.048,1128.82
WTE CN Equity 2019,#N/A N/A,#N/A N/A,#N/A N/A,#N/A N/A,#N/A N/A,#N/A N/A,#N/A N/A,#N/A N/A,#N/A N/A,#N/A N/A,#N/A N/A,#N/A N/A,#N/A N/A,#N/A N/A,#N/A N/A,#N/A N/A,#N/A N/A,#N/A N/A,#N/A N/A,1416.3906,395.422,1259.6796,WESTSHORE TERMINALS INVESTME,66.7243,18.95,288.569,131.858,1207.307
WTE CN Equity 2020,#N/A N/A,#N/A N/A,#N/A N/A,#N/A N/A,#N/A N/A,#N/A N/A,#N/A N/A,#N/A N/A,#N/A N/A,#N/A N/A,#N/A N/A,#N/A N/A,#N/A N/A,#N/A N/A,#N/A N/A,#N/A N/A,#N/A N/A,#N/A N/A,#N/A N/A,1072.829,368.41,988.274,WESTSHORE TERMINALS INVESTME,64.6736,15.59,285.987,201.432,1251.4
WTE CN Equity 2021,#N/A N/A,#N/A N/A,#N/A N/A,#N/A N/A,#N/A N/A,#N/A N/A,#N/A N/A,#N/A N/A,#N/A N/A,#N/A N/A,#N/A N/A,#N/A N/A,#N/A N/A,#N/A N/A,#N/A N/A,#N/A N/A,#N/A N/A,#N/A N/A,#N/A N/A,1736.4071,340.471,1696.5751,WESTSHORE TERMINALS INVESTME,63.2612,26.82,283.323,243.491,1296.852
WTE CN Equity 2022,#N/A N/A,#N/A N/A,#N/A N/A,#N/A N/A,#N/A N/A,#N/A N/A,#N/A N/A,#N/A N/A,#N/A N/A,#N/A N/A,#N/A N/A,#N/A N/A,#N/A N/A,#N/A N/A,#N/A N/A,#N/A N/A,#N/A N/A,#N/A N/A,#N/A N/A,1534.7718,291.96,1409.2648,WESTSHORE TERMINALS INVESTME,63.2322,22.43,280.575,155.068,1258.799
WTE CN Equity 2023,#N/A N/A,#N/A N/A,#N/A N/A,#N/A N/A,#N/A N/A,#N/A N/A,#N/A N/A,#N/A N/A,#N/A N/A,#N/A N/A,#N/A N/A,#N/A N/A,#N/A N/A,#N/A N/A,#N/A N/A,#N/A N/A,#N/A N/A,#N/A N/A,#N/A N/A,1827.2954,380.995,1714.1524,WESTSHORE TERMINALS INVESTME,62.5363,27.42,277.89,164.747,1394.639
WTE CN Equity 2024,#N/A N/A,#N/A N/A,#N/A N/A,#N/A N/A,#N/A N/A,#N/A N/A,#N/A N/A,#N/A N/A,#N/A N/A,#N/A N/A,#N/A N/A,#N/A N/A,#N/A N/A,#N/A N/A,#N/A N/A,#N/A N/A,#N/A N/A,#N/A N/A,#N/A N/A,1696.4938,404.729,1391.6728,WESTSHORE TERMINALS INVESTME,62.0824,22.53,441.414,136.593,1850.531
WEC2 US Equity 2018,#N/A N/A,#N/A N/A,#N/A N/A,#N/A N/A,#N/A N/A,#N/A N/A,#N/A N/A,#N/A N/A,#N/A N/A,#N/A N/A,#N/A N/A,#N/A N/A,#N/A N/A,#N/A N/A,#N/A N/A,#N/A N/A,#N/A N/A,#N/A N/A,#N/A N/A,#N/A N/A,#N/A N/A,#N/A N/A,WISCONSIN ELECTRIC POWER CO,33.2893,#N/A N/A,5701.6,20.2,13538.3
WEC2 US Equity 2019,#N/A N/A,#N/A N/A,#N/A N/A,#N/A N/A,#N/A N/A,#N/A N/A,#N/A N/A,#N/A N/A,#N/A N/A,#N/A N/A,#N/A N/A,#N/A N/A,#N/A N/A,#N/A N/A,#N/A N/A,#N/A N/A,#N/A N/A,#N/A N/A,#N/A N/A,#N/A N/A,#N/A N/A,#N/A N/A,WISCONSIN ELECTRIC POWER CO,33.2893,#N/A N/A,5726.2,19.1,13360.8
WEC2 US Equity 2020,#N/A N/A,#N/A N/A,#N/A N/A,#N/A N/A,#N/A N/A,#N/A N/A,#N/A N/A,#N/A N/A,#N/A N/A,#N/A N/A,#N/A N/A,#N/A N/A,#N/A N/A,#N/A N/A,#N/A N/A,#N/A N/A,#N/A N/A,#N/A N/A,#N/A N/A,#N/A N/A,#N/A N/A,#N/A N/A,WISCONSIN ELECTRIC POWER CO,33.2893,#N/A N/A,5902.8,7.2,13605.2
WEC2 US Equity 2021,#N/A N/A,#N/A N/A,#N/A N/A,#N/A N/A,#N/A N/A,#N/A N/A,#N/A N/A,#N/A N/A,#N/A N/A,#N/A N/A,#N/A N/A,#N/A N/A,#N/A N/A,#N/A N/A,#N/A N/A,#N/A N/A,#N/A N/A,#N/A N/A,#N/A N/A,#N/A N/A,#N/A N/A,#N/A N/A,WISCONSIN ELECTRIC POWER CO,33.2893,#N/A N/A,6082.7,0,14144.5
WEC2 US Equity 2022,#N/A N/A,#N/A N/A,#N/A N/A,#N/A N/A,#N/A N/A,#N/A N/A,#N/A N/A,#N/A N/A,#N/A N/A,#N/A N/A,#N/A N/A,#N/A N/A,#N/A N/A,#N/A N/A,#N/A N/A,#N/A N/A,#N/A N/A,#N/A N/A,#N/A N/A,#N/A N/A,#N/A N/A,#N/A N/A,WISCONSIN ELECTRIC POWER CO,33.2893,#N/A N/A,6644.1,6.1,15020.2
WEC2 US Equity 2023,#N/A N/A,#N/A N/A,#N/A N/A,#N/A N/A,#N/A N/A,#N/A N/A,#N/A N/A,#N/A N/A,#N/A N/A,#N/A N/A,#N/A N/A,#N/A N/A,#N/A N/A,#N/A N/A,#N/A N/A,#N/A N/A,#N/A N/A,#N/A N/A,#N/A N/A,#N/A N/A,#N/A N/A,#N/A N/A,WISCONSIN ELECTRIC POWER CO,33.2893,#N/A N/A,6565.4,6.1,15841.4
WEC2 US Equity 2024,#N/A N/A,#N/A N/A,#N/A N/A,#N/A N/A,#N/A N/A,#N/A N/A,#N/A N/A,#N/A N/A,#N/A N/A,#N/A N/A,#N/A N/A,#N/A N/A,#N/A N/A,#N/A N/A,#N/A N/A,#N/A N/A,#N/A N/A,#N/A N/A,#N/A N/A,#N/A N/A,#N/A N/A,#N/A N/A,WISCONSIN ELECTRIC POWER CO,33.2893,#N/A N/A,7021.6,0.4,17199.6
WEC US Equity 2018,27029,75,32087,#N/A N/A,#N/A N/A,3138,#N/A N/A,#N/A N/A,#N/A N/A,#N/A N/A,#N/A N/A,#N/A N/A,#N/A N/A,28949,#N/A N/A,#N/A N/A,#N/A N/A,#N/A N/A,#N/A N/A,33621.5363,7679.5,21853.1363,WEC ENERGY GROUP INC,315.5,69.26,11799.1,84.5,33475.8
WEC US Equity 2019,22067,110,33171.898,#N/A N/A,#N/A N/A,3886,232,#N/A N/A,2.9,#N/A N/A,#N/A N/A,#N/A N/A,#N/A N/A,29051,#N/A N/A,#N/A N/A,#N/A N/A,#N/A N/A,#N/A N/A,41972.6268,7523.1,29092.5268,WEC ENERGY GROUP INC,315.4,92.23,12776.4,37.5,34951.8
WEC US Equity 2020,20192.199,74,29600.301,#N/A N/A,#N/A N/A,2766,201,#N/A N/A,1.3,#N/A N/A,#N/A N/A,#N/A N/A,#N/A N/A,26632,#N/A N/A,#N/A N/A,#N/A N/A,#N/A N/A,#N/A N/A,43524.0399,7241.7,29029.4399,WEC ENERGY GROUP INC,315.4,92.03,14326.6,24.8,37028.1
WEC US Equity 2021,21676,82,25137.199,348,#N/A N/A,6435,605,#N/A N/A,1.206,#N/A N/A,#N/A N/A,#N/A N/A,#N/A N/A,17299,#N/A N/A,#N/A N/A,#N/A N/A,449,#N/A N/A,46425.9299,8316,30619.2299,WEC ENERGY GROUP INC,315.4,97.07,15622.9,16.3,38988.5
WEC US Equity 2022,18980.5,251.196,28348,336,#N/A N/A,6125,659,#N/A N/A,#N/A N/A,#N/A N/A,#N/A N/A,#N/A N/A,#N/A N/A,20790,#N/A N/A,#N/A N/A,#N/A N/A,438,#N/A N/A,47109.8416,9597.4,29575.1416,WEC ENERGY GROUP INC,315.4,93.76,17323.9,28.9,41872.1
WEC US Equity 2023,19449,220,25739,323,#N/A N/A,6096,645,#N/A N/A,#N/A N/A,#N/A N/A,#N/A N/A,#N/A N/A,#N/A N/A,18245,#N/A N/A,#N/A N/A,#N/A N/A,430,#N/A N/A,45695.9245,8893,26550.1245,WEC ENERGY GROUP INC,315.4,84.17,18841.4,42.9,43939.7
WEC US Equity 2024,#N/A N/A,#N/A N/A,#N/A N/A,#N/A N/A,#N/A N/A,#N/A N/A,#N/A N/A,#N/A N/A,#N/A N/A,#N/A N/A,#N/A N/A,#N/A N/A,#N/A N/A,#N/A N/A,#N/A N/A,#N/A N/A,#N/A N/A,#N/A N/A,#N/A N/A,50640.6076,8599.9,29874.7076,WEC ENERGY GROUP INC,316.2,94.04,20368.8,9.8,47363.2
WSL SJ Equity 2018,#N/A N/A,#N/A N/A,#N/A N/A,#N/A N/A,#N/A N/A,#N/A N/A,#N/A N/A,#N/A N/A,#N/A N/A,#N/A N/A,#N/A N/A,#N/A N/A,#N/A N/A,#N/A N/A,#N/A N/A,#N/A N/A,#N/A N/A,#N/A N/A,#N/A N/A,1163.393,#N/A N/A,#N/A N/A,WESCOAL HOLDINGS LTD,#N/A N/A,167,515.158,93.087,3000.199
WSL SJ Equity 2019,#N/A N/A,#N/A N/A,#N/A N/A,#N/A N/A,#N/A N/A,#N/A N/A,#N/A N/A,#N/A N/A,#N/A N/A,#N/A N/A,#N/A N/A,#N/A N/A,#N/A N/A,#N/A N/A,#N/A N/A,#N/A N/A,#N/A N/A,#N/A N/A,#N/A N/A,1100.8956,#N/A N/A,#N/A N/A,WESCOAL HOLDINGS LTD,#N/A N/A,144,581.44,116.296,3352.072
WSL SJ Equity 2020,#N/A N/A,#N/A N/A,#N/A N/A,#N/A N/A,#N/A N/A,#N/A N/A,#N/A N/A,#N/A N/A,#N/A N/A,#N/A N/A,#N/A N/A,#N/A N/A,#N/A N/A,#N/A N/A,#N/A N/A,#N/A N/A,#N/A N/A,#N/A N/A,#N/A N/A,1724.0402,#N/A N/A,#N/A N/A,WESCOAL HOLDINGS LTD,#N/A N/A,120,1264.927,44.787,3961.45
WSL SJ Equity 2021,#N/A N/A,#N/A N/A,#N/A N/A,#N/A N/A,#N/A N/A,#N/A N/A,#N/A N/A,#N/A N/A,#N/A N/A,#N/A N/A,#N/A N/A,#N/A N/A,#N/A N/A,#N/A N/A,#N/A N/A,#N/A N/A,#N/A N/A,#N/A N/A,#N/A N/A,1525.3052,#N/A N/A,#N/A N/A,WESCOAL HOLDINGS LTD,#N/A N/A,120,1259.97,238.565,4038.547
WSL SJ Equity 2022,#N/A N/A,#N/A N/A,#N/A N/A,#N/A N/A,#N/A N/A,#N/A N/A,#N/A N/A,#N/A N/A,#N/A N/A,#N/A N/A,#N/A N/A,#N/A N/A,#N/A N/A,#N/A N/A,#N/A N/A,#N/A N/A,#N/A N/A,#N/A N/A,#N/A N/A,1470.7456,#N/A N/A,#N/A N/A,WESCOAL HOLDINGS LTD,#N/A N/A,182,977.351,270.854,4431.015
WSL SJ Equity 2023,#N/A N/A,#N/A N/A,#N/A N/A,#N/A N/A,#N/A N/A,#N/A N/A,#N/A N/A,#N/A N/A,#N/A N/A,#N/A N/A,#N/A N/A,#N/A N/A,#N/A N/A,#N/A N/A,#N/A N/A,#N/A N/A,#N/A N/A,#N/A N/A,#N/A N/A,1081.6732,#N/A N/A,#N/A N/A,WESCOAL HOLDINGS LTD,#N/A N/A,126,576.656,24.078,4569.781
WSL SJ Equity 2024,#N/A N/A,#N/A N/A,#N/A N/A,#N/A N/A,#N/A N/A,#N/A N/A,#N/A N/A,#N/A N/A,#N/A N/A,#N/A N/A,#N/A N/A,#N/A N/A,#N/A N/A,#N/A N/A,#N/A N/A,#N/A N/A,#N/A N/A,#N/A N/A,#N/A N/A,#N/A N/A,#N/A N/A,#N/A N/A,WESCOAL HOLDINGS LTD,#N/A N/A,#N/A N/A,#N/A N/A,#N/A N/A,#N/A N/A
WYAYDZ CH Equity 2018,#N/A N/A,#N/A N/A,#N/A N/A,#N/A N/A,#N/A N/A,#N/A N/A,#N/A N/A,#N/A N/A,#N/A N/A,#N/A N/A,#N/A N/A,#N/A N/A,#N/A N/A,#N/A N/A,#N/A N/A,#N/A N/A,#N/A N/A,#N/A N/A,#N/A N/A,#N/A N/A,#N/A N/A,#N/A N/A,GUONENG HEBEI HENGFENG POWER,#N/A N/A,#N/A N/A,#N/A N/A,#N/A N/A,#N/A N/A
WYAYDZ CH Equity 2019,#N/A N/A,#N/A N/A,#N/A N/A,#N/A N/A,#N/A N/A,#N/A N/A,#N/A N/A,#N/A N/A,#N/A N/A,#N/A N/A,#N/A N/A,#N/A N/A,#N/A N/A,#N/A N/A,#N/A N/A,#N/A N/A,#N/A N/A,#N/A N/A,#N/A N/A,#N/A N/A,#N/A N/A,#N/A N/A,GUONENG HEBEI HENGFENG POWER,#N/A N/A,#N/A N/A,#N/A N/A,#N/A N/A,#N/A N/A
WYAYDZ CH Equity 2020,#N/A N/A,#N/A N/A,#N/A N/A,#N/A N/A,#N/A N/A,#N/A N/A,#N/A N/A,#N/A N/A,#N/A N/A,#N/A N/A,#N/A N/A,#N/A N/A,#N/A N/A,#N/A N/A,#N/A N/A,#N/A N/A,#N/A N/A,#N/A N/A,#N/A N/A,#N/A N/A,#N/A N/A,#N/A N/A,GUONENG HEBEI HENGFENG POWER,#N/A N/A,#N/A N/A,#N/A N/A,#N/A N/A,#N/A N/A
WYAYDZ CH Equity 2021,#N/A N/A,#N/A N/A,#N/A N/A,#N/A N/A,#N/A N/A,#N/A N/A,#N/A N/A,#N/A N/A,#N/A N/A,#N/A N/A,#N/A N/A,#N/A N/A,#N/A N/A,#N/A N/A,#N/A N/A,#N/A N/A,#N/A N/A,#N/A N/A,#N/A N/A,#N/A N/A,#N/A N/A,#N/A N/A,GUONENG HEBEI HENGFENG POWER,#N/A N/A,#N/A N/A,#N/A N/A,#N/A N/A,#N/A N/A
WYAYDZ CH Equity 2022,#N/A N/A,#N/A N/A,#N/A N/A,#N/A N/A,#N/A N/A,#N/A N/A,#N/A N/A,#N/A N/A,#N/A N/A,#N/A N/A,#N/A N/A,#N/A N/A,#N/A N/A,#N/A N/A,#N/A N/A,#N/A N/A,#N/A N/A,#N/A N/A,#N/A N/A,#N/A N/A,#N/A N/A,#N/A N/A,GUONENG HEBEI HENGFENG POWER,#N/A N/A,#N/A N/A,#N/A N/A,#N/A N/A,#N/A N/A
WYAYDZ CH Equity 2023,#N/A N/A,#N/A N/A,#N/A N/A,#N/A N/A,#N/A N/A,#N/A N/A,#N/A N/A,#N/A N/A,#N/A N/A,#N/A N/A,#N/A N/A,#N/A N/A,#N/A N/A,#N/A N/A,#N/A N/A,#N/A N/A,#N/A N/A,#N/A N/A,#N/A N/A,#N/A N/A,#N/A N/A,#N/A N/A,GUONENG HEBEI HENGFENG POWER,#N/A N/A,#N/A N/A,#N/A N/A,#N/A N/A,#N/A N/A
WYAYDZ CH Equity 2024,#N/A N/A,#N/A N/A,#N/A N/A,#N/A N/A,#N/A N/A,#N/A N/A,#N/A N/A,#N/A N/A,#N/A N/A,#N/A N/A,#N/A N/A,#N/A N/A,#N/A N/A,#N/A N/A,#N/A N/A,#N/A N/A,#N/A N/A,#N/A N/A,#N/A N/A,#N/A N/A,#N/A N/A,#N/A N/A,GUONENG HEBEI HENGFENG POWER,#N/A N/A,#N/A N/A,#N/A N/A,#N/A N/A,#N/A N/A
WYAYZZ CH Equity 2018,#N/A N/A,#N/A N/A,#N/A N/A,#N/A N/A,#N/A N/A,#N/A N/A,#N/A N/A,#N/A N/A,#N/A N/A,#N/A N/A,#N/A N/A,#N/A N/A,#N/A N/A,#N/A N/A,#N/A N/A,#N/A N/A,#N/A N/A,#N/A N/A,#N/A N/A,#N/A N/A,#N/A N/A,#N/A N/A,GUIZHOU DAFANG POWER GENERA,#N/A N/A,#N/A N/A,#N/A N/A,#N/A N/A,#N/A N/A
WYAYZZ CH Equity 2019,#N/A N/A,#N/A N/A,#N/A N/A,#N/A N/A,#N/A N/A,#N/A N/A,#N/A N/A,#N/A N/A,#N/A N/A,#N/A N/A,#N/A N/A,#N/A N/A,#N/A N/A,#N/A N/A,#N/A N/A,#N/A N/A,#N/A N/A,#N/A N/A,#N/A N/A,#N/A N/A,#N/A N/A,#N/A N/A,GUIZHOU DAFANG POWER GENERA,#N/A N/A,#N/A N/A,#N/A N/A,#N/A N/A,#N/A N/A
WYAYZZ CH Equity 2020,#N/A N/A,#N/A N/A,#N/A N/A,#N/A N/A,#N/A N/A,#N/A N/A,#N/A N/A,#N/A N/A,#N/A N/A,#N/A N/A,#N/A N/A,#N/A N/A,#N/A N/A,#N/A N/A,#N/A N/A,#N/A N/A,#N/A N/A,#N/A N/A,#N/A N/A,#N/A N/A,#N/A N/A,#N/A N/A,GUIZHOU DAFANG POWER GENERA,#N/A N/A,#N/A N/A,#N/A N/A,#N/A N/A,#N/A N/A
WYAYZZ CH Equity 2021,#N/A N/A,#N/A N/A,#N/A N/A,#N/A N/A,#N/A N/A,#N/A N/A,#N/A N/A,#N/A N/A,#N/A N/A,#N/A N/A,#N/A N/A,#N/A N/A,#N/A N/A,#N/A N/A,#N/A N/A,#N/A N/A,#N/A N/A,#N/A N/A,#N/A N/A,#N/A N/A,#N/A N/A,#N/A N/A,GUIZHOU DAFANG POWER GENERA,#N/A N/A,#N/A N/A,#N/A N/A,#N/A N/A,#N/A N/A
WYAYZZ CH Equity 2022,#N/A N/A,#N/A N/A,#N/A N/A,#N/A N/A,#N/A N/A,#N/A N/A,#N/A N/A,#N/A N/A,#N/A N/A,#N/A N/A,#N/A N/A,#N/A N/A,#N/A N/A,#N/A N/A,#N/A N/A,#N/A N/A,#N/A N/A,#N/A N/A,#N/A N/A,#N/A N/A,#N/A N/A,#N/A N/A,GUIZHOU DAFANG POWER GENERA,#N/A N/A,#N/A N/A,#N/A N/A,#N/A N/A,#N/A N/A
WYAYZZ CH Equity 2023,#N/A N/A,#N/A N/A,#N/A N/A,#N/A N/A,#N/A N/A,#N/A N/A,#N/A N/A,#N/A N/A,#N/A N/A,#N/A N/A,#N/A N/A,#N/A N/A,#N/A N/A,#N/A N/A,#N/A N/A,#N/A N/A,#N/A N/A,#N/A N/A,#N/A N/A,#N/A N/A,#N/A N/A,#N/A N/A,GUIZHOU DAFANG POWER GENERA,#N/A N/A,#N/A N/A,#N/A N/A,#N/A N/A,#N/A N/A
WYAYZZ CH Equity 2024,#N/A N/A,#N/A N/A,#N/A N/A,#N/A N/A,#N/A N/A,#N/A N/A,#N/A N/A,#N/A N/A,#N/A N/A,#N/A N/A,#N/A N/A,#N/A N/A,#N/A N/A,#N/A N/A,#N/A N/A,#N/A N/A,#N/A N/A,#N/A N/A,#N/A N/A,#N/A N/A,#N/A N/A,#N/A N/A,GUIZHOU DAFANG POWER GENERA,#N/A N/A,#N/A N/A,#N/A N/A,#N/A N/A,#N/A N/A
WJMAOZ CH Equity 2018,#N/A N/A,#N/A N/A,#N/A N/A,#N/A N/A,#N/A N/A,#N/A N/A,#N/A N/A,#N/A N/A,#N/A N/A,#N/A N/A,#N/A N/A,#N/A N/A,#N/A N/A,#N/A N/A,#N/A N/A,#N/A N/A,#N/A N/A,#N/A N/A,#N/A N/A,#N/A N/A,#N/A N/A,#N/A N/A,NORTH WEIJIAMAO COAL INDUSTR,#N/A N/A,#N/A N/A,#N/A N/A,#N/A N/A,#N/A N/A
WJMAOZ CH Equity 2019,#N/A N/A,#N/A N/A,#N/A N/A,#N/A N/A,#N/A N/A,#N/A N/A,#N/A N/A,#N/A N/A,#N/A N/A,#N/A N/A,#N/A N/A,#N/A N/A,#N/A N/A,#N/A N/A,#N/A N/A,#N/A N/A,#N/A N/A,#N/A N/A,#N/A N/A,#N/A N/A,#N/A N/A,#N/A N/A,NORTH WEIJIAMAO COAL INDUSTR,#N/A N/A,#N/A N/A,#N/A N/A,#N/A N/A,#N/A N/A
WJMAOZ CH Equity 2020,#N/A N/A,#N/A N/A,#N/A N/A,#N/A N/A,#N/A N/A,#N/A N/A,#N/A N/A,#N/A N/A,#N/A N/A,#N/A N/A,#N/A N/A,#N/A N/A,#N/A N/A,#N/A N/A,#N/A N/A,#N/A N/A,#N/A N/A,#N/A N/A,#N/A N/A,#N/A N/A,#N/A N/A,#N/A N/A,NORTH WEIJIAMAO COAL INDUSTR,#N/A N/A,#N/A N/A,#N/A N/A,#N/A N/A,#N/A N/A
WJMAOZ CH Equity 2021,#N/A N/A,#N/A N/A,#N/A N/A,#N/A N/A,#N/A N/A,#N/A N/A,#N/A N/A,#N/A N/A,#N/A N/A,#N/A N/A,#N/A N/A,#N/A N/A,#N/A N/A,#N/A N/A,#N/A N/A,#N/A N/A,#N/A N/A,#N/A N/A,#N/A N/A,#N/A N/A,#N/A N/A,#N/A N/A,NORTH WEIJIAMAO COAL INDUSTR,#N/A N/A,#N/A N/A,#N/A N/A,#N/A N/A,#N/A N/A
WJMAOZ CH Equity 2022,#N/A N/A,#N/A N/A,#N/A N/A,#N/A N/A,#N/A N/A,#N/A N/A,#N/A N/A,#N/A N/A,#N/A N/A,#N/A N/A,#N/A N/A,#N/A N/A,#N/A N/A,#N/A N/A,#N/A N/A,#N/A N/A,#N/A N/A,#N/A N/A,#N/A N/A,#N/A N/A,#N/A N/A,#N/A N/A,NORTH WEIJIAMAO COAL INDUSTR,#N/A N/A,#N/A N/A,#N/A N/A,#N/A N/A,#N/A N/A
WJMAOZ CH Equity 2023,#N/A N/A,#N/A N/A,#N/A N/A,#N/A N/A,#N/A N/A,#N/A N/A,#N/A N/A,#N/A N/A,#N/A N/A,#N/A N/A,#N/A N/A,#N/A N/A,#N/A N/A,#N/A N/A,#N/A N/A,#N/A N/A,#N/A N/A,#N/A N/A,#N/A N/A,#N/A N/A,#N/A N/A,#N/A N/A,NORTH WEIJIAMAO COAL INDUSTR,#N/A N/A,#N/A N/A,#N/A N/A,#N/A N/A,#N/A N/A
WJMAOZ CH Equity 2024,#N/A N/A,#N/A N/A,#N/A N/A,#N/A N/A,#N/A N/A,#N/A N/A,#N/A N/A,#N/A N/A,#N/A N/A,#N/A N/A,#N/A N/A,#N/A N/A,#N/A N/A,#N/A N/A,#N/A N/A,#N/A N/A,#N/A N/A,#N/A N/A,#N/A N/A,#N/A N/A,#N/A N/A,#N/A N/A,NORTH WEIJIAMAO COAL INDUSTR,#N/A N/A,#N/A N/A,#N/A N/A,#N/A N/A,#N/A N/A
WR US Equity 2018,#N/A N/A,#N/A N/A,#N/A N/A,#N/A N/A,#N/A N/A,#N/A N/A,#N/A N/A,#N/A N/A,#N/A N/A,#N/A N/A,#N/A N/A,#N/A N/A,#N/A N/A,#N/A N/A,#N/A N/A,#N/A N/A,#N/A N/A,#N/A N/A,#N/A N/A,#N/A N/A,2614.9,#N/A N/A,EVERGY KANSAS CENTRAL INC,#N/A N/A,54,4367.9,44.5,11816.8
WR US Equity 2019,#N/A N/A,#N/A N/A,#N/A N/A,#N/A N/A,#N/A N/A,#N/A N/A,#N/A N/A,#N/A N/A,#N/A N/A,#N/A N/A,#N/A N/A,#N/A N/A,#N/A N/A,#N/A N/A,#N/A N/A,#N/A N/A,#N/A N/A,#N/A N/A,#N/A N/A,#N/A N/A,2507.4,#N/A N/A,EVERGY KANSAS CENTRAL INC,142.2331,#N/A N/A,4189.3,5.2,12046.7
WR US Equity 2020,#N/A N/A,#N/A N/A,#N/A N/A,#N/A N/A,#N/A N/A,#N/A N/A,#N/A N/A,#N/A N/A,#N/A N/A,#N/A N/A,#N/A N/A,#N/A N/A,#N/A N/A,#N/A N/A,#N/A N/A,#N/A N/A,#N/A N/A,#N/A N/A,#N/A N/A,#N/A N/A,4913.4,#N/A N/A,EVERGY KANSAS CENTRAL INC,#N/A N/A,#N/A N/A,4207.7,28.7,12589.1
WR US Equity 2021,#N/A N/A,#N/A N/A,#N/A N/A,#N/A N/A,#N/A N/A,#N/A N/A,#N/A N/A,#N/A N/A,#N/A N/A,#N/A N/A,#N/A N/A,#N/A N/A,#N/A N/A,#N/A N/A,#N/A N/A,#N/A N/A,#N/A N/A,#N/A N/A,#N/A N/A,#N/A N/A,5586.7,#N/A N/A,EVERGY KANSAS CENTRAL INC,#N/A N/A,#N/A N/A,4515.4,3.1,13075.6
WR US Equity 2022,#N/A N/A,#N/A N/A,#N/A N/A,#N/A N/A,#N/A N/A,#N/A N/A,#N/A N/A,#N/A N/A,#N/A N/A,#N/A N/A,#N/A N/A,#N/A N/A,#N/A N/A,#N/A N/A,#N/A N/A,#N/A N/A,#N/A N/A,#N/A N/A,#N/A N/A,#N/A N/A,#N/A N/A,#N/A N/A,EVERGY KANSAS CENTRAL INC,#N/A N/A,#N/A N/A,4916.2,8.7,13368.3
WR US Equity 2023,#N/A N/A,#N/A N/A,#N/A N/A,#N/A N/A,#N/A N/A,#N/A N/A,#N/A N/A,#N/A N/A,#N/A N/A,#N/A N/A,#N/A N/A,#N/A N/A,#N/A N/A,#N/A N/A,#N/A N/A,#N/A N/A,#N/A N/A,#N/A N/A,#N/A N/A,#N/A N/A,5508.2,#N/A N/A,EVERGY KANSAS CENTRAL INC,#N/A N/A,#N/A N/A,4999.3,9.2,14226.6
WR US Equity 2024,#N/A N/A,#N/A N/A,#N/A N/A,#N/A N/A,#N/A N/A,#N/A N/A,#N/A N/A,#N/A N/A,#N/A N/A,#N/A N/A,#N/A N/A,#N/A N/A,#N/A N/A,#N/A N/A,#N/A N/A,#N/A N/A,#N/A N/A,#N/A N/A,#N/A N/A,#N/A N/A,#N/A N/A,#N/A N/A,EVERGY KANSAS CENTRAL INC,#N/A N/A,#N/A N/A,5612.9,3.7,15009.1
WJMAOZ CH Equity 2018,#N/A N/A,#N/A N/A,#N/A N/A,#N/A N/A,#N/A N/A,#N/A N/A,#N/A N/A,#N/A N/A,#N/A N/A,#N/A N/A,#N/A N/A,#N/A N/A,#N/A N/A,#N/A N/A,#N/A N/A,#N/A N/A,#N/A N/A,#N/A N/A,#N/A N/A,#N/A N/A,#N/A N/A,#N/A N/A,NORTH WEIJIAMAO COAL INDUSTR,#N/A N/A,#N/A N/A,#N/A N/A,#N/A N/A,#N/A N/A
WJMAOZ CH Equity 2019,#N/A N/A,#N/A N/A,#N/A N/A,#N/A N/A,#N/A N/A,#N/A N/A,#N/A N/A,#N/A N/A,#N/A N/A,#N/A N/A,#N/A N/A,#N/A N/A,#N/A N/A,#N/A N/A,#N/A N/A,#N/A N/A,#N/A N/A,#N/A N/A,#N/A N/A,#N/A N/A,#N/A N/A,#N/A N/A,NORTH WEIJIAMAO COAL INDUSTR,#N/A N/A,#N/A N/A,#N/A N/A,#N/A N/A,#N/A N/A
WJMAOZ CH Equity 2020,#N/A N/A,#N/A N/A,#N/A N/A,#N/A N/A,#N/A N/A,#N/A N/A,#N/A N/A,#N/A N/A,#N/A N/A,#N/A N/A,#N/A N/A,#N/A N/A,#N/A N/A,#N/A N/A,#N/A N/A,#N/A N/A,#N/A N/A,#N/A N/A,#N/A N/A,#N/A N/A,#N/A N/A,#N/A N/A,NORTH WEIJIAMAO COAL INDUSTR,#N/A N/A,#N/A N/A,#N/A N/A,#N/A N/A,#N/A N/A
WJMAOZ CH Equity 2021,#N/A N/A,#N/A N/A,#N/A N/A,#N/A N/A,#N/A N/A,#N/A N/A,#N/A N/A,#N/A N/A,#N/A N/A,#N/A N/A,#N/A N/A,#N/A N/A,#N/A N/A,#N/A N/A,#N/A N/A,#N/A N/A,#N/A N/A,#N/A N/A,#N/A N/A,#N/A N/A,#N/A N/A,#N/A N/A,NORTH WEIJIAMAO COAL INDUSTR,#N/A N/A,#N/A N/A,#N/A N/A,#N/A N/A,#N/A N/A
WJMAOZ CH Equity 2022,#N/A N/A,#N/A N/A,#N/A N/A,#N/A N/A,#N/A N/A,#N/A N/A,#N/A N/A,#N/A N/A,#N/A N/A,#N/A N/A,#N/A N/A,#N/A N/A,#N/A N/A,#N/A N/A,#N/A N/A,#N/A N/A,#N/A N/A,#N/A N/A,#N/A N/A,#N/A N/A,#N/A N/A,#N/A N/A,NORTH WEIJIAMAO COAL INDUSTR,#N/A N/A,#N/A N/A,#N/A N/A,#N/A N/A,#N/A N/A
WJMAOZ CH Equity 2023,#N/A N/A,#N/A N/A,#N/A N/A,#N/A N/A,#N/A N/A,#N/A N/A,#N/A N/A,#N/A N/A,#N/A N/A,#N/A N/A,#N/A N/A,#N/A N/A,#N/A N/A,#N/A N/A,#N/A N/A,#N/A N/A,#N/A N/A,#N/A N/A,#N/A N/A,#N/A N/A,#N/A N/A,#N/A N/A,NORTH WEIJIAMAO COAL INDUSTR,#N/A N/A,#N/A N/A,#N/A N/A,#N/A N/A,#N/A N/A
WJMAOZ CH Equity 2024,#N/A N/A,#N/A N/A,#N/A N/A,#N/A N/A,#N/A N/A,#N/A N/A,#N/A N/A,#N/A N/A,#N/A N/A,#N/A N/A,#N/A N/A,#N/A N/A,#N/A N/A,#N/A N/A,#N/A N/A,#N/A N/A,#N/A N/A,#N/A N/A,#N/A N/A,#N/A N/A,#N/A N/A,#N/A N/A,NORTH WEIJIAMAO COAL INDUSTR,#N/A N/A,#N/A N/A,#N/A N/A,#N/A N/A,#N/A N/A
WYAYDZ CH Equity 2018,#N/A N/A,#N/A N/A,#N/A N/A,#N/A N/A,#N/A N/A,#N/A N/A,#N/A N/A,#N/A N/A,#N/A N/A,#N/A N/A,#N/A N/A,#N/A N/A,#N/A N/A,#N/A N/A,#N/A N/A,#N/A N/A,#N/A N/A,#N/A N/A,#N/A N/A,#N/A N/A,#N/A N/A,#N/A N/A,GUONENG HEBEI HENGFENG POWER,#N/A N/A,#N/A N/A,#N/A N/A,#N/A N/A,#N/A N/A
WYAYDZ CH Equity 2019,#N/A N/A,#N/A N/A,#N/A N/A,#N/A N/A,#N/A N/A,#N/A N/A,#N/A N/A,#N/A N/A,#N/A N/A,#N/A N/A,#N/A N/A,#N/A N/A,#N/A N/A,#N/A N/A,#N/A N/A,#N/A N/A,#N/A N/A,#N/A N/A,#N/A N/A,#N/A N/A,#N/A N/A,#N/A N/A,GUONENG HEBEI HENGFENG POWER,#N/A N/A,#N/A N/A,#N/A N/A,#N/A N/A,#N/A N/A
WYAYDZ CH Equity 2020,#N/A N/A,#N/A N/A,#N/A N/A,#N/A N/A,#N/A N/A,#N/A N/A,#N/A N/A,#N/A N/A,#N/A N/A,#N/A N/A,#N/A N/A,#N/A N/A,#N/A N/A,#N/A N/A,#N/A N/A,#N/A N/A,#N/A N/A,#N/A N/A,#N/A N/A,#N/A N/A,#N/A N/A,#N/A N/A,GUONENG HEBEI HENGFENG POWER,#N/A N/A,#N/A N/A,#N/A N/A,#N/A N/A,#N/A N/A
WYAYDZ CH Equity 2021,#N/A N/A,#N/A N/A,#N/A N/A,#N/A N/A,#N/A N/A,#N/A N/A,#N/A N/A,#N/A N/A,#N/A N/A,#N/A N/A,#N/A N/A,#N/A N/A,#N/A N/A,#N/A N/A,#N/A N/A,#N/A N/A,#N/A N/A,#N/A N/A,#N/A N/A,#N/A N/A,#N/A N/A,#N/A N/A,GUONENG HEBEI HENGFENG POWER,#N/A N/A,#N/A N/A,#N/A N/A,#N/A N/A,#N/A N/A
WYAYDZ CH Equity 2022,#N/A N/A,#N/A N/A,#N/A N/A,#N/A N/A,#N/A N/A,#N/A N/A,#N/A N/A,#N/A N/A,#N/A N/A,#N/A N/A,#N/A N/A,#N/A N/A,#N/A N/A,#N/A N/A,#N/A N/A,#N/A N/A,#N/A N/A,#N/A N/A,#N/A N/A,#N/A N/A,#N/A N/A,#N/A N/A,GUONENG HEBEI HENGFENG POWER,#N/A N/A,#N/A N/A,#N/A N/A,#N/A N/A,#N/A N/A
WYAYDZ CH Equity 2023,#N/A N/A,#N/A N/A,#N/A N/A,#N/A N/A,#N/A N/A,#N/A N/A,#N/A N/A,#N/A N/A,#N/A N/A,#N/A N/A,#N/A N/A,#N/A N/A,#N/A N/A,#N/A N/A,#N/A N/A,#N/A N/A,#N/A N/A,#N/A N/A,#N/A N/A,#N/A N/A,#N/A N/A,#N/A N/A,GUONENG HEBEI HENGFENG POWER,#N/A N/A,#N/A N/A,#N/A N/A,#N/A N/A,#N/A N/A
WYAYDZ CH Equity 2024,#N/A N/A,#N/A N/A,#N/A N/A,#N/A N/A,#N/A N/A,#N/A N/A,#N/A N/A,#N/A N/A,#N/A N/A,#N/A N/A,#N/A N/A,#N/A N/A,#N/A N/A,#N/A N/A,#N/A N/A,#N/A N/A,#N/A N/A,#N/A N/A,#N/A N/A,#N/A N/A,#N/A N/A,#N/A N/A,GUONENG HEBEI HENGFENG POWER,#N/A N/A,#N/A N/A,#N/A N/A,#N/A N/A,#N/A N/A
WJMAOZ CH Equity 2018,#N/A N/A,#N/A N/A,#N/A N/A,#N/A N/A,#N/A N/A,#N/A N/A,#N/A N/A,#N/A N/A,#N/A N/A,#N/A N/A,#N/A N/A,#N/A N/A,#N/A N/A,#N/A N/A,#N/A N/A,#N/A N/A,#N/A N/A,#N/A N/A,#N/A N/A,#N/A N/A,#N/A N/A,#N/A N/A,NORTH WEIJIAMAO COAL INDUSTR,#N/A N/A,#N/A N/A,#N/A N/A,#N/A N/A,#N/A N/A
WJMAOZ CH Equity 2019,#N/A N/A,#N/A N/A,#N/A N/A,#N/A N/A,#N/A N/A,#N/A N/A,#N/A N/A,#N/A N/A,#N/A N/A,#N/A N/A,#N/A N/A,#N/A N/A,#N/A N/A,#N/A N/A,#N/A N/A,#N/A N/A,#N/A N/A,#N/A N/A,#N/A N/A,#N/A N/A,#N/A N/A,#N/A N/A,NORTH WEIJIAMAO COAL INDUSTR,#N/A N/A,#N/A N/A,#N/A N/A,#N/A N/A,#N/A N/A
WJMAOZ CH Equity 2020,#N/A N/A,#N/A N/A,#N/A N/A,#N/A N/A,#N/A N/A,#N/A N/A,#N/A N/A,#N/A N/A,#N/A N/A,#N/A N/A,#N/A N/A,#N/A N/A,#N/A N/A,#N/A N/A,#N/A N/A,#N/A N/A,#N/A N/A,#N/A N/A,#N/A N/A,#N/A N/A,#N/A N/A,#N/A N/A,NORTH WEIJIAMAO COAL INDUSTR,#N/A N/A,#N/A N/A,#N/A N/A,#N/A N/A,#N/A N/A
WJMAOZ CH Equity 2021,#N/A N/A,#N/A N/A,#N/A N/A,#N/A N/A,#N/A N/A,#N/A N/A,#N/A N/A,#N/A N/A,#N/A N/A,#N/A N/A,#N/A N/A,#N/A N/A,#N/A N/A,#N/A N/A,#N/A N/A,#N/A N/A,#N/A N/A,#N/A N/A,#N/A N/A,#N/A N/A,#N/A N/A,#N/A N/A,NORTH WEIJIAMAO COAL INDUSTR,#N/A N/A,#N/A N/A,#N/A N/A,#N/A N/A,#N/A N/A
WJMAOZ CH Equity 2022,#N/A N/A,#N/A N/A,#N/A N/A,#N/A N/A,#N/A N/A,#N/A N/A,#N/A N/A,#N/A N/A,#N/A N/A,#N/A N/A,#N/A N/A,#N/A N/A,#N/A N/A,#N/A N/A,#N/A N/A,#N/A N/A,#N/A N/A,#N/A N/A,#N/A N/A,#N/A N/A,#N/A N/A,#N/A N/A,NORTH WEIJIAMAO COAL INDUSTR,#N/A N/A,#N/A N/A,#N/A N/A,#N/A N/A,#N/A N/A
WJMAOZ CH Equity 2023,#N/A N/A,#N/A N/A,#N/A N/A,#N/A N/A,#N/A N/A,#N/A N/A,#N/A N/A,#N/A N/A,#N/A N/A,#N/A N/A,#N/A N/A,#N/A N/A,#N/A N/A,#N/A N/A,#N/A N/A,#N/A N/A,#N/A N/A,#N/A N/A,#N/A N/A,#N/A N/A,#N/A N/A,#N/A N/A,NORTH WEIJIAMAO COAL INDUSTR,#N/A N/A,#N/A N/A,#N/A N/A,#N/A N/A,#N/A N/A
WJMAOZ CH Equity 2024,#N/A N/A,#N/A N/A,#N/A N/A,#N/A N/A,#N/A N/A,#N/A N/A,#N/A N/A,#N/A N/A,#N/A N/A,#N/A N/A,#N/A N/A,#N/A N/A,#N/A N/A,#N/A N/A,#N/A N/A,#N/A N/A,#N/A N/A,#N/A N/A,#N/A N/A,#N/A N/A,#N/A N/A,#N/A N/A,NORTH WEIJIAMAO COAL INDUSTR,#N/A N/A,#N/A N/A,#N/A N/A,#N/A N/A,#N/A N/A
WPH1 US Equity 2018,#N/A N/A,#N/A N/A,#N/A N/A,#N/A N/A,#N/A N/A,#N/A N/A,#N/A N/A,#N/A N/A,#N/A N/A,#N/A N/A,#N/A N/A,#N/A N/A,#N/A N/A,#N/A N/A,#N/A N/A,#N/A N/A,#N/A N/A,#N/A N/A,#N/A N/A,#N/A N/A,#N/A N/A,#N/A N/A,WISCONSIN POWER AND LIGHT CO,13.2366,#N/A N/A,2000.4,8.7,6152.5
WPH1 US Equity 2019,#N/A N/A,#N/A N/A,#N/A N/A,#N/A N/A,#N/A N/A,#N/A N/A,#N/A N/A,#N/A N/A,#N/A N/A,#N/A N/A,#N/A N/A,#N/A N/A,#N/A N/A,#N/A N/A,#N/A N/A,#N/A N/A,#N/A N/A,#N/A N/A,#N/A N/A,#N/A N/A,#N/A N/A,#N/A N/A,WISCONSIN POWER AND LIGHT CO,13.2366,#N/A N/A,2158.3,4.4,6506.5
WPH1 US Equity 2020,#N/A N/A,#N/A N/A,#N/A N/A,#N/A N/A,#N/A N/A,#N/A N/A,#N/A N/A,#N/A N/A,#N/A N/A,#N/A N/A,#N/A N/A,#N/A N/A,#N/A N/A,#N/A N/A,#N/A N/A,#N/A N/A,#N/A N/A,#N/A N/A,#N/A N/A,#N/A N/A,#N/A N/A,#N/A N/A,WISCONSIN POWER AND LIGHT CO,13.2366,#N/A N/A,2435,3,6912
WPH1 US Equity 2021,#N/A N/A,#N/A N/A,#N/A N/A,#N/A N/A,#N/A N/A,#N/A N/A,#N/A N/A,#N/A N/A,#N/A N/A,#N/A N/A,#N/A N/A,#N/A N/A,#N/A N/A,#N/A N/A,#N/A N/A,#N/A N/A,#N/A N/A,#N/A N/A,#N/A N/A,#N/A N/A,#N/A N/A,#N/A N/A,WISCONSIN POWER AND LIGHT CO,13.2366,#N/A N/A,2670,2,7518
WPH1 US Equity 2022,#N/A N/A,#N/A N/A,#N/A N/A,#N/A N/A,#N/A N/A,#N/A N/A,#N/A N/A,#N/A N/A,#N/A N/A,#N/A N/A,#N/A N/A,#N/A N/A,#N/A N/A,#N/A N/A,#N/A N/A,#N/A N/A,#N/A N/A,#N/A N/A,#N/A N/A,#N/A N/A,#N/A N/A,#N/A N/A,WISCONSIN POWER AND LIGHT CO,13.2366,#N/A N/A,3066,5,8987
WPH1 US Equity 2023,#N/A N/A,#N/A N/A,#N/A N/A,#N/A N/A,#N/A N/A,#N/A N/A,#N/A N/A,#N/A N/A,#N/A N/A,#N/A N/A,#N/A N/A,#N/A N/A,#N/A N/A,#N/A N/A,#N/A N/A,#N/A N/A,#N/A N/A,#N/A N/A,#N/A N/A,#N/A N/A,#N/A N/A,#N/A N/A,WISCONSIN POWER AND LIGHT CO,13.2366,#N/A N/A,3397,7,9634
WPH1 US Equity 2024,#N/A N/A,#N/A N/A,#N/A N/A,#N/A N/A,#N/A N/A,#N/A N/A,#N/A N/A,#N/A N/A,#N/A N/A,#N/A N/A,#N/A N/A,#N/A N/A,#N/A N/A,#N/A N/A,#N/A N/A,#N/A N/A,#N/A N/A,#N/A N/A,#N/A N/A,#N/A N/A,#N/A N/A,#N/A N/A,WISCONSIN POWER AND LIGHT CO,13.2366,#N/A N/A,3562,51,10106
WPL AU Equity 2018,9767,8,27968,230,#N/A N/A,#N/A N/A,#N/A N/A,3,35,#N/A N/A,#N/A N/A,700,#N/A N/A,27000,#N/A N/A,#N/A N/A,#N/A N/A,#N/A N/A,#N/A N/A,23880.2675,5240,#N/A N/A,WOODSIDE PETROLEUM LTD,#N/A N/A,#N/A N/A,4071,1674,27088
WPL AU Equity 2019,8840,7,74017,#N/A N/A,#N/A N/A,#N/A N/A,#N/A N/A,#N/A N/A,#N/A N/A,#N/A N/A,#N/A N/A,#N/A N/A,#N/A N/A,74017,#N/A N/A,#N/A N/A,#N/A N/A,#N/A N/A,#N/A N/A,26337.8246,4873,#N/A N/A,WOODSIDE PETROLEUM LTD,#N/A N/A,#N/A N/A,6849,4058,29353
WPL AU Equity 2020,9170,10,84923,#N/A N/A,#N/A N/A,#N/A N/A,#N/A N/A,#N/A N/A,#N/A N/A,#N/A N/A,#N/A N/A,#N/A N/A,#N/A N/A,84923,#N/A N/A,#N/A N/A,#N/A N/A,#N/A N/A,#N/A N/A,21523.2568,3600,#N/A N/A,WOODSIDE PETROLEUM LTD,#N/A N/A,#N/A N/A,7492,3604,24623
WPL AU Equity 2021,8901,8,37186,1375,#N/A N/A,#N/A N/A,200,#N/A N/A,#N/A N/A,#N/A N/A,#N/A N/A,819,#N/A N/A,34792,#N/A N/A,#N/A N/A,#N/A N/A,#N/A N/A,#N/A N/A,20031.8307,6962,#N/A N/A,WOODSIDE PETROLEUM LTD,#N/A N/A,#N/A N/A,6797,3025,26474
WPL AU Equity 2022,9565,8.2,60700,1011,#N/A N/A,#N/A N/A,256,#N/A N/A,#N/A N/A,#N/A N/A,#N/A N/A,1477,#N/A N/A,57956,#N/A N/A,#N/A N/A,#N/A N/A,#N/A N/A,#N/A N/A,47248.2123,16817,#N/A N/A,WOODSIDE PETROLEUM LTD,#N/A N/A,#N/A N/A,6772,6201,59321
WPL AU Equity 2023,9165,10,72825,1225,#N/A N/A,#N/A N/A,219,#N/A N/A,#N/A N/A,#N/A N/A,#N/A N/A,1728,#N/A N/A,69653,#N/A N/A,#N/A N/A,#N/A N/A,#N/A N/A,#N/A N/A,45838.5273,13994,#N/A N/A,WOODSIDE PETROLEUM LTD,#N/A N/A,#N/A N/A,6498,1740,55361
WPL AU Equity 2024,9872,8,74652,1004,#N/A N/A,#N/A N/A,228,#N/A N/A,#N/A N/A,#N/A N/A,#N/A N/A,1732,#N/A N/A,71688,#N/A N/A,#N/A N/A,#N/A N/A,#N/A N/A,#N/A N/A,37340.6676,13179,#N/A N/A,WOODSIDE PETROLEUM LTD,#N/A N/A,#N/A N/A,11620,3923,61264
WCP CN Equity 2018,932.095,539.355,#N/A N/A,#N/A N/A,#N/A N/A,#N/A N/A,#N/A N/A,#N/A N/A,#N/A N/A,#N/A N/A,#N/A N/A,#N/A N/A,#N/A N/A,#N/A N/A,#N/A N/A,#N/A N/A,#N/A N/A,#N/A N/A,#N/A N/A,3056.871,1519.845,1801.1741,WHITECAP RESOURCES INC,417.061,4.35,1255.697,0,5958.964
WCP CN Equity 2019,861.263,522.879,#N/A N/A,#N/A N/A,#N/A N/A,#N/A N/A,#N/A N/A,#N/A N/A,#N/A N/A,#N/A N/A,#N/A N/A,#N/A N/A,#N/A N/A,#N/A N/A,#N/A N/A,#N/A N/A,#N/A N/A,#N/A N/A,#N/A N/A,3530.8475,1418.476,2273.3855,WHITECAP RESOURCES INC,412,5.55,1257.462,0,5358.465
WCP CN Equity 2020,693.224,502.383,#N/A N/A,#N/A N/A,#N/A N/A,#N/A N/A,#N/A N/A,#N/A N/A,#N/A N/A,#N/A N/A,#N/A N/A,#N/A N/A,#N/A N/A,#N/A N/A,#N/A N/A,#N/A N/A,#N/A N/A,#N/A N/A,#N/A N/A,3161.7332,901.556,1988.8772,WHITECAP RESOURCES INC,408.371,4.86,1172.856,0,3381.41
WCP CN Equity 2021,1283.12,686.951,#N/A N/A,#N/A N/A,#N/A N/A,#N/A N/A,#N/A N/A,#N/A N/A,#N/A N/A,#N/A N/A,#N/A N/A,#N/A N/A,#N/A N/A,#N/A N/A,#N/A N/A,#N/A N/A,#N/A N/A,#N/A N/A,#N/A N/A,5697.8518,2526.322,4612.5218,WHITECAP RESOURCES INC,598.601,7.49,1085.33,0,6878.228
WCP CN Equity 2022,1376.23,681.002,#N/A N/A,#N/A N/A,#N/A N/A,#N/A N/A,#N/A N/A,#N/A N/A,#N/A N/A,#N/A N/A,#N/A N/A,#N/A N/A,#N/A N/A,#N/A N/A,#N/A N/A,#N/A N/A,#N/A N/A,#N/A N/A,#N/A N/A,8411.038,4452.9,6537.438,WHITECAP RESOURCES INC,616.5,10.74,1873.6,0,9529.8
WCP CN Equity 2023,#N/A N/A,#N/A N/A,#N/A N/A,#N/A N/A,#N/A N/A,#N/A N/A,#N/A N/A,#N/A N/A,#N/A N/A,#N/A N/A,#N/A N/A,#N/A N/A,#N/A N/A,#N/A N/A,#N/A N/A,#N/A N/A,#N/A N/A,#N/A N/A,#N/A N/A,6686.96,3848.9,5304.26,WHITECAP RESOURCES INC,605.1,8.87,1382.7,0,9602.2
WCP CN Equity 2024,#N/A N/A,#N/A N/A,#N/A N/A,#N/A N/A,#N/A N/A,#N/A N/A,#N/A N/A,#N/A N/A,#N/A N/A,#N/A N/A,#N/A N/A,#N/A N/A,#N/A N/A,#N/A N/A,#N/A N/A,#N/A N/A,#N/A N/A,#N/A N/A,#N/A N/A,6773.3,3665.7,5992.5,WHITECAP RESOURCES INC,594.9,10.2,1143.1,362.3,9950.1
WTI US Equity 2018,280.751,#N/A N/A,#N/A N/A,#N/A N/A,#N/A N/A,#N/A N/A,#N/A N/A,#N/A N/A,#N/A N/A,#N/A N/A,#N/A N/A,#N/A N/A,#N/A N/A,#N/A N/A,#N/A N/A,#N/A N/A,#N/A N/A,#N/A N/A,#N/A N/A,1179.6954,580.706,579.4534,W&T OFFSHORE INC,139.002,4.12,633.535,33.293,848.866
WTI US Equity 2019,437.676,0.191,#N/A N/A,#N/A N/A,#N/A N/A,#N/A N/A,#N/A N/A,#N/A N/A,#N/A N/A,#N/A N/A,#N/A N/A,#N/A N/A,#N/A N/A,#N/A N/A,#N/A N/A,#N/A N/A,#N/A N/A,#N/A N/A,#N/A N/A,1481.9146,534.896,787.6796,W&T OFFSHORE INC,140.583,5.56,726.668,32.433,1003.719
WTI US Equity 2020,393.041,0.232,#N/A N/A,#N/A N/A,#N/A N/A,#N/A N/A,#N/A N/A,#N/A N/A,#N/A N/A,#N/A N/A,#N/A N/A,#N/A N/A,#N/A N/A,#N/A N/A,#N/A N/A,#N/A N/A,#N/A N/A,#N/A N/A,#N/A N/A,902.1159,346.634,308.8019,W&T OFFSHORE INC,141.622,2.17,637.04,43.726,940.582
WTI US Equity 2021,340.977,1.03,#N/A N/A,#N/A N/A,#N/A N/A,#N/A N/A,#N/A N/A,#N/A N/A,#N/A N/A,#N/A N/A,#N/A N/A,#N/A N/A,#N/A N/A,#N/A N/A,#N/A N/A,#N/A N/A,#N/A N/A,#N/A N/A,#N/A N/A,958.8885,558.01,461.4475,W&T OFFSHORE INC,142.271,3.23,743.24,245.799,1193.207
WTI US Equity 2022,350.933,0.543,#N/A N/A,#N/A N/A,#N/A N/A,#N/A N/A,#N/A N/A,#N/A N/A,#N/A N/A,#N/A N/A,#N/A N/A,#N/A N/A,#N/A N/A,#N/A N/A,#N/A N/A,#N/A N/A,#N/A N/A,#N/A N/A,#N/A N/A,1059.6571,920.997,815.4221,W&T OFFSHORE INC,143.143,5.58,705.592,461.357,1431.79
WTI US Equity 2023,325.446,1.79,#N/A N/A,#N/A N/A,#N/A N/A,#N/A N/A,#N/A N/A,#N/A N/A,#N/A N/A,#N/A N/A,#N/A N/A,#N/A N/A,#N/A N/A,#N/A N/A,#N/A N/A,#N/A N/A,#N/A N/A,#N/A N/A,#N/A N/A,705.9176,532.656,476.3936,W&T OFFSHORE INC,146.483,3.26,402.862,173.338,1114.005
WTI US Equity 2024,#N/A N/A,#N/A N/A,#N/A N/A,#N/A N/A,#N/A N/A,#N/A N/A,#N/A N/A,#N/A N/A,#N/A N/A,#N/A N/A,#N/A N/A,#N/A N/A,#N/A N/A,#N/A N/A,#N/A N/A,#N/A N/A,#N/A N/A,#N/A N/A,#N/A N/A,540.7728,525.261,244.6408,W&T OFFSHORE INC,147.133,1.66,405.135,109.003,1098.93
WMB US Equity 2018,13094.8,1150.02,#N/A N/A,#N/A N/A,#N/A N/A,#N/A N/A,#N/A N/A,#N/A N/A,#N/A N/A,#N/A N/A,#N/A N/A,#N/A N/A,#N/A N/A,#N/A N/A,#N/A N/A,#N/A N/A,#N/A N/A,#N/A N/A,#N/A N/A,50298.5,8686,26680.5,WILLIAMS COS INC,973.626,22.05,22414,168,45302
WMB US Equity 2019,13475.1,1546.06,#N/A N/A,#N/A N/A,#N/A N/A,#N/A N/A,#N/A N/A,#N/A N/A,#N/A N/A,#N/A N/A,#N/A N/A,#N/A N/A,#N/A N/A,#N/A N/A,#N/A N/A,#N/A N/A,#N/A N/A,#N/A N/A,#N/A N/A,53992.64,8201,28748.64,WILLIAMS COS INC,1212.037,23.72,22497,289,46040
WMB US Equity 2020,12580.2,1487.77,19276.699,#N/A N/A,#N/A N/A,#N/A N/A,#N/A N/A,#N/A N/A,1.398,0.095,#N/A N/A,#N/A N/A,#N/A N/A,19275.1992,#N/A N/A,#N/A N/A,#N/A N/A,#N/A N/A,#N/A N/A,49560.65,7719,24320.65,WILLIAMS COS INC,1213.631,20.05,22533,142,44165
WMB US Equity 2021,12383.3,1659.17,20506.5,#N/A N/A,#N/A N/A,#N/A N/A,#N/A N/A,#N/A N/A,1.463,25.729,#N/A N/A,#N/A N/A,#N/A N/A,20479.3008,#N/A N/A,#N/A N/A,#N/A N/A,#N/A N/A,#N/A N/A,56510.6,10627,31638.6,WILLIAMS COS INC,1215.221,26.04,23839,1680,47612
WMB US Equity 2022,13235.4,1777.03,22118,#N/A N/A,#N/A N/A,#N/A N/A,#N/A N/A,#N/A N/A,2.896,26.786,#N/A N/A,#N/A N/A,#N/A N/A,22088.3008,#N/A N/A,#N/A N/A,#N/A N/A,#N/A N/A,#N/A N/A,65242.2,10965,40072.2,WILLIAMS COS INC,1218.362,32.9,22727,152,48433
WMB US Equity 2023,13641.2,1814.66,24992.1,#N/A N/A,#N/A N/A,#N/A N/A,#N/A N/A,#N/A N/A,3.349,12.732,#N/A N/A,#N/A N/A,#N/A N/A,24976,#N/A N/A,#N/A N/A,#N/A N/A,#N/A N/A,#N/A N/A,68647.11,10907,42388.11,WILLIAMS COS INC,1217.784,34.83,25885,2150,52627
WMB US Equity 2024,#N/A N/A,#N/A N/A,#N/A N/A,#N/A N/A,#N/A N/A,#N/A N/A,#N/A N/A,#N/A N/A,#N/A N/A,#N/A N/A,#N/A N/A,#N/A N/A,#N/A N/A,#N/A N/A,#N/A N/A,#N/A N/A,#N/A N/A,#N/A N/A,#N/A N/A,94975.28,10503,65972.28,WILLIAMS COS INC,1219.184,54.12,26624,60,54532
