ONEENZ TT Equity 2018,#N/A N/A,#N/A N/A,#N/A N/A,#N/A N/A,#N/A N/A,#N/A N/A,#N/A N/A,#N/A N/A,#N/A N/A,#N/A N/A,#N/A N/A,#N/A N/A,#N/A N/A,#N/A N/A,#N/A N/A,#N/A N/A,#N/A N/A,#N/A N/A,#N/A N/A,#N/A N/A,#N/A N/A,#N/A N/A,ONEENERGY LTD,#N/A N/A,#N/A N/A,#N/A N/A,#N/A N/A,#N/A N/A
ONEENZ TT Equity 2019,#N/A N/A,#N/A N/A,#N/A N/A,#N/A N/A,#N/A N/A,#N/A N/A,#N/A N/A,#N/A N/A,#N/A N/A,#N/A N/A,#N/A N/A,#N/A N/A,#N/A N/A,#N/A N/A,#N/A N/A,#N/A N/A,#N/A N/A,#N/A N/A,#N/A N/A,#N/A N/A,#N/A N/A,#N/A N/A,ONEENERGY LTD,#N/A N/A,#N/A N/A,#N/A N/A,#N/A N/A,#N/A N/A
ONEENZ TT Equity 2020,#N/A N/A,#N/A N/A,#N/A N/A,#N/A N/A,#N/A N/A,#N/A N/A,#N/A N/A,#N/A N/A,#N/A N/A,#N/A N/A,#N/A N/A,#N/A N/A,#N/A N/A,#N/A N/A,#N/A N/A,#N/A N/A,#N/A N/A,#N/A N/A,#N/A N/A,#N/A N/A,#N/A N/A,#N/A N/A,ONEENERGY LTD,#N/A N/A,#N/A N/A,#N/A N/A,#N/A N/A,#N/A N/A
ONEENZ TT Equity 2021,#N/A N/A,#N/A N/A,#N/A N/A,#N/A N/A,#N/A N/A,#N/A N/A,#N/A N/A,#N/A N/A,#N/A N/A,#N/A N/A,#N/A N/A,#N/A N/A,#N/A N/A,#N/A N/A,#N/A N/A,#N/A N/A,#N/A N/A,#N/A N/A,#N/A N/A,#N/A N/A,#N/A N/A,#N/A N/A,ONEENERGY LTD,#N/A N/A,#N/A N/A,#N/A N/A,#N/A N/A,#N/A N/A
ONEENZ TT Equity 2022,#N/A N/A,#N/A N/A,#N/A N/A,#N/A N/A,#N/A N/A,#N/A N/A,#N/A N/A,#N/A N/A,#N/A N/A,#N/A N/A,#N/A N/A,#N/A N/A,#N/A N/A,#N/A N/A,#N/A N/A,#N/A N/A,#N/A N/A,#N/A N/A,#N/A N/A,#N/A N/A,#N/A N/A,#N/A N/A,ONEENERGY LTD,#N/A N/A,#N/A N/A,#N/A N/A,#N/A N/A,#N/A N/A
ONEENZ TT Equity 2023,#N/A N/A,#N/A N/A,#N/A N/A,#N/A N/A,#N/A N/A,#N/A N/A,#N/A N/A,#N/A N/A,#N/A N/A,#N/A N/A,#N/A N/A,#N/A N/A,#N/A N/A,#N/A N/A,#N/A N/A,#N/A N/A,#N/A N/A,#N/A N/A,#N/A N/A,#N/A N/A,#N/A N/A,#N/A N/A,ONEENERGY LTD,#N/A N/A,#N/A N/A,#N/A N/A,#N/A N/A,#N/A N/A
ONEENZ TT Equity 2024,#N/A N/A,#N/A N/A,#N/A N/A,#N/A N/A,#N/A N/A,#N/A N/A,#N/A N/A,#N/A N/A,#N/A N/A,#N/A N/A,#N/A N/A,#N/A N/A,#N/A N/A,#N/A N/A,#N/A N/A,#N/A N/A,#N/A N/A,#N/A N/A,#N/A N/A,#N/A N/A,#N/A N/A,#N/A N/A,ONEENERGY LTD,#N/A N/A,#N/A N/A,#N/A N/A,#N/A N/A,#N/A N/A
OQBFBZ CH Equity 2018,#N/A N/A,#N/A N/A,#N/A N/A,#N/A N/A,#N/A N/A,#N/A N/A,#N/A N/A,#N/A N/A,#N/A N/A,#N/A N/A,#N/A N/A,#N/A N/A,#N/A N/A,#N/A N/A,#N/A N/A,#N/A N/A,#N/A N/A,#N/A N/A,#N/A N/A,#N/A N/A,#N/A N/A,#N/A N/A,SHAANXI ZHONGNENG COALFIELD,#N/A N/A,#N/A N/A,#N/A N/A,#N/A N/A,#N/A N/A
OQBFBZ CH Equity 2019,#N/A N/A,#N/A N/A,#N/A N/A,#N/A N/A,#N/A N/A,#N/A N/A,#N/A N/A,#N/A N/A,#N/A N/A,#N/A N/A,#N/A N/A,#N/A N/A,#N/A N/A,#N/A N/A,#N/A N/A,#N/A N/A,#N/A N/A,#N/A N/A,#N/A N/A,#N/A N/A,#N/A N/A,#N/A N/A,SHAANXI ZHONGNENG COALFIELD,#N/A N/A,#N/A N/A,#N/A N/A,#N/A N/A,#N/A N/A
OQBFBZ CH Equity 2020,#N/A N/A,#N/A N/A,#N/A N/A,#N/A N/A,#N/A N/A,#N/A N/A,#N/A N/A,#N/A N/A,#N/A N/A,#N/A N/A,#N/A N/A,#N/A N/A,#N/A N/A,#N/A N/A,#N/A N/A,#N/A N/A,#N/A N/A,#N/A N/A,#N/A N/A,#N/A N/A,#N/A N/A,#N/A N/A,SHAANXI ZHONGNENG COALFIELD,#N/A N/A,#N/A N/A,#N/A N/A,#N/A N/A,#N/A N/A
OQBFBZ CH Equity 2021,#N/A N/A,#N/A N/A,#N/A N/A,#N/A N/A,#N/A N/A,#N/A N/A,#N/A N/A,#N/A N/A,#N/A N/A,#N/A N/A,#N/A N/A,#N/A N/A,#N/A N/A,#N/A N/A,#N/A N/A,#N/A N/A,#N/A N/A,#N/A N/A,#N/A N/A,#N/A N/A,#N/A N/A,#N/A N/A,SHAANXI ZHONGNENG COALFIELD,#N/A N/A,#N/A N/A,#N/A N/A,#N/A N/A,#N/A N/A
OQBFBZ CH Equity 2022,#N/A N/A,#N/A N/A,#N/A N/A,#N/A N/A,#N/A N/A,#N/A N/A,#N/A N/A,#N/A N/A,#N/A N/A,#N/A N/A,#N/A N/A,#N/A N/A,#N/A N/A,#N/A N/A,#N/A N/A,#N/A N/A,#N/A N/A,#N/A N/A,#N/A N/A,#N/A N/A,#N/A N/A,#N/A N/A,SHAANXI ZHONGNENG COALFIELD,#N/A N/A,#N/A N/A,#N/A N/A,#N/A N/A,#N/A N/A
OQBFBZ CH Equity 2023,#N/A N/A,#N/A N/A,#N/A N/A,#N/A N/A,#N/A N/A,#N/A N/A,#N/A N/A,#N/A N/A,#N/A N/A,#N/A N/A,#N/A N/A,#N/A N/A,#N/A N/A,#N/A N/A,#N/A N/A,#N/A N/A,#N/A N/A,#N/A N/A,#N/A N/A,#N/A N/A,#N/A N/A,#N/A N/A,SHAANXI ZHONGNENG COALFIELD,#N/A N/A,#N/A N/A,#N/A N/A,#N/A N/A,#N/A N/A
OQBFBZ CH Equity 2024,#N/A N/A,#N/A N/A,#N/A N/A,#N/A N/A,#N/A N/A,#N/A N/A,#N/A N/A,#N/A N/A,#N/A N/A,#N/A N/A,#N/A N/A,#N/A N/A,#N/A N/A,#N/A N/A,#N/A N/A,#N/A N/A,#N/A N/A,#N/A N/A,#N/A N/A,#N/A N/A,#N/A N/A,#N/A N/A,SHAANXI ZHONGNENG COALFIELD,#N/A N/A,#N/A N/A,#N/A N/A,#N/A N/A,#N/A N/A
OQBFBZ CH Equity 2018,#N/A N/A,#N/A N/A,#N/A N/A,#N/A N/A,#N/A N/A,#N/A N/A,#N/A N/A,#N/A N/A,#N/A N/A,#N/A N/A,#N/A N/A,#N/A N/A,#N/A N/A,#N/A N/A,#N/A N/A,#N/A N/A,#N/A N/A,#N/A N/A,#N/A N/A,#N/A N/A,#N/A N/A,#N/A N/A,SHAANXI ZHONGNENG COALFIELD,#N/A N/A,#N/A N/A,#N/A N/A,#N/A N/A,#N/A N/A
OQBFBZ CH Equity 2019,#N/A N/A,#N/A N/A,#N/A N/A,#N/A N/A,#N/A N/A,#N/A N/A,#N/A N/A,#N/A N/A,#N/A N/A,#N/A N/A,#N/A N/A,#N/A N/A,#N/A N/A,#N/A N/A,#N/A N/A,#N/A N/A,#N/A N/A,#N/A N/A,#N/A N/A,#N/A N/A,#N/A N/A,#N/A N/A,SHAANXI ZHONGNENG COALFIELD,#N/A N/A,#N/A N/A,#N/A N/A,#N/A N/A,#N/A N/A
OQBFBZ CH Equity 2020,#N/A N/A,#N/A N/A,#N/A N/A,#N/A N/A,#N/A N/A,#N/A N/A,#N/A N/A,#N/A N/A,#N/A N/A,#N/A N/A,#N/A N/A,#N/A N/A,#N/A N/A,#N/A N/A,#N/A N/A,#N/A N/A,#N/A N/A,#N/A N/A,#N/A N/A,#N/A N/A,#N/A N/A,#N/A N/A,SHAANXI ZHONGNENG COALFIELD,#N/A N/A,#N/A N/A,#N/A N/A,#N/A N/A,#N/A N/A
OQBFBZ CH Equity 2021,#N/A N/A,#N/A N/A,#N/A N/A,#N/A N/A,#N/A N/A,#N/A N/A,#N/A N/A,#N/A N/A,#N/A N/A,#N/A N/A,#N/A N/A,#N/A N/A,#N/A N/A,#N/A N/A,#N/A N/A,#N/A N/A,#N/A N/A,#N/A N/A,#N/A N/A,#N/A N/A,#N/A N/A,#N/A N/A,SHAANXI ZHONGNENG COALFIELD,#N/A N/A,#N/A N/A,#N/A N/A,#N/A N/A,#N/A N/A
OQBFBZ CH Equity 2022,#N/A N/A,#N/A N/A,#N/A N/A,#N/A N/A,#N/A N/A,#N/A N/A,#N/A N/A,#N/A N/A,#N/A N/A,#N/A N/A,#N/A N/A,#N/A N/A,#N/A N/A,#N/A N/A,#N/A N/A,#N/A N/A,#N/A N/A,#N/A N/A,#N/A N/A,#N/A N/A,#N/A N/A,#N/A N/A,SHAANXI ZHONGNENG COALFIELD,#N/A N/A,#N/A N/A,#N/A N/A,#N/A N/A,#N/A N/A
OQBFBZ CH Equity 2023,#N/A N/A,#N/A N/A,#N/A N/A,#N/A N/A,#N/A N/A,#N/A N/A,#N/A N/A,#N/A N/A,#N/A N/A,#N/A N/A,#N/A N/A,#N/A N/A,#N/A N/A,#N/A N/A,#N/A N/A,#N/A N/A,#N/A N/A,#N/A N/A,#N/A N/A,#N/A N/A,#N/A N/A,#N/A N/A,SHAANXI ZHONGNENG COALFIELD,#N/A N/A,#N/A N/A,#N/A N/A,#N/A N/A,#N/A N/A
OQBFBZ CH Equity 2024,#N/A N/A,#N/A N/A,#N/A N/A,#N/A N/A,#N/A N/A,#N/A N/A,#N/A N/A,#N/A N/A,#N/A N/A,#N/A N/A,#N/A N/A,#N/A N/A,#N/A N/A,#N/A N/A,#N/A N/A,#N/A N/A,#N/A N/A,#N/A N/A,#N/A N/A,#N/A N/A,#N/A N/A,#N/A N/A,SHAANXI ZHONGNENG COALFIELD,#N/A N/A,#N/A N/A,#N/A N/A,#N/A N/A,#N/A N/A
OPAMQZ CH Equity 2018,#N/A N/A,#N/A N/A,#N/A N/A,#N/A N/A,#N/A N/A,#N/A N/A,#N/A N/A,#N/A N/A,#N/A N/A,#N/A N/A,#N/A N/A,#N/A N/A,#N/A N/A,#N/A N/A,#N/A N/A,#N/A N/A,#N/A N/A,#N/A N/A,#N/A N/A,#N/A N/A,#N/A N/A,#N/A N/A,QINHUANGDAO POWER GENERATIO,#N/A N/A,#N/A N/A,#N/A N/A,#N/A N/A,#N/A N/A
OPAMQZ CH Equity 2019,#N/A N/A,#N/A N/A,#N/A N/A,#N/A N/A,#N/A N/A,#N/A N/A,#N/A N/A,#N/A N/A,#N/A N/A,#N/A N/A,#N/A N/A,#N/A N/A,#N/A N/A,#N/A N/A,#N/A N/A,#N/A N/A,#N/A N/A,#N/A N/A,#N/A N/A,#N/A N/A,#N/A N/A,#N/A N/A,QINHUANGDAO POWER GENERATIO,#N/A N/A,#N/A N/A,#N/A N/A,#N/A N/A,#N/A N/A
OPAMQZ CH Equity 2020,#N/A N/A,#N/A N/A,#N/A N/A,#N/A N/A,#N/A N/A,#N/A N/A,#N/A N/A,#N/A N/A,#N/A N/A,#N/A N/A,#N/A N/A,#N/A N/A,#N/A N/A,#N/A N/A,#N/A N/A,#N/A N/A,#N/A N/A,#N/A N/A,#N/A N/A,#N/A N/A,#N/A N/A,#N/A N/A,QINHUANGDAO POWER GENERATIO,#N/A N/A,#N/A N/A,#N/A N/A,#N/A N/A,#N/A N/A
OPAMQZ CH Equity 2021,#N/A N/A,#N/A N/A,#N/A N/A,#N/A N/A,#N/A N/A,#N/A N/A,#N/A N/A,#N/A N/A,#N/A N/A,#N/A N/A,#N/A N/A,#N/A N/A,#N/A N/A,#N/A N/A,#N/A N/A,#N/A N/A,#N/A N/A,#N/A N/A,#N/A N/A,#N/A N/A,#N/A N/A,#N/A N/A,QINHUANGDAO POWER GENERATIO,#N/A N/A,#N/A N/A,#N/A N/A,#N/A N/A,#N/A N/A
OPAMQZ CH Equity 2022,#N/A N/A,#N/A N/A,#N/A N/A,#N/A N/A,#N/A N/A,#N/A N/A,#N/A N/A,#N/A N/A,#N/A N/A,#N/A N/A,#N/A N/A,#N/A N/A,#N/A N/A,#N/A N/A,#N/A N/A,#N/A N/A,#N/A N/A,#N/A N/A,#N/A N/A,#N/A N/A,#N/A N/A,#N/A N/A,QINHUANGDAO POWER GENERATIO,#N/A N/A,#N/A N/A,#N/A N/A,#N/A N/A,#N/A N/A
OPAMQZ CH Equity 2023,#N/A N/A,#N/A N/A,#N/A N/A,#N/A N/A,#N/A N/A,#N/A N/A,#N/A N/A,#N/A N/A,#N/A N/A,#N/A N/A,#N/A N/A,#N/A N/A,#N/A N/A,#N/A N/A,#N/A N/A,#N/A N/A,#N/A N/A,#N/A N/A,#N/A N/A,#N/A N/A,#N/A N/A,#N/A N/A,QINHUANGDAO POWER GENERATIO,#N/A N/A,#N/A N/A,#N/A N/A,#N/A N/A,#N/A N/A
OPAMQZ CH Equity 2024,#N/A N/A,#N/A N/A,#N/A N/A,#N/A N/A,#N/A N/A,#N/A N/A,#N/A N/A,#N/A N/A,#N/A N/A,#N/A N/A,#N/A N/A,#N/A N/A,#N/A N/A,#N/A N/A,#N/A N/A,#N/A N/A,#N/A N/A,#N/A N/A,#N/A N/A,#N/A N/A,#N/A N/A,#N/A N/A,QINHUANGDAO POWER GENERATIO,#N/A N/A,#N/A N/A,#N/A N/A,#N/A N/A,#N/A N/A
OGKB RM Equity 2018,#N/A N/A,#N/A N/A,#N/A N/A,#N/A N/A,#N/A N/A,#N/A N/A,#N/A N/A,#N/A N/A,#N/A N/A,#N/A N/A,#N/A N/A,#N/A N/A,#N/A N/A,#N/A N/A,#N/A N/A,#N/A N/A,#N/A N/A,#N/A N/A,#N/A N/A,71084.4814,#N/A N/A,33591.4814,OGK-2 PJSC,106023.231,0.3167,47071,9578,213382
OGKB RM Equity 2019,#N/A N/A,#N/A N/A,#N/A N/A,#N/A N/A,#N/A N/A,#N/A N/A,#N/A N/A,#N/A N/A,#N/A N/A,#N/A N/A,#N/A N/A,#N/A N/A,#N/A N/A,#N/A N/A,#N/A N/A,#N/A N/A,#N/A N/A,#N/A N/A,#N/A N/A,113426.1496,134579,62178.3736,OGK-2 PJSC,107582.927,0.563,51638.776,406,225903
OGKB RM Equity 2020,#N/A N/A,#N/A N/A,#N/A N/A,#N/A N/A,#N/A N/A,#N/A N/A,#N/A N/A,#N/A N/A,#N/A N/A,#N/A N/A,#N/A N/A,#N/A N/A,#N/A N/A,#N/A N/A,#N/A N/A,#N/A N/A,#N/A N/A,#N/A N/A,#N/A N/A,125968.0474,120687,80622.0474,OGK-2 PJSC,110441.161,0.73,45627,297,224431
OGKB RM Equity 2021,#N/A N/A,#N/A N/A,#N/A N/A,#N/A N/A,#N/A N/A,#N/A N/A,#N/A N/A,#N/A N/A,#N/A N/A,#N/A N/A,#N/A N/A,#N/A N/A,#N/A N/A,#N/A N/A,#N/A N/A,#N/A N/A,#N/A N/A,#N/A N/A,#N/A N/A,108292.1372,141574,70130.1372,OGK-2 PJSC,110441.161,0.635,38216,70,210134
OGKB RM Equity 2022,#N/A N/A,#N/A N/A,#N/A N/A,#N/A N/A,#N/A N/A,#N/A N/A,#N/A N/A,#N/A N/A,#N/A N/A,#N/A N/A,#N/A N/A,#N/A N/A,#N/A N/A,#N/A N/A,#N/A N/A,#N/A N/A,#N/A N/A,#N/A N/A,#N/A N/A,#N/A N/A,#N/A N/A,#N/A N/A,OGK-2 PJSC,#N/A N/A,#N/A N/A,#N/A N/A,#N/A N/A,#N/A N/A
OGKB RM Equity 2023,#N/A N/A,#N/A N/A,#N/A N/A,#N/A N/A,#N/A N/A,#N/A N/A,#N/A N/A,#N/A N/A,#N/A N/A,#N/A N/A,#N/A N/A,#N/A N/A,#N/A N/A,#N/A N/A,#N/A N/A,#N/A N/A,#N/A N/A,#N/A N/A,#N/A N/A,#N/A N/A,#N/A N/A,#N/A N/A,OGK-2 PJSC,#N/A N/A,#N/A N/A,#N/A N/A,#N/A N/A,#N/A N/A
OGKB RM Equity 2024,#N/A N/A,#N/A N/A,#N/A N/A,#N/A N/A,#N/A N/A,#N/A N/A,#N/A N/A,#N/A N/A,#N/A N/A,#N/A N/A,#N/A N/A,#N/A N/A,#N/A N/A,#N/A N/A,#N/A N/A,#N/A N/A,#N/A N/A,#N/A N/A,#N/A N/A,#N/A N/A,#N/A N/A,#N/A N/A,OGK-2 PJSC,#N/A N/A,#N/A N/A,#N/A N/A,#N/A N/A,#N/A N/A
OTTR US Equity 2018,#N/A N/A,#N/A N/A,#N/A N/A,#N/A N/A,#N/A N/A,#N/A N/A,#N/A N/A,#N/A N/A,#N/A N/A,#N/A N/A,#N/A N/A,#N/A N/A,#N/A N/A,#N/A N/A,#N/A N/A,#N/A N/A,#N/A N/A,#N/A N/A,#N/A N/A,2576.8768,916.447,1968.9648,OTTER TAIL CORP,39.6,49.64,608.773,0.861,2052.517
OTTR US Equity 2019,#N/A N/A,#N/A N/A,#N/A N/A,#N/A N/A,#N/A N/A,#N/A N/A,#N/A N/A,#N/A N/A,#N/A N/A,#N/A N/A,#N/A N/A,#N/A N/A,#N/A N/A,#N/A N/A,#N/A N/A,#N/A N/A,#N/A N/A,#N/A N/A,#N/A N/A,2756.5768,919.503,2059.6828,OTTER TAIL CORP,39.721,51.29,718.093,21.199,2273.595
OTTR US Equity 2020,#N/A N/A,#N/A N/A,#N/A N/A,#N/A N/A,#N/A N/A,#N/A N/A,#N/A N/A,#N/A N/A,#N/A N/A,#N/A N/A,#N/A N/A,#N/A N/A,#N/A N/A,#N/A N/A,#N/A N/A,#N/A N/A,#N/A N/A,#N/A N/A,#N/A N/A,2631.1775,890.107,1767.0315,OTTER TAIL CORP,40.71,42.61,865.309,1.163,2578.354
OTTR US Equity 2021,#N/A N/A,#N/A N/A,#N/A N/A,#N/A N/A,#N/A N/A,#N/A N/A,#N/A N/A,#N/A N/A,#N/A N/A,#N/A N/A,#N/A N/A,#N/A N/A,#N/A N/A,#N/A N/A,#N/A N/A,#N/A N/A,#N/A N/A,#N/A N/A,#N/A N/A,3840.7098,1196.844,2967.6098,OTTER TAIL CORP,41.491,71.42,874.637,1.537,2754.83
OTTR US Equity 2022,#N/A N/A,#N/A N/A,#N/A N/A,#N/A N/A,#N/A N/A,#N/A N/A,#N/A N/A,#N/A N/A,#N/A N/A,#N/A N/A,#N/A N/A,#N/A N/A,#N/A N/A,#N/A N/A,#N/A N/A,#N/A N/A,#N/A N/A,#N/A N/A,#N/A N/A,3176.1386,1460.209,2444.1626,OTTER TAIL CORP,41.586,58.71,850.972,118.996,2901.661
OTTR US Equity 2023,#N/A N/A,#N/A N/A,#N/A N/A,#N/A N/A,#N/A N/A,#N/A N/A,#N/A N/A,#N/A N/A,#N/A N/A,#N/A N/A,#N/A N/A,#N/A N/A,#N/A N/A,#N/A N/A,#N/A N/A,#N/A N/A,#N/A N/A,#N/A N/A,#N/A N/A,4236.265,1349.166,3544.143,OTTER TAIL CORP,41.668,84.97,922.495,230.373,3242.568
OTTR US Equity 2024,#N/A N/A,#N/A N/A,#N/A N/A,#N/A N/A,#N/A N/A,#N/A N/A,#N/A N/A,#N/A N/A,#N/A N/A,#N/A N/A,#N/A N/A,#N/A N/A,#N/A N/A,#N/A N/A,#N/A N/A,#N/A N/A,#N/A N/A,#N/A N/A,#N/A N/A,3835.6181,1330.548,3088.5771,OTTER TAIL CORP,41.778,73.84,1041.692,294.651,3652.082
ORG AU Equity 2018,18162,2090,24751,#N/A N/A,#N/A N/A,#N/A N/A,#N/A N/A,#N/A N/A,#N/A N/A,#N/A N/A,#N/A N/A,#N/A N/A,#N/A N/A,#N/A N/A,#N/A N/A,#N/A N/A,#N/A N/A,#N/A N/A,#N/A N/A,24957.3399,14604,17644.3399,ORIGIN ENERGY LTD,1757.4423,10.03,7439,150,24257
ORG AU Equity 2019,18396,1188,23858,#N/A N/A,#N/A N/A,#N/A N/A,#N/A N/A,#N/A N/A,#N/A N/A,#N/A N/A,#N/A N/A,#N/A N/A,#N/A N/A,#N/A N/A,#N/A N/A,#N/A N/A,#N/A N/A,#N/A N/A,#N/A N/A,18591.2946,14727,12839.2946,ORIGIN ENERGY LTD,1758.9357,7.31,7596,1864,25743
ORG AU Equity 2020,16573,1230,21411,#N/A N/A,#N/A N/A,#N/A N/A,#N/A N/A,#N/A N/A,#N/A N/A,#N/A N/A,#N/A N/A,#N/A N/A,#N/A N/A,#N/A N/A,#N/A N/A,#N/A N/A,#N/A N/A,#N/A N/A,#N/A N/A,15420.7091,13157,10266.7091,ORIGIN ENERGY LTD,1759.8012,5.84,6852,1719,25093
ORG AU Equity 2021,15393,1121,37921,2362.8401,#N/A N/A,8974.4502,#N/A N/A,#N/A N/A,1.495,#N/A N/A,#N/A N/A,681.923,259.115,23314.8008,18.554,#N/A N/A,#N/A N/A,2307.8501,#N/A N/A,12188.793,12097,7915.793,ORIGIN ENERGY LTD,1759.5557,4.51,5228,975,21308
ORG AU Equity 2022,13206,980,42426,#N/A N/A,#N/A N/A,#N/A N/A,#N/A N/A,#N/A N/A,#N/A N/A,#N/A N/A,#N/A N/A,#N/A N/A,#N/A N/A,#N/A N/A,#N/A N/A,#N/A N/A,#N/A N/A,#N/A N/A,#N/A N/A,11772.5418,14461,9837.5418,ORIGIN ENERGY LTD,1753.6122,5.73,3390,1480,24020
ORG AU Equity 2023,13923,878,35259,#N/A N/A,#N/A N/A,#N/A N/A,#N/A N/A,#N/A N/A,#N/A N/A,#N/A N/A,#N/A N/A,#N/A N/A,#N/A N/A,#N/A N/A,#N/A N/A,#N/A N/A,#N/A N/A,#N/A N/A,#N/A N/A,16821.6177,16481,14473.6177,ORIGIN ENERGY LTD,1720.5677,8.41,3258,930,18948
ORG AU Equity 2024,15792,792,28394,#N/A N/A,#N/A N/A,#N/A N/A,#N/A N/A,#N/A N/A,#N/A N/A,#N/A N/A,#N/A N/A,#N/A N/A,#N/A N/A,#N/A N/A,#N/A N/A,#N/A N/A,#N/A N/A,#N/A N/A,#N/A N/A,20653.9084,16138,18654.9084,ORIGIN ENERGY LTD,1722.1998,10.86,3378,1379,20454
ORI AU Equity 2018,2244,260.1,4416,#N/A N/A,#N/A N/A,#N/A N/A,#N/A N/A,#N/A N/A,#N/A N/A,#N/A N/A,#N/A N/A,#N/A N/A,#N/A N/A,#N/A N/A,#N/A N/A,#N/A N/A,#N/A N/A,#N/A N/A,#N/A N/A,8171.1279,5373.8,6458.0279,ORICA LTD,378.2151,17.03,2162.9,514.6,7164.4
ORI AU Equity 2019,2092,242,4614.6,4614,#N/A N/A,#N/A N/A,#N/A N/A,#N/A N/A,#N/A N/A,#N/A N/A,#N/A N/A,#N/A N/A,#N/A N/A,#N/A N/A,#N/A N/A,#N/A N/A,#N/A N/A,#N/A N/A,#N/A N/A,10255.997,5878,8578.197,ORICA LTD,379.9679,22.54,2033.2,412.6,7294
ORI AU Equity 2020,1849,267,11081.4,9852,26,96,229,17,11,14,#N/A N/A,#N/A N/A,6,829,0.4,#N/A N/A,#N/A N/A,#N/A N/A,#N/A N/A,8429.7101,5611.3,6262.7101,ORICA LTD,395.6204,15.43,3039.7,920.5,8203.5
ORI AU Equity 2021,1628,271,12546.4,10996,159,93,367,21,6,17,#N/A N/A,#N/A N/A,7,880,0.4,#N/A N/A,#N/A N/A,#N/A N/A,#N/A N/A,7457.9051,5682.2,5619.6051,ORICA LTD,406.7555,13.79,2323.2,551,7365.7
ORI AU Equity 2022,1679.29,256,12929.7,10996,202,233,481.422,11.127,11,20,#N/A N/A,#N/A N/A,10,955,0.1,#N/A N/A,#N/A N/A,10.05,#N/A N/A,7181.2202,7327.5,5986.1202,ORICA LTD,414.8024,13.22,2407,1255.3,8367.8
ORI AU Equity 2023,1448,256,14236.1,11197,226,231,480,35,21,19,#N/A N/A,#N/A N/A,11,972,0.1,#N/A N/A,#N/A N/A,10,1034,8384.3134,7945.3,7101.1134,ORICA LTD,454.1741,15.59,2372.2,1152.1,8767.2
ORI AU Equity 2024,#N/A N/A,#N/A N/A,#N/A N/A,#N/A N/A,#N/A N/A,#N/A N/A,#N/A N/A,#N/A N/A,#N/A N/A,#N/A N/A,#N/A N/A,#N/A N/A,#N/A N/A,#N/A N/A,#N/A N/A,#N/A N/A,#N/A N/A,#N/A N/A,#N/A N/A,11062.941,7662.8,9034.041,ORICA LTD,473.8064,18.55,2521,580.7,9598.3
ORCP LN Equity 2018,#N/A N/A,#N/A N/A,#N/A N/A,#N/A N/A,#N/A N/A,#N/A N/A,#N/A N/A,#N/A N/A,#N/A N/A,#N/A N/A,#N/A N/A,#N/A N/A,#N/A N/A,#N/A N/A,#N/A N/A,#N/A N/A,#N/A N/A,#N/A N/A,#N/A N/A,5.3748,#N/A N/A,5.4237,ORACLE POWER PLC,1101.3129,0.475,0,0.0489,5.2665
ORCP LN Equity 2019,#N/A N/A,#N/A N/A,#N/A N/A,#N/A N/A,#N/A N/A,#N/A N/A,#N/A N/A,#N/A N/A,#N/A N/A,#N/A N/A,#N/A N/A,#N/A N/A,#N/A N/A,#N/A N/A,#N/A N/A,#N/A N/A,#N/A N/A,#N/A N/A,#N/A N/A,18.895,#N/A N/A,19.3089,ORACLE POWER PLC,1334.9956,1.1,0,0.4139,5.5917
ORCP LN Equity 2020,#N/A N/A,#N/A N/A,#N/A N/A,#N/A N/A,#N/A N/A,#N/A N/A,#N/A N/A,#N/A N/A,#N/A N/A,#N/A N/A,#N/A N/A,#N/A N/A,#N/A N/A,#N/A N/A,#N/A N/A,#N/A N/A,#N/A N/A,#N/A N/A,#N/A N/A,10.5166,#N/A N/A,11.271,ORACLE POWER PLC,1954.6231,0.525,0.8,1.5544,7.2175
ORCP LN Equity 2021,#N/A N/A,#N/A N/A,#N/A N/A,#N/A N/A,#N/A N/A,#N/A N/A,#N/A N/A,#N/A N/A,#N/A N/A,#N/A N/A,#N/A N/A,#N/A N/A,#N/A N/A,#N/A N/A,#N/A N/A,#N/A N/A,#N/A N/A,#N/A N/A,#N/A N/A,11.452,#N/A N/A,12.324,ORACLE POWER PLC,2257.7931,0.465,0,0.872,6.7004
ORCP LN Equity 2022,#N/A N/A,#N/A N/A,#N/A N/A,#N/A N/A,#N/A N/A,#N/A N/A,#N/A N/A,#N/A N/A,#N/A N/A,#N/A N/A,#N/A N/A,#N/A N/A,#N/A N/A,#N/A N/A,#N/A N/A,#N/A N/A,#N/A N/A,#N/A N/A,#N/A N/A,6.1596,#N/A N/A,6.3105,ORACLE POWER PLC,2902.4889,0.205,0,0.1509,6.472
ORCP LN Equity 2023,#N/A N/A,#N/A N/A,#N/A N/A,#N/A N/A,#N/A N/A,#N/A N/A,#N/A N/A,#N/A N/A,#N/A N/A,#N/A N/A,#N/A N/A,#N/A N/A,#N/A N/A,#N/A N/A,#N/A N/A,#N/A N/A,#N/A N/A,#N/A N/A,#N/A N/A,1.3355,#N/A N/A,1.539,ORACLE POWER PLC,3696.9107,0.033,0,0.2035,6.4628
ORCP LN Equity 2024,#N/A N/A,#N/A N/A,#N/A N/A,#N/A N/A,#N/A N/A,#N/A N/A,#N/A N/A,#N/A N/A,#N/A N/A,#N/A N/A,#N/A N/A,#N/A N/A,#N/A N/A,#N/A N/A,#N/A N/A,#N/A N/A,#N/A N/A,#N/A N/A,#N/A N/A,1.8463,#N/A N/A,2.4655,ORACLE POWER PLC,6555.6662,0.024,0,0.6192,6.979
OPT SJ Equity 2018,#N/A N/A,#N/A N/A,#N/A N/A,#N/A N/A,#N/A N/A,#N/A N/A,#N/A N/A,#N/A N/A,#N/A N/A,#N/A N/A,#N/A N/A,#N/A N/A,#N/A N/A,#N/A N/A,#N/A N/A,#N/A N/A,#N/A N/A,#N/A N/A,#N/A N/A,#N/A N/A,#N/A N/A,#N/A N/A,OPTIMUM COAL HOLDINGS PTY LT,#N/A N/A,#N/A N/A,#N/A N/A,#N/A N/A,#N/A N/A
OPT SJ Equity 2019,#N/A N/A,#N/A N/A,#N/A N/A,#N/A N/A,#N/A N/A,#N/A N/A,#N/A N/A,#N/A N/A,#N/A N/A,#N/A N/A,#N/A N/A,#N/A N/A,#N/A N/A,#N/A N/A,#N/A N/A,#N/A N/A,#N/A N/A,#N/A N/A,#N/A N/A,#N/A N/A,#N/A N/A,#N/A N/A,OPTIMUM COAL HOLDINGS PTY LT,#N/A N/A,#N/A N/A,#N/A N/A,#N/A N/A,#N/A N/A
OPT SJ Equity 2020,#N/A N/A,#N/A N/A,#N/A N/A,#N/A N/A,#N/A N/A,#N/A N/A,#N/A N/A,#N/A N/A,#N/A N/A,#N/A N/A,#N/A N/A,#N/A N/A,#N/A N/A,#N/A N/A,#N/A N/A,#N/A N/A,#N/A N/A,#N/A N/A,#N/A N/A,#N/A N/A,#N/A N/A,#N/A N/A,OPTIMUM COAL HOLDINGS PTY LT,#N/A N/A,#N/A N/A,#N/A N/A,#N/A N/A,#N/A N/A
OPT SJ Equity 2021,#N/A N/A,#N/A N/A,#N/A N/A,#N/A N/A,#N/A N/A,#N/A N/A,#N/A N/A,#N/A N/A,#N/A N/A,#N/A N/A,#N/A N/A,#N/A N/A,#N/A N/A,#N/A N/A,#N/A N/A,#N/A N/A,#N/A N/A,#N/A N/A,#N/A N/A,#N/A N/A,#N/A N/A,#N/A N/A,OPTIMUM COAL HOLDINGS PTY LT,#N/A N/A,#N/A N/A,#N/A N/A,#N/A N/A,#N/A N/A
OPT SJ Equity 2022,#N/A N/A,#N/A N/A,#N/A N/A,#N/A N/A,#N/A N/A,#N/A N/A,#N/A N/A,#N/A N/A,#N/A N/A,#N/A N/A,#N/A N/A,#N/A N/A,#N/A N/A,#N/A N/A,#N/A N/A,#N/A N/A,#N/A N/A,#N/A N/A,#N/A N/A,#N/A N/A,#N/A N/A,#N/A N/A,OPTIMUM COAL HOLDINGS PTY LT,#N/A N/A,#N/A N/A,#N/A N/A,#N/A N/A,#N/A N/A
OPT SJ Equity 2023,#N/A N/A,#N/A N/A,#N/A N/A,#N/A N/A,#N/A N/A,#N/A N/A,#N/A N/A,#N/A N/A,#N/A N/A,#N/A N/A,#N/A N/A,#N/A N/A,#N/A N/A,#N/A N/A,#N/A N/A,#N/A N/A,#N/A N/A,#N/A N/A,#N/A N/A,#N/A N/A,#N/A N/A,#N/A N/A,OPTIMUM COAL HOLDINGS PTY LT,#N/A N/A,#N/A N/A,#N/A N/A,#N/A N/A,#N/A N/A
OPT SJ Equity 2024,#N/A N/A,#N/A N/A,#N/A N/A,#N/A N/A,#N/A N/A,#N/A N/A,#N/A N/A,#N/A N/A,#N/A N/A,#N/A N/A,#N/A N/A,#N/A N/A,#N/A N/A,#N/A N/A,#N/A N/A,#N/A N/A,#N/A N/A,#N/A N/A,#N/A N/A,#N/A N/A,#N/A N/A,#N/A N/A,OPTIMUM COAL HOLDINGS PTY LT,#N/A N/A,#N/A N/A,#N/A N/A,#N/A N/A,#N/A N/A
OPG LN Equity 2018,#N/A N/A,#N/A N/A,#N/A N/A,#N/A N/A,#N/A N/A,#N/A N/A,#N/A N/A,#N/A N/A,#N/A N/A,#N/A N/A,#N/A N/A,#N/A N/A,#N/A N/A,#N/A N/A,#N/A N/A,#N/A N/A,#N/A N/A,#N/A N/A,#N/A N/A,156.7161,140.1153,64.581,OPG POWER VENTURES PLC,353.1089,18.125,93.4659,2.1856,304.7434
OPG LN Equity 2019,#N/A N/A,#N/A N/A,#N/A N/A,#N/A N/A,#N/A N/A,#N/A N/A,#N/A N/A,#N/A N/A,#N/A N/A,#N/A N/A,#N/A N/A,#N/A N/A,#N/A N/A,#N/A N/A,#N/A N/A,#N/A N/A,#N/A N/A,#N/A N/A,#N/A N/A,163.4992,140.6323,84.3705,OPG POWER VENTURES PLC,367.6506,21.75,80.3649,2.119,344.8257
OPG LN Equity 2020,#N/A N/A,#N/A N/A,#N/A N/A,#N/A N/A,#N/A N/A,#N/A N/A,#N/A N/A,#N/A N/A,#N/A N/A,#N/A N/A,#N/A N/A,#N/A N/A,#N/A N/A,#N/A N/A,#N/A N/A,#N/A N/A,#N/A N/A,#N/A N/A,#N/A N/A,99.4702,#N/A N/A,45.5834,OPG POWER VENTURES PLC,390.9233,11.375,56.8277,3.4388,296.3377
OPG LN Equity 2021,#N/A N/A,#N/A N/A,#N/A N/A,#N/A N/A,#N/A N/A,#N/A N/A,#N/A N/A,#N/A N/A,#N/A N/A,#N/A N/A,#N/A N/A,#N/A N/A,#N/A N/A,#N/A N/A,#N/A N/A,#N/A N/A,#N/A N/A,#N/A N/A,#N/A N/A,115.7128,93.8239,77.1412,OPG POWER VENTURES PLC,400.7335,19.25,46.6107,8.921,255.5019
OPG LN Equity 2022,#N/A N/A,#N/A N/A,#N/A N/A,#N/A N/A,#N/A N/A,#N/A N/A,#N/A N/A,#N/A N/A,#N/A N/A,#N/A N/A,#N/A N/A,#N/A N/A,#N/A N/A,#N/A N/A,#N/A N/A,#N/A N/A,#N/A N/A,#N/A N/A,#N/A N/A,65.1195,80.067,28.6524,OPG POWER VENTURES PLC,402.924,7.15,43.2858,7.6914,256.0581
OPG LN Equity 2023,#N/A N/A,#N/A N/A,#N/A N/A,#N/A N/A,#N/A N/A,#N/A N/A,#N/A N/A,#N/A N/A,#N/A N/A,#N/A N/A,#N/A N/A,#N/A N/A,#N/A N/A,#N/A N/A,#N/A N/A,#N/A N/A,#N/A N/A,#N/A N/A,#N/A N/A,66.6203,#N/A N/A,36.4667,OPG POWER VENTURES PLC,402.924,9.1,32.5971,3.3191,253.7795
OPG LN Equity 2024,#N/A N/A,#N/A N/A,#N/A N/A,#N/A N/A,#N/A N/A,#N/A N/A,#N/A N/A,#N/A N/A,#N/A N/A,#N/A N/A,#N/A N/A,#N/A N/A,#N/A N/A,#N/A N/A,#N/A N/A,#N/A N/A,#N/A N/A,#N/A N/A,#N/A N/A,57.4032,155.6873,40.4741,OPG POWER VENTURES PLC,402.924,10.1,28.6375,11.7143,272.9359
ONEENZ TT Equity 2018,#N/A N/A,#N/A N/A,#N/A N/A,#N/A N/A,#N/A N/A,#N/A N/A,#N/A N/A,#N/A N/A,#N/A N/A,#N/A N/A,#N/A N/A,#N/A N/A,#N/A N/A,#N/A N/A,#N/A N/A,#N/A N/A,#N/A N/A,#N/A N/A,#N/A N/A,#N/A N/A,#N/A N/A,#N/A N/A,ONEENERGY LTD,#N/A N/A,#N/A N/A,#N/A N/A,#N/A N/A,#N/A N/A
ONEENZ TT Equity 2019,#N/A N/A,#N/A N/A,#N/A N/A,#N/A N/A,#N/A N/A,#N/A N/A,#N/A N/A,#N/A N/A,#N/A N/A,#N/A N/A,#N/A N/A,#N/A N/A,#N/A N/A,#N/A N/A,#N/A N/A,#N/A N/A,#N/A N/A,#N/A N/A,#N/A N/A,#N/A N/A,#N/A N/A,#N/A N/A,ONEENERGY LTD,#N/A N/A,#N/A N/A,#N/A N/A,#N/A N/A,#N/A N/A
ONEENZ TT Equity 2020,#N/A N/A,#N/A N/A,#N/A N/A,#N/A N/A,#N/A N/A,#N/A N/A,#N/A N/A,#N/A N/A,#N/A N/A,#N/A N/A,#N/A N/A,#N/A N/A,#N/A N/A,#N/A N/A,#N/A N/A,#N/A N/A,#N/A N/A,#N/A N/A,#N/A N/A,#N/A N/A,#N/A N/A,#N/A N/A,ONEENERGY LTD,#N/A N/A,#N/A N/A,#N/A N/A,#N/A N/A,#N/A N/A
ONEENZ TT Equity 2021,#N/A N/A,#N/A N/A,#N/A N/A,#N/A N/A,#N/A N/A,#N/A N/A,#N/A N/A,#N/A N/A,#N/A N/A,#N/A N/A,#N/A N/A,#N/A N/A,#N/A N/A,#N/A N/A,#N/A N/A,#N/A N/A,#N/A N/A,#N/A N/A,#N/A N/A,#N/A N/A,#N/A N/A,#N/A N/A,ONEENERGY LTD,#N/A N/A,#N/A N/A,#N/A N/A,#N/A N/A,#N/A N/A
ONEENZ TT Equity 2022,#N/A N/A,#N/A N/A,#N/A N/A,#N/A N/A,#N/A N/A,#N/A N/A,#N/A N/A,#N/A N/A,#N/A N/A,#N/A N/A,#N/A N/A,#N/A N/A,#N/A N/A,#N/A N/A,#N/A N/A,#N/A N/A,#N/A N/A,#N/A N/A,#N/A N/A,#N/A N/A,#N/A N/A,#N/A N/A,ONEENERGY LTD,#N/A N/A,#N/A N/A,#N/A N/A,#N/A N/A,#N/A N/A
ONEENZ TT Equity 2023,#N/A N/A,#N/A N/A,#N/A N/A,#N/A N/A,#N/A N/A,#N/A N/A,#N/A N/A,#N/A N/A,#N/A N/A,#N/A N/A,#N/A N/A,#N/A N/A,#N/A N/A,#N/A N/A,#N/A N/A,#N/A N/A,#N/A N/A,#N/A N/A,#N/A N/A,#N/A N/A,#N/A N/A,#N/A N/A,ONEENERGY LTD,#N/A N/A,#N/A N/A,#N/A N/A,#N/A N/A,#N/A N/A
ONEENZ TT Equity 2024,#N/A N/A,#N/A N/A,#N/A N/A,#N/A N/A,#N/A N/A,#N/A N/A,#N/A N/A,#N/A N/A,#N/A N/A,#N/A N/A,#N/A N/A,#N/A N/A,#N/A N/A,#N/A N/A,#N/A N/A,#N/A N/A,#N/A N/A,#N/A N/A,#N/A N/A,#N/A N/A,#N/A N/A,#N/A N/A,ONEENERGY LTD,#N/A N/A,#N/A N/A,#N/A N/A,#N/A N/A,#N/A N/A
OGEEM US Equity 2018,#N/A N/A,#N/A N/A,#N/A N/A,#N/A N/A,#N/A N/A,#N/A N/A,#N/A N/A,#N/A N/A,#N/A N/A,#N/A N/A,#N/A N/A,#N/A N/A,#N/A N/A,#N/A N/A,#N/A N/A,#N/A N/A,#N/A N/A,#N/A N/A,#N/A N/A,#N/A N/A,#N/A N/A,#N/A N/A,OKLAHOMA GAS AND ELECTRIC CO,40.3787,#N/A N/A,3146.9,0,9704.5
OGEEM US Equity 2019,#N/A N/A,#N/A N/A,#N/A N/A,#N/A N/A,#N/A N/A,#N/A N/A,#N/A N/A,#N/A N/A,#N/A N/A,#N/A N/A,#N/A N/A,#N/A N/A,#N/A N/A,#N/A N/A,#N/A N/A,#N/A N/A,#N/A N/A,#N/A N/A,#N/A N/A,#N/A N/A,#N/A N/A,#N/A N/A,OKLAHOMA GAS AND ELECTRIC CO,40.3787,#N/A N/A,3239.5,0,10076.6
OGEEM US Equity 2020,#N/A N/A,#N/A N/A,#N/A N/A,#N/A N/A,#N/A N/A,#N/A N/A,#N/A N/A,#N/A N/A,#N/A N/A,#N/A N/A,#N/A N/A,#N/A N/A,#N/A N/A,#N/A N/A,#N/A N/A,#N/A N/A,#N/A N/A,#N/A N/A,#N/A N/A,#N/A N/A,#N/A N/A,#N/A N/A,OKLAHOMA GAS AND ELECTRIC CO,40.3785,#N/A N/A,3536.1,0,10489
OGEEM US Equity 2021,#N/A N/A,#N/A N/A,#N/A N/A,#N/A N/A,#N/A N/A,#N/A N/A,#N/A N/A,#N/A N/A,#N/A N/A,#N/A N/A,#N/A N/A,#N/A N/A,#N/A N/A,#N/A N/A,#N/A N/A,#N/A N/A,#N/A N/A,#N/A N/A,#N/A N/A,#N/A N/A,#N/A N/A,#N/A N/A,OKLAHOMA GAS AND ELECTRIC CO,40.3787,#N/A N/A,4034.1,0,11688
OGEEM US Equity 2022,#N/A N/A,#N/A N/A,#N/A N/A,#N/A N/A,#N/A N/A,#N/A N/A,#N/A N/A,#N/A N/A,#N/A N/A,#N/A N/A,#N/A N/A,#N/A N/A,#N/A N/A,#N/A N/A,#N/A N/A,#N/A N/A,#N/A N/A,#N/A N/A,#N/A N/A,#N/A N/A,#N/A N/A,#N/A N/A,OKLAHOMA GAS AND ELECTRIC CO,40.3787,#N/A N/A,4033.7,0,12410.5
OGEEM US Equity 2023,#N/A N/A,#N/A N/A,#N/A N/A,#N/A N/A,#N/A N/A,#N/A N/A,#N/A N/A,#N/A N/A,#N/A N/A,#N/A N/A,#N/A N/A,#N/A N/A,#N/A N/A,#N/A N/A,#N/A N/A,#N/A N/A,#N/A N/A,#N/A N/A,#N/A N/A,#N/A N/A,#N/A N/A,#N/A N/A,OKLAHOMA GAS AND ELECTRIC CO,40.3787,#N/A N/A,4321.1,0.2,12642.6
OGEEM US Equity 2024,#N/A N/A,#N/A N/A,#N/A N/A,#N/A N/A,#N/A N/A,#N/A N/A,#N/A N/A,#N/A N/A,#N/A N/A,#N/A N/A,#N/A N/A,#N/A N/A,#N/A N/A,#N/A N/A,#N/A N/A,#N/A N/A,#N/A N/A,#N/A N/A,#N/A N/A,#N/A N/A,#N/A N/A,#N/A N/A,OKLAHOMA GAS AND ELECTRIC CO,40.3787,#N/A N/A,4679.4,0.2,13581.3
OGE US Equity 2018,14130,170.973,7619.72,#N/A N/A,#N/A N/A,7619.7202,#N/A N/A,#N/A N/A,#N/A N/A,#N/A N/A,#N/A N/A,#N/A N/A,#N/A N/A,#N/A N/A,#N/A N/A,#N/A N/A,#N/A N/A,#N/A N/A,#N/A N/A,10878.843,2270.3,7826.243,OGE ENERGY CORP,199.7,39.19,3146.9,94.3,10748.6
OGE US Equity 2019,12590.3,152.342,7652.16,#N/A N/A,#N/A N/A,7652.1602,#N/A N/A,#N/A N/A,#N/A N/A,#N/A N/A,#N/A N/A,#N/A N/A,#N/A N/A,#N/A N/A,#N/A N/A,#N/A N/A,#N/A N/A,#N/A N/A,#N/A N/A,12251.447,2231.6,8898.447,OGE ENERGY CORP,200.1,44.47,3353,0,11024.3
OGE US Equity 2020,12407.8,150.134,5475.69,#N/A N/A,#N/A N/A,5475.6899,#N/A N/A,#N/A N/A,#N/A N/A,#N/A N/A,#N/A N/A,#N/A N/A,#N/A N/A,#N/A N/A,#N/A N/A,#N/A N/A,#N/A N/A,#N/A N/A,#N/A N/A,10005.786,2122.3,6375.186,OGE ENERGY CORP,200.1,31.86,3631.7,1.1,10718.8
OGE US Equity 2021,12623.1,#N/A N/A,5782.56,#N/A N/A,#N/A N/A,5782.5601,#N/A N/A,#N/A N/A,#N/A N/A,#N/A N/A,#N/A N/A,#N/A N/A,#N/A N/A,#N/A N/A,#N/A N/A,#N/A N/A,#N/A N/A,#N/A N/A,#N/A N/A,12700.738,3653.7,7679.838,OGE ENERGY CORP,200.1,38.38,5020.9,0,12606.4
OGE US Equity 2022,10004.7,0.41,8621.26,#N/A N/A,#N/A N/A,8621.2598,#N/A N/A,#N/A N/A,#N/A N/A,#N/A N/A,#N/A N/A,#N/A N/A,#N/A N/A,#N/A N/A,#N/A N/A,#N/A N/A,#N/A N/A,#N/A N/A,#N/A N/A,12413.21,3375.7,7917.91,OGE ENERGY CORP,200.2,39.55,4583.4,88.1,12544.7
OGE US Equity 2023,9079.25,0.385,8094.72,#N/A N/A,#N/A N/A,8094.7202,#N/A N/A,#N/A N/A,#N/A N/A,#N/A N/A,#N/A N/A,#N/A N/A,#N/A N/A,#N/A N/A,#N/A N/A,#N/A N/A,#N/A N/A,#N/A N/A,#N/A N/A,11866.479,2674.3,6996.479,OGE ENERGY CORP,200.3,34.93,4870.2,0.2,12790.7
OGE US Equity 2024,#N/A N/A,#N/A N/A,#N/A N/A,#N/A N/A,#N/A N/A,#N/A N/A,#N/A N/A,#N/A N/A,#N/A N/A,#N/A N/A,#N/A N/A,#N/A N/A,#N/A N/A,#N/A N/A,#N/A N/A,#N/A N/A,#N/A N/A,#N/A N/A,#N/A N/A,13845.95,2985.3,8291.25,OGE ENERGY CORP,200.8,41.25,5555.3,0.6,13716
ODAS TI Equity 2018,#N/A N/A,#N/A N/A,#N/A N/A,#N/A N/A,#N/A N/A,#N/A N/A,#N/A N/A,#N/A N/A,#N/A N/A,#N/A N/A,#N/A N/A,#N/A N/A,#N/A N/A,#N/A N/A,#N/A N/A,#N/A N/A,#N/A N/A,#N/A N/A,#N/A N/A,1995.8088,886.6447,259.2825,ODAS ELEKTRIK URETIM VE SANA,356.8336,0.727,1728.7838,7.1334,3076.0632
ODAS TI Equity 2019,#N/A N/A,#N/A N/A,#N/A N/A,#N/A N/A,#N/A N/A,#N/A N/A,#N/A N/A,#N/A N/A,#N/A N/A,#N/A N/A,#N/A N/A,#N/A N/A,#N/A N/A,#N/A N/A,#N/A N/A,#N/A N/A,#N/A N/A,#N/A N/A,#N/A N/A,2462.5506,938.4507,618.9602,ODAS ELEKTRIK URETIM VE SANA,571.1567,1.084,1873.7408,16.3559,3231.796
ODAS TI Equity 2020,#N/A N/A,#N/A N/A,#N/A N/A,#N/A N/A,#N/A N/A,#N/A N/A,#N/A N/A,#N/A N/A,#N/A N/A,#N/A N/A,#N/A N/A,#N/A N/A,#N/A N/A,#N/A N/A,#N/A N/A,#N/A N/A,#N/A N/A,#N/A N/A,#N/A N/A,4411.5566,#N/A N/A,2340,ODAS ELEKTRIK URETIM VE SANA,742.5706,2.923,2094.6269,15.4312,3406.0827
ODAS TI Equity 2021,#N/A N/A,#N/A N/A,#N/A N/A,#N/A N/A,#N/A N/A,#N/A N/A,#N/A N/A,#N/A N/A,#N/A N/A,#N/A N/A,#N/A N/A,#N/A N/A,#N/A N/A,#N/A N/A,#N/A N/A,#N/A N/A,#N/A N/A,#N/A N/A,#N/A N/A,4206.0207,1445.6015,1876,ODAS ELEKTRIK URETIM VE SANA,878.3562,1.34,2501.037,173.2582,6968.6749
ODAS TI Equity 2022,#N/A N/A,#N/A N/A,#N/A N/A,#N/A N/A,#N/A N/A,#N/A N/A,#N/A N/A,#N/A N/A,#N/A N/A,#N/A N/A,#N/A N/A,#N/A N/A,#N/A N/A,#N/A N/A,#N/A N/A,#N/A N/A,#N/A N/A,#N/A N/A,#N/A N/A,17171.0218,7640.6566,15750,ODAS ELEKTRIK URETIM VE SANA,1400,11.25,2382.9058,1476.3224,11448.9279
ODAS TI Equity 2023,#N/A N/A,#N/A N/A,#N/A N/A,#N/A N/A,#N/A N/A,#N/A N/A,#N/A N/A,#N/A N/A,#N/A N/A,#N/A N/A,#N/A N/A,#N/A N/A,#N/A N/A,#N/A N/A,#N/A N/A,#N/A N/A,#N/A N/A,#N/A N/A,#N/A N/A,17080.1632,7441.0983,11550,ODAS ELEKTRIK URETIM VE SANA,1400,8.25,221.8554,708.0706,22561.7792
ODAS TI Equity 2024,#N/A N/A,#N/A N/A,#N/A N/A,#N/A N/A,#N/A N/A,#N/A N/A,#N/A N/A,#N/A N/A,#N/A N/A,#N/A N/A,#N/A N/A,#N/A N/A,#N/A N/A,#N/A N/A,#N/A N/A,#N/A N/A,#N/A N/A,#N/A N/A,#N/A N/A,21833.0918,7804.5789,8442,ODAS ELEKTRIK URETIM VE SANA,1400,6.03,561.7977,2040.8423,37595.2801
ONEENZ TT Equity 2018,#N/A N/A,#N/A N/A,#N/A N/A,#N/A N/A,#N/A N/A,#N/A N/A,#N/A N/A,#N/A N/A,#N/A N/A,#N/A N/A,#N/A N/A,#N/A N/A,#N/A N/A,#N/A N/A,#N/A N/A,#N/A N/A,#N/A N/A,#N/A N/A,#N/A N/A,#N/A N/A,#N/A N/A,#N/A N/A,ONEENERGY LTD,#N/A N/A,#N/A N/A,#N/A N/A,#N/A N/A,#N/A N/A
ONEENZ TT Equity 2019,#N/A N/A,#N/A N/A,#N/A N/A,#N/A N/A,#N/A N/A,#N/A N/A,#N/A N/A,#N/A N/A,#N/A N/A,#N/A N/A,#N/A N/A,#N/A N/A,#N/A N/A,#N/A N/A,#N/A N/A,#N/A N/A,#N/A N/A,#N/A N/A,#N/A N/A,#N/A N/A,#N/A N/A,#N/A N/A,ONEENERGY LTD,#N/A N/A,#N/A N/A,#N/A N/A,#N/A N/A,#N/A N/A
ONEENZ TT Equity 2020,#N/A N/A,#N/A N/A,#N/A N/A,#N/A N/A,#N/A N/A,#N/A N/A,#N/A N/A,#N/A N/A,#N/A N/A,#N/A N/A,#N/A N/A,#N/A N/A,#N/A N/A,#N/A N/A,#N/A N/A,#N/A N/A,#N/A N/A,#N/A N/A,#N/A N/A,#N/A N/A,#N/A N/A,#N/A N/A,ONEENERGY LTD,#N/A N/A,#N/A N/A,#N/A N/A,#N/A N/A,#N/A N/A
ONEENZ TT Equity 2021,#N/A N/A,#N/A N/A,#N/A N/A,#N/A N/A,#N/A N/A,#N/A N/A,#N/A N/A,#N/A N/A,#N/A N/A,#N/A N/A,#N/A N/A,#N/A N/A,#N/A N/A,#N/A N/A,#N/A N/A,#N/A N/A,#N/A N/A,#N/A N/A,#N/A N/A,#N/A N/A,#N/A N/A,#N/A N/A,ONEENERGY LTD,#N/A N/A,#N/A N/A,#N/A N/A,#N/A N/A,#N/A N/A
ONEENZ TT Equity 2022,#N/A N/A,#N/A N/A,#N/A N/A,#N/A N/A,#N/A N/A,#N/A N/A,#N/A N/A,#N/A N/A,#N/A N/A,#N/A N/A,#N/A N/A,#N/A N/A,#N/A N/A,#N/A N/A,#N/A N/A,#N/A N/A,#N/A N/A,#N/A N/A,#N/A N/A,#N/A N/A,#N/A N/A,#N/A N/A,ONEENERGY LTD,#N/A N/A,#N/A N/A,#N/A N/A,#N/A N/A,#N/A N/A
ONEENZ TT Equity 2023,#N/A N/A,#N/A N/A,#N/A N/A,#N/A N/A,#N/A N/A,#N/A N/A,#N/A N/A,#N/A N/A,#N/A N/A,#N/A N/A,#N/A N/A,#N/A N/A,#N/A N/A,#N/A N/A,#N/A N/A,#N/A N/A,#N/A N/A,#N/A N/A,#N/A N/A,#N/A N/A,#N/A N/A,#N/A N/A,ONEENERGY LTD,#N/A N/A,#N/A N/A,#N/A N/A,#N/A N/A,#N/A N/A
ONEENZ TT Equity 2024,#N/A N/A,#N/A N/A,#N/A N/A,#N/A N/A,#N/A N/A,#N/A N/A,#N/A N/A,#N/A N/A,#N/A N/A,#N/A N/A,#N/A N/A,#N/A N/A,#N/A N/A,#N/A N/A,#N/A N/A,#N/A N/A,#N/A N/A,#N/A N/A,#N/A N/A,#N/A N/A,#N/A N/A,#N/A N/A,ONEENERGY LTD,#N/A N/A,#N/A N/A,#N/A N/A,#N/A N/A,#N/A N/A
ONEENZ TT Equity 2018,#N/A N/A,#N/A N/A,#N/A N/A,#N/A N/A,#N/A N/A,#N/A N/A,#N/A N/A,#N/A N/A,#N/A N/A,#N/A N/A,#N/A N/A,#N/A N/A,#N/A N/A,#N/A N/A,#N/A N/A,#N/A N/A,#N/A N/A,#N/A N/A,#N/A N/A,#N/A N/A,#N/A N/A,#N/A N/A,ONEENERGY LTD,#N/A N/A,#N/A N/A,#N/A N/A,#N/A N/A,#N/A N/A
ONEENZ TT Equity 2019,#N/A N/A,#N/A N/A,#N/A N/A,#N/A N/A,#N/A N/A,#N/A N/A,#N/A N/A,#N/A N/A,#N/A N/A,#N/A N/A,#N/A N/A,#N/A N/A,#N/A N/A,#N/A N/A,#N/A N/A,#N/A N/A,#N/A N/A,#N/A N/A,#N/A N/A,#N/A N/A,#N/A N/A,#N/A N/A,ONEENERGY LTD,#N/A N/A,#N/A N/A,#N/A N/A,#N/A N/A,#N/A N/A
ONEENZ TT Equity 2020,#N/A N/A,#N/A N/A,#N/A N/A,#N/A N/A,#N/A N/A,#N/A N/A,#N/A N/A,#N/A N/A,#N/A N/A,#N/A N/A,#N/A N/A,#N/A N/A,#N/A N/A,#N/A N/A,#N/A N/A,#N/A N/A,#N/A N/A,#N/A N/A,#N/A N/A,#N/A N/A,#N/A N/A,#N/A N/A,ONEENERGY LTD,#N/A N/A,#N/A N/A,#N/A N/A,#N/A N/A,#N/A N/A
ONEENZ TT Equity 2021,#N/A N/A,#N/A N/A,#N/A N/A,#N/A N/A,#N/A N/A,#N/A N/A,#N/A N/A,#N/A N/A,#N/A N/A,#N/A N/A,#N/A N/A,#N/A N/A,#N/A N/A,#N/A N/A,#N/A N/A,#N/A N/A,#N/A N/A,#N/A N/A,#N/A N/A,#N/A N/A,#N/A N/A,#N/A N/A,ONEENERGY LTD,#N/A N/A,#N/A N/A,#N/A N/A,#N/A N/A,#N/A N/A
ONEENZ TT Equity 2022,#N/A N/A,#N/A N/A,#N/A N/A,#N/A N/A,#N/A N/A,#N/A N/A,#N/A N/A,#N/A N/A,#N/A N/A,#N/A N/A,#N/A N/A,#N/A N/A,#N/A N/A,#N/A N/A,#N/A N/A,#N/A N/A,#N/A N/A,#N/A N/A,#N/A N/A,#N/A N/A,#N/A N/A,#N/A N/A,ONEENERGY LTD,#N/A N/A,#N/A N/A,#N/A N/A,#N/A N/A,#N/A N/A
ONEENZ TT Equity 2023,#N/A N/A,#N/A N/A,#N/A N/A,#N/A N/A,#N/A N/A,#N/A N/A,#N/A N/A,#N/A N/A,#N/A N/A,#N/A N/A,#N/A N/A,#N/A N/A,#N/A N/A,#N/A N/A,#N/A N/A,#N/A N/A,#N/A N/A,#N/A N/A,#N/A N/A,#N/A N/A,#N/A N/A,#N/A N/A,ONEENERGY LTD,#N/A N/A,#N/A N/A,#N/A N/A,#N/A N/A,#N/A N/A
ONEENZ TT Equity 2024,#N/A N/A,#N/A N/A,#N/A N/A,#N/A N/A,#N/A N/A,#N/A N/A,#N/A N/A,#N/A N/A,#N/A N/A,#N/A N/A,#N/A N/A,#N/A N/A,#N/A N/A,#N/A N/A,#N/A N/A,#N/A N/A,#N/A N/A,#N/A N/A,#N/A N/A,#N/A N/A,#N/A N/A,#N/A N/A,ONEENERGY LTD,#N/A N/A,#N/A N/A,#N/A N/A,#N/A N/A,#N/A N/A
OPAMQZ CH Equity 2018,#N/A N/A,#N/A N/A,#N/A N/A,#N/A N/A,#N/A N/A,#N/A N/A,#N/A N/A,#N/A N/A,#N/A N/A,#N/A N/A,#N/A N/A,#N/A N/A,#N/A N/A,#N/A N/A,#N/A N/A,#N/A N/A,#N/A N/A,#N/A N/A,#N/A N/A,#N/A N/A,#N/A N/A,#N/A N/A,QINHUANGDAO POWER GENERATIO,#N/A N/A,#N/A N/A,#N/A N/A,#N/A N/A,#N/A N/A
OPAMQZ CH Equity 2019,#N/A N/A,#N/A N/A,#N/A N/A,#N/A N/A,#N/A N/A,#N/A N/A,#N/A N/A,#N/A N/A,#N/A N/A,#N/A N/A,#N/A N/A,#N/A N/A,#N/A N/A,#N/A N/A,#N/A N/A,#N/A N/A,#N/A N/A,#N/A N/A,#N/A N/A,#N/A N/A,#N/A N/A,#N/A N/A,QINHUANGDAO POWER GENERATIO,#N/A N/A,#N/A N/A,#N/A N/A,#N/A N/A,#N/A N/A
OPAMQZ CH Equity 2020,#N/A N/A,#N/A N/A,#N/A N/A,#N/A N/A,#N/A N/A,#N/A N/A,#N/A N/A,#N/A N/A,#N/A N/A,#N/A N/A,#N/A N/A,#N/A N/A,#N/A N/A,#N/A N/A,#N/A N/A,#N/A N/A,#N/A N/A,#N/A N/A,#N/A N/A,#N/A N/A,#N/A N/A,#N/A N/A,QINHUANGDAO POWER GENERATIO,#N/A N/A,#N/A N/A,#N/A N/A,#N/A N/A,#N/A N/A
OPAMQZ CH Equity 2021,#N/A N/A,#N/A N/A,#N/A N/A,#N/A N/A,#N/A N/A,#N/A N/A,#N/A N/A,#N/A N/A,#N/A N/A,#N/A N/A,#N/A N/A,#N/A N/A,#N/A N/A,#N/A N/A,#N/A N/A,#N/A N/A,#N/A N/A,#N/A N/A,#N/A N/A,#N/A N/A,#N/A N/A,#N/A N/A,QINHUANGDAO POWER GENERATIO,#N/A N/A,#N/A N/A,#N/A N/A,#N/A N/A,#N/A N/A
OPAMQZ CH Equity 2022,#N/A N/A,#N/A N/A,#N/A N/A,#N/A N/A,#N/A N/A,#N/A N/A,#N/A N/A,#N/A N/A,#N/A N/A,#N/A N/A,#N/A N/A,#N/A N/A,#N/A N/A,#N/A N/A,#N/A N/A,#N/A N/A,#N/A N/A,#N/A N/A,#N/A N/A,#N/A N/A,#N/A N/A,#N/A N/A,QINHUANGDAO POWER GENERATIO,#N/A N/A,#N/A N/A,#N/A N/A,#N/A N/A,#N/A N/A
OPAMQZ CH Equity 2023,#N/A N/A,#N/A N/A,#N/A N/A,#N/A N/A,#N/A N/A,#N/A N/A,#N/A N/A,#N/A N/A,#N/A N/A,#N/A N/A,#N/A N/A,#N/A N/A,#N/A N/A,#N/A N/A,#N/A N/A,#N/A N/A,#N/A N/A,#N/A N/A,#N/A N/A,#N/A N/A,#N/A N/A,#N/A N/A,QINHUANGDAO POWER GENERATIO,#N/A N/A,#N/A N/A,#N/A N/A,#N/A N/A,#N/A N/A
OPAMQZ CH Equity 2024,#N/A N/A,#N/A N/A,#N/A N/A,#N/A N/A,#N/A N/A,#N/A N/A,#N/A N/A,#N/A N/A,#N/A N/A,#N/A N/A,#N/A N/A,#N/A N/A,#N/A N/A,#N/A N/A,#N/A N/A,#N/A N/A,#N/A N/A,#N/A N/A,#N/A N/A,#N/A N/A,#N/A N/A,#N/A N/A,QINHUANGDAO POWER GENERATIO,#N/A N/A,#N/A N/A,#N/A N/A,#N/A N/A,#N/A N/A
ONEENZ TT Equity 2018,#N/A N/A,#N/A N/A,#N/A N/A,#N/A N/A,#N/A N/A,#N/A N/A,#N/A N/A,#N/A N/A,#N/A N/A,#N/A N/A,#N/A N/A,#N/A N/A,#N/A N/A,#N/A N/A,#N/A N/A,#N/A N/A,#N/A N/A,#N/A N/A,#N/A N/A,#N/A N/A,#N/A N/A,#N/A N/A,ONEENERGY LTD,#N/A N/A,#N/A N/A,#N/A N/A,#N/A N/A,#N/A N/A
ONEENZ TT Equity 2019,#N/A N/A,#N/A N/A,#N/A N/A,#N/A N/A,#N/A N/A,#N/A N/A,#N/A N/A,#N/A N/A,#N/A N/A,#N/A N/A,#N/A N/A,#N/A N/A,#N/A N/A,#N/A N/A,#N/A N/A,#N/A N/A,#N/A N/A,#N/A N/A,#N/A N/A,#N/A N/A,#N/A N/A,#N/A N/A,ONEENERGY LTD,#N/A N/A,#N/A N/A,#N/A N/A,#N/A N/A,#N/A N/A
ONEENZ TT Equity 2020,#N/A N/A,#N/A N/A,#N/A N/A,#N/A N/A,#N/A N/A,#N/A N/A,#N/A N/A,#N/A N/A,#N/A N/A,#N/A N/A,#N/A N/A,#N/A N/A,#N/A N/A,#N/A N/A,#N/A N/A,#N/A N/A,#N/A N/A,#N/A N/A,#N/A N/A,#N/A N/A,#N/A N/A,#N/A N/A,ONEENERGY LTD,#N/A N/A,#N/A N/A,#N/A N/A,#N/A N/A,#N/A N/A
ONEENZ TT Equity 2021,#N/A N/A,#N/A N/A,#N/A N/A,#N/A N/A,#N/A N/A,#N/A N/A,#N/A N/A,#N/A N/A,#N/A N/A,#N/A N/A,#N/A N/A,#N/A N/A,#N/A N/A,#N/A N/A,#N/A N/A,#N/A N/A,#N/A N/A,#N/A N/A,#N/A N/A,#N/A N/A,#N/A N/A,#N/A N/A,ONEENERGY LTD,#N/A N/A,#N/A N/A,#N/A N/A,#N/A N/A,#N/A N/A
ONEENZ TT Equity 2022,#N/A N/A,#N/A N/A,#N/A N/A,#N/A N/A,#N/A N/A,#N/A N/A,#N/A N/A,#N/A N/A,#N/A N/A,#N/A N/A,#N/A N/A,#N/A N/A,#N/A N/A,#N/A N/A,#N/A N/A,#N/A N/A,#N/A N/A,#N/A N/A,#N/A N/A,#N/A N/A,#N/A N/A,#N/A N/A,ONEENERGY LTD,#N/A N/A,#N/A N/A,#N/A N/A,#N/A N/A,#N/A N/A
ONEENZ TT Equity 2023,#N/A N/A,#N/A N/A,#N/A N/A,#N/A N/A,#N/A N/A,#N/A N/A,#N/A N/A,#N/A N/A,#N/A N/A,#N/A N/A,#N/A N/A,#N/A N/A,#N/A N/A,#N/A N/A,#N/A N/A,#N/A N/A,#N/A N/A,#N/A N/A,#N/A N/A,#N/A N/A,#N/A N/A,#N/A N/A,ONEENERGY LTD,#N/A N/A,#N/A N/A,#N/A N/A,#N/A N/A,#N/A N/A
ONEENZ TT Equity 2024,#N/A N/A,#N/A N/A,#N/A N/A,#N/A N/A,#N/A N/A,#N/A N/A,#N/A N/A,#N/A N/A,#N/A N/A,#N/A N/A,#N/A N/A,#N/A N/A,#N/A N/A,#N/A N/A,#N/A N/A,#N/A N/A,#N/A N/A,#N/A N/A,#N/A N/A,#N/A N/A,#N/A N/A,#N/A N/A,ONEENERGY LTD,#N/A N/A,#N/A N/A,#N/A N/A,#N/A N/A,#N/A N/A
OPAMQZ CH Equity 2018,#N/A N/A,#N/A N/A,#N/A N/A,#N/A N/A,#N/A N/A,#N/A N/A,#N/A N/A,#N/A N/A,#N/A N/A,#N/A N/A,#N/A N/A,#N/A N/A,#N/A N/A,#N/A N/A,#N/A N/A,#N/A N/A,#N/A N/A,#N/A N/A,#N/A N/A,#N/A N/A,#N/A N/A,#N/A N/A,QINHUANGDAO POWER GENERATIO,#N/A N/A,#N/A N/A,#N/A N/A,#N/A N/A,#N/A N/A
OPAMQZ CH Equity 2019,#N/A N/A,#N/A N/A,#N/A N/A,#N/A N/A,#N/A N/A,#N/A N/A,#N/A N/A,#N/A N/A,#N/A N/A,#N/A N/A,#N/A N/A,#N/A N/A,#N/A N/A,#N/A N/A,#N/A N/A,#N/A N/A,#N/A N/A,#N/A N/A,#N/A N/A,#N/A N/A,#N/A N/A,#N/A N/A,QINHUANGDAO POWER GENERATIO,#N/A N/A,#N/A N/A,#N/A N/A,#N/A N/A,#N/A N/A
OPAMQZ CH Equity 2020,#N/A N/A,#N/A N/A,#N/A N/A,#N/A N/A,#N/A N/A,#N/A N/A,#N/A N/A,#N/A N/A,#N/A N/A,#N/A N/A,#N/A N/A,#N/A N/A,#N/A N/A,#N/A N/A,#N/A N/A,#N/A N/A,#N/A N/A,#N/A N/A,#N/A N/A,#N/A N/A,#N/A N/A,#N/A N/A,QINHUANGDAO POWER GENERATIO,#N/A N/A,#N/A N/A,#N/A N/A,#N/A N/A,#N/A N/A
OPAMQZ CH Equity 2021,#N/A N/A,#N/A N/A,#N/A N/A,#N/A N/A,#N/A N/A,#N/A N/A,#N/A N/A,#N/A N/A,#N/A N/A,#N/A N/A,#N/A N/A,#N/A N/A,#N/A N/A,#N/A N/A,#N/A N/A,#N/A N/A,#N/A N/A,#N/A N/A,#N/A N/A,#N/A N/A,#N/A N/A,#N/A N/A,QINHUANGDAO POWER GENERATIO,#N/A N/A,#N/A N/A,#N/A N/A,#N/A N/A,#N/A N/A
OPAMQZ CH Equity 2022,#N/A N/A,#N/A N/A,#N/A N/A,#N/A N/A,#N/A N/A,#N/A N/A,#N/A N/A,#N/A N/A,#N/A N/A,#N/A N/A,#N/A N/A,#N/A N/A,#N/A N/A,#N/A N/A,#N/A N/A,#N/A N/A,#N/A N/A,#N/A N/A,#N/A N/A,#N/A N/A,#N/A N/A,#N/A N/A,QINHUANGDAO POWER GENERATIO,#N/A N/A,#N/A N/A,#N/A N/A,#N/A N/A,#N/A N/A
OPAMQZ CH Equity 2023,#N/A N/A,#N/A N/A,#N/A N/A,#N/A N/A,#N/A N/A,#N/A N/A,#N/A N/A,#N/A N/A,#N/A N/A,#N/A N/A,#N/A N/A,#N/A N/A,#N/A N/A,#N/A N/A,#N/A N/A,#N/A N/A,#N/A N/A,#N/A N/A,#N/A N/A,#N/A N/A,#N/A N/A,#N/A N/A,QINHUANGDAO POWER GENERATIO,#N/A N/A,#N/A N/A,#N/A N/A,#N/A N/A,#N/A N/A
OPAMQZ CH Equity 2024,#N/A N/A,#N/A N/A,#N/A N/A,#N/A N/A,#N/A N/A,#N/A N/A,#N/A N/A,#N/A N/A,#N/A N/A,#N/A N/A,#N/A N/A,#N/A N/A,#N/A N/A,#N/A N/A,#N/A N/A,#N/A N/A,#N/A N/A,#N/A N/A,#N/A N/A,#N/A N/A,#N/A N/A,#N/A N/A,QINHUANGDAO POWER GENERATIO,#N/A N/A,#N/A N/A,#N/A N/A,#N/A N/A,#N/A N/A
OQAYEZ CH Equity 2018,#N/A N/A,#N/A N/A,#N/A N/A,#N/A N/A,#N/A N/A,#N/A N/A,#N/A N/A,#N/A N/A,#N/A N/A,#N/A N/A,#N/A N/A,#N/A N/A,#N/A N/A,#N/A N/A,#N/A N/A,#N/A N/A,#N/A N/A,#N/A N/A,#N/A N/A,#N/A N/A,#N/A N/A,#N/A N/A,SHUANGLIAO ELECTRIC POWER I,#N/A N/A,#N/A N/A,#N/A N/A,#N/A N/A,#N/A N/A
OQAYEZ CH Equity 2019,#N/A N/A,#N/A N/A,#N/A N/A,#N/A N/A,#N/A N/A,#N/A N/A,#N/A N/A,#N/A N/A,#N/A N/A,#N/A N/A,#N/A N/A,#N/A N/A,#N/A N/A,#N/A N/A,#N/A N/A,#N/A N/A,#N/A N/A,#N/A N/A,#N/A N/A,#N/A N/A,#N/A N/A,#N/A N/A,SHUANGLIAO ELECTRIC POWER I,#N/A N/A,#N/A N/A,#N/A N/A,#N/A N/A,#N/A N/A
OQAYEZ CH Equity 2020,#N/A N/A,#N/A N/A,#N/A N/A,#N/A N/A,#N/A N/A,#N/A N/A,#N/A N/A,#N/A N/A,#N/A N/A,#N/A N/A,#N/A N/A,#N/A N/A,#N/A N/A,#N/A N/A,#N/A N/A,#N/A N/A,#N/A N/A,#N/A N/A,#N/A N/A,#N/A N/A,#N/A N/A,#N/A N/A,SHUANGLIAO ELECTRIC POWER I,#N/A N/A,#N/A N/A,#N/A N/A,#N/A N/A,#N/A N/A
OQAYEZ CH Equity 2021,#N/A N/A,#N/A N/A,#N/A N/A,#N/A N/A,#N/A N/A,#N/A N/A,#N/A N/A,#N/A N/A,#N/A N/A,#N/A N/A,#N/A N/A,#N/A N/A,#N/A N/A,#N/A N/A,#N/A N/A,#N/A N/A,#N/A N/A,#N/A N/A,#N/A N/A,#N/A N/A,#N/A N/A,#N/A N/A,SHUANGLIAO ELECTRIC POWER I,#N/A N/A,#N/A N/A,#N/A N/A,#N/A N/A,#N/A N/A
OQAYEZ CH Equity 2022,#N/A N/A,#N/A N/A,#N/A N/A,#N/A N/A,#N/A N/A,#N/A N/A,#N/A N/A,#N/A N/A,#N/A N/A,#N/A N/A,#N/A N/A,#N/A N/A,#N/A N/A,#N/A N/A,#N/A N/A,#N/A N/A,#N/A N/A,#N/A N/A,#N/A N/A,#N/A N/A,#N/A N/A,#N/A N/A,SHUANGLIAO ELECTRIC POWER I,#N/A N/A,#N/A N/A,#N/A N/A,#N/A N/A,#N/A N/A
OQAYEZ CH Equity 2023,#N/A N/A,#N/A N/A,#N/A N/A,#N/A N/A,#N/A N/A,#N/A N/A,#N/A N/A,#N/A N/A,#N/A N/A,#N/A N/A,#N/A N/A,#N/A N/A,#N/A N/A,#N/A N/A,#N/A N/A,#N/A N/A,#N/A N/A,#N/A N/A,#N/A N/A,#N/A N/A,#N/A N/A,#N/A N/A,SHUANGLIAO ELECTRIC POWER I,#N/A N/A,#N/A N/A,#N/A N/A,#N/A N/A,#N/A N/A
OQAYEZ CH Equity 2024,#N/A N/A,#N/A N/A,#N/A N/A,#N/A N/A,#N/A N/A,#N/A N/A,#N/A N/A,#N/A N/A,#N/A N/A,#N/A N/A,#N/A N/A,#N/A N/A,#N/A N/A,#N/A N/A,#N/A N/A,#N/A N/A,#N/A N/A,#N/A N/A,#N/A N/A,#N/A N/A,#N/A N/A,#N/A N/A,SHUANGLIAO ELECTRIC POWER I,#N/A N/A,#N/A N/A,#N/A N/A,#N/A N/A,#N/A N/A
OVV US Equity 2018,5623.77,391.092,#N/A N/A,#N/A N/A,#N/A N/A,#N/A N/A,#N/A N/A,#N/A N/A,#N/A N/A,#N/A N/A,#N/A N/A,#N/A N/A,#N/A N/A,#N/A N/A,#N/A N/A,#N/A N/A,#N/A N/A,#N/A N/A,#N/A N/A,8729.45,5939,5505.45,OVINTIV INC,191.96,28.9,4282,1058,15344
OVV US Equity 2019,5956.21,424.944,#N/A N/A,#N/A N/A,#N/A N/A,#N/A N/A,#N/A N/A,#N/A N/A,#N/A N/A,#N/A N/A,#N/A N/A,#N/A N/A,#N/A N/A,#N/A N/A,#N/A N/A,#N/A N/A,#N/A N/A,#N/A N/A,#N/A N/A,14141.31,6726,6092.31,OVINTIV INC,261.2,23.45,8239,190,21487
OVV US Equity 2020,4607.62,453.332,#N/A N/A,#N/A N/A,#N/A N/A,#N/A N/A,#N/A N/A,#N/A N/A,#N/A N/A,#N/A N/A,#N/A N/A,#N/A N/A,#N/A N/A,#N/A N/A,#N/A N/A,#N/A N/A,#N/A N/A,#N/A N/A,#N/A N/A,11732.728,6087,3730.728,OVINTIV INC,259.8,14.36,8012,10,14469
OVV US Equity 2021,3851.89,376.064,#N/A N/A,#N/A N/A,#N/A N/A,#N/A N/A,#N/A N/A,#N/A N/A,#N/A N/A,#N/A N/A,#N/A N/A,#N/A N/A,#N/A N/A,#N/A N/A,#N/A N/A,#N/A N/A,#N/A N/A,#N/A N/A,#N/A N/A,14275.6,7416,8694.6,OVINTIV INC,260.4,33.7,5776,195,14055
OVV US Equity 2022,3392.28,346.434,#N/A N/A,#N/A N/A,#N/A N/A,#N/A N/A,#N/A N/A,#N/A N/A,#N/A N/A,#N/A N/A,#N/A N/A,#N/A N/A,#N/A N/A,#N/A N/A,#N/A N/A,#N/A N/A,#N/A N/A,#N/A N/A,#N/A N/A,16947.447,12464,12459.447,OVINTIV INC,253.6,50.71,4493,5,15056
OVV US Equity 2023,3307.43,351.883,#N/A N/A,#N/A N/A,#N/A N/A,#N/A N/A,#N/A N/A,#N/A N/A,#N/A N/A,#N/A N/A,#N/A N/A,#N/A N/A,#N/A N/A,#N/A N/A,#N/A N/A,#N/A N/A,#N/A N/A,#N/A N/A,#N/A N/A,18613.064,5565,11933.064,OVINTIV INC,259.9,43.92,6683,3,19987
OVV US Equity 2024,3030.64,376.494,#N/A N/A,#N/A N/A,#N/A N/A,#N/A N/A,#N/A N/A,#N/A N/A,#N/A N/A,#N/A N/A,#N/A N/A,#N/A N/A,#N/A N/A,#N/A N/A,#N/A N/A,#N/A N/A,#N/A N/A,#N/A N/A,#N/A N/A,16796.2,9152,10546.2,OVINTIV INC,264.6,40.5,6292,42,19254
ORG AU Equity 2018,18162,2090,24751,#N/A N/A,#N/A N/A,#N/A N/A,#N/A N/A,#N/A N/A,#N/A N/A,#N/A N/A,#N/A N/A,#N/A N/A,#N/A N/A,#N/A N/A,#N/A N/A,#N/A N/A,#N/A N/A,#N/A N/A,#N/A N/A,24957.3399,14604,17644.3399,ORIGIN ENERGY LTD,1757.4423,10.03,7439,150,24257
ORG AU Equity 2019,18396,1188,23858,#N/A N/A,#N/A N/A,#N/A N/A,#N/A N/A,#N/A N/A,#N/A N/A,#N/A N/A,#N/A N/A,#N/A N/A,#N/A N/A,#N/A N/A,#N/A N/A,#N/A N/A,#N/A N/A,#N/A N/A,#N/A N/A,18591.2946,14727,12839.2946,ORIGIN ENERGY LTD,1758.9357,7.31,7596,1864,25743
ORG AU Equity 2020,16573,1230,21411,#N/A N/A,#N/A N/A,#N/A N/A,#N/A N/A,#N/A N/A,#N/A N/A,#N/A N/A,#N/A N/A,#N/A N/A,#N/A N/A,#N/A N/A,#N/A N/A,#N/A N/A,#N/A N/A,#N/A N/A,#N/A N/A,15420.7091,13157,10266.7091,ORIGIN ENERGY LTD,1759.8012,5.84,6852,1719,25093
ORG AU Equity 2021,15393,1121,37921,2362.8401,#N/A N/A,8974.4502,#N/A N/A,#N/A N/A,1.495,#N/A N/A,#N/A N/A,681.923,259.115,23314.8008,18.554,#N/A N/A,#N/A N/A,2307.8501,#N/A N/A,12188.793,12097,7915.793,ORIGIN ENERGY LTD,1759.5557,4.51,5228,975,21308
ORG AU Equity 2022,13206,980,42426,#N/A N/A,#N/A N/A,#N/A N/A,#N/A N/A,#N/A N/A,#N/A N/A,#N/A N/A,#N/A N/A,#N/A N/A,#N/A N/A,#N/A N/A,#N/A N/A,#N/A N/A,#N/A N/A,#N/A N/A,#N/A N/A,11772.5418,14461,9837.5418,ORIGIN ENERGY LTD,1753.6122,5.73,3390,1480,24020
ORG AU Equity 2023,13923,878,35259,#N/A N/A,#N/A N/A,#N/A N/A,#N/A N/A,#N/A N/A,#N/A N/A,#N/A N/A,#N/A N/A,#N/A N/A,#N/A N/A,#N/A N/A,#N/A N/A,#N/A N/A,#N/A N/A,#N/A N/A,#N/A N/A,16821.6177,16481,14473.6177,ORIGIN ENERGY LTD,1720.5677,8.41,3258,930,18948
ORG AU Equity 2024,15792,792,28394,#N/A N/A,#N/A N/A,#N/A N/A,#N/A N/A,#N/A N/A,#N/A N/A,#N/A N/A,#N/A N/A,#N/A N/A,#N/A N/A,#N/A N/A,#N/A N/A,#N/A N/A,#N/A N/A,#N/A N/A,#N/A N/A,20653.9084,16138,18654.9084,ORIGIN ENERGY LTD,1722.1998,10.86,3378,1379,20454
OKE US Equity 2018,3700,2600,58100,#N/A N/A,#N/A N/A,#N/A N/A,#N/A N/A,#N/A N/A,#N/A N/A,#N/A N/A,#N/A N/A,58100,#N/A N/A,#N/A N/A,#N/A N/A,#N/A N/A,#N/A N/A,#N/A N/A,#N/A N/A,31599.2021,12593.196,22202.1841,ONEOK INC,411.485,53.95,9408.993,11.975,18231.671
OKE US Equity 2019,4200,3000,0,0,0,0,0,0,0,0,0,0,0,0,0,0,0,0,#N/A N/A,43971.6399,10164.367,31269.7989,ONEOK INC,413.56,75.67,12722.799,20.958,21812.121
OKE US Equity 2020,3800,2500,60552.398,#N/A N/A,#N/A N/A,130,#N/A N/A,#N/A N/A,0.158,22.21,#N/A N/A,#N/A N/A,#N/A N/A,60400,#N/A N/A,#N/A N/A,#N/A N/A,#N/A N/A,#N/A N/A,30911.2931,8542.242,17074.2021,ONEOK INC,431.105,38.38,14361.587,524.496,23078.754
OKE US Equity 2021,3800,2700,66700,#N/A N/A,#N/A N/A,#N/A N/A,#N/A N/A,#N/A N/A,#N/A N/A,#N/A N/A,#N/A N/A,#N/A N/A,#N/A N/A,66700,#N/A N/A,#N/A N/A,#N/A N/A,#N/A N/A,#N/A N/A,39825.2233,15180.264,26215.0793,ONEOK INC,446.403,58.76,13756.535,146.391,23621.613
OKE US Equity 2022,3700,2900,64300,#N/A N/A,#N/A N/A,#N/A N/A,#N/A N/A,#N/A N/A,#N/A N/A,#N/A N/A,#N/A N/A,#N/A N/A,#N/A N/A,64300,#N/A N/A,#N/A N/A,#N/A N/A,#N/A N/A,#N/A N/A,42881.5246,22386.892,29378.2656,ONEOK INC,447.507,65.7,13723.486,220.227,24379.094
OKE US Equity 2023,3802,3100,67100,#N/A N/A,#N/A N/A,#N/A N/A,#N/A N/A,#N/A N/A,#N/A N/A,#N/A N/A,#N/A N/A,#N/A N/A,#N/A N/A,67100,#N/A N/A,#N/A N/A,0,#N/A N/A,#N/A N/A,62370.7975,17677,40944.7975,ONEOK INC,484.3,70.22,21764,338,44266
OKE US Equity 2024,#N/A N/A,#N/A N/A,#N/A N/A,#N/A N/A,#N/A N/A,#N/A N/A,#N/A N/A,#N/A N/A,#N/A N/A,#N/A N/A,#N/A N/A,#N/A N/A,#N/A N/A,#N/A N/A,#N/A N/A,#N/A N/A,#N/A N/A,#N/A N/A,#N/A N/A,94985.3076,21698,58544.3076,ONEOK INC,584.6,100.4,32077,733,64069
OMV AV Equity 2018,11200,400,109246,1138.28,137.773,75.706,#N/A N/A,662.989,#N/A N/A,#N/A N/A,#N/A N/A,#N/A N/A,7549.37,99681.797,#N/A N/A,#N/A N/A,#N/A N/A,#N/A N/A,#N/A N/A,19449.4445,22930,12497.4445,OMV AG,326.6514,38.25,6041,4512,36961
OMV AV Equity 2019,12374.3,802.263,136895,14222.3,577.207,376.881,0,1146.52,0,0,0,0,12201.2,96466.297,11904.9,0,0,0,#N/A N/A,26393.1577,23461,16371.1577,OMV AG,326.6102,50.08,7746,3562,40375
OMV AV Equity 2020,11493.8,897.99,129112,13568.7,591.159,394.508,0,1269.35,0,0,0,0,11809.2,90219.797,11258.9,0,0,0,#N/A N/A,28515.1711,16550,10790.1711,OMV AG,326.8303,33,12042,3704,49271
OMV AV Equity 2021,11564.7,811.503,137081,13010.8,523.495,457.362,0,305.782,0,0,0,0,10431.5,100242,12110.6,0,0,0,#N/A N/A,30576.2195,35555,16334.2195,OMV AG,326.854,49.95,11729,6461,53798
OMV AV Equity 2022,9953.45,779.997,123377,11295.1,702.897,409.484,0,282.924,0,0,0,0,9559.94,90031.898,11095,0,0,0,#N/A N/A,27388.1176,62298,15732.1176,OMV AG,326.8978,48.1,11335,9641,56863
OMV AV Equity 2023,9250.8,778.761,120382,13757.1,462.934,274.246,#N/A N/A,266.53,#N/A N/A,#N/A N/A,#N/A N/A,#N/A N/A,8488.39,87374,9758.75,#N/A N/A,#N/A N/A,#N/A N/A,#N/A N/A,24646.9887,39463,13009.9887,OMV AG,326.9409,39.77,10331,8308,50663
OMV AV Equity 2024,9778.53,1036.02,145907,13494.9,462.182,161.192,#N/A N/A,216.402,#N/A N/A,#N/A N/A,#N/A N/A,#N/A N/A,9541.91,79908.102,10543,#N/A N/A,#N/A N/A,31579.1,#N/A N/A,24205.223,33981,12218.223,OMV AG,327.0017,37.34,10288,7036,48813
OKEA NO Equity 2018,#N/A N/A,#N/A N/A,#N/A N/A,#N/A N/A,#N/A N/A,#N/A N/A,#N/A N/A,#N/A N/A,#N/A N/A,#N/A N/A,#N/A N/A,#N/A N/A,#N/A N/A,#N/A N/A,#N/A N/A,#N/A N/A,#N/A N/A,#N/A N/A,#N/A N/A,#N/A N/A,#N/A N/A,#N/A N/A,OKEA ASA,0.3789,#N/A N/A,292.3258,45.6271,1133.5876
OKEA NO Equity 2019,193.754,0,#N/A N/A,#N/A N/A,#N/A N/A,#N/A N/A,#N/A N/A,#N/A N/A,#N/A N/A,#N/A N/A,#N/A N/A,#N/A N/A,#N/A N/A,#N/A N/A,#N/A N/A,#N/A N/A,#N/A N/A,#N/A N/A,#N/A N/A,323.7575,333.8147,203.419,OKEA ASA,92.848,17.5,309.7899,189.4514,1251.192
OKEA NO Equity 2020,197.659,0.049,32.639,#N/A N/A,#N/A N/A,#N/A N/A,#N/A N/A,32.639,#N/A N/A,#N/A N/A,#N/A N/A,#N/A N/A,#N/A N/A,#N/A N/A,#N/A N/A,#N/A N/A,#N/A N/A,#N/A N/A,#N/A N/A,321.9085,176.1635,122.9564,OKEA ASA,102.3948,10.3,300.4137,101.4616,1138.5722
OKEA NO Equity 2021,199.828,0.053,25.218,#N/A N/A,#N/A N/A,#N/A N/A,#N/A N/A,#N/A N/A,#N/A N/A,#N/A N/A,#N/A N/A,#N/A N/A,#N/A N/A,#N/A N/A,#N/A N/A,#N/A N/A,#N/A N/A,#N/A N/A,#N/A N/A,337.9259,439.9784,298.4035,OKEA ASA,102.9215,25.3,294.8657,255.3433,1404.9844
OKEA NO Equity 2022,249.641,0.039,52.086,#N/A N/A,#N/A N/A,#N/A N/A,#N/A N/A,#N/A N/A,#N/A N/A,#N/A N/A,#N/A N/A,#N/A N/A,#N/A N/A,#N/A N/A,#N/A N/A,#N/A N/A,#N/A N/A,#N/A N/A,#N/A N/A,401.0151,694.3174,362.0459,OKEA ASA,103.8731,34.2,151.4447,112.4755,1591.4431
OKEA NO Equity 2023,394.163,0.038,4631.2,#N/A N/A,#N/A N/A,#N/A N/A,#N/A N/A,#N/A N/A,#N/A N/A,#N/A N/A,#N/A N/A,#N/A N/A,#N/A N/A,#N/A N/A,#N/A N/A,#N/A N/A,#N/A N/A,#N/A N/A,#N/A N/A,196.4743,841.8288,273.2482,OKEA ASA,103.9103,26.6,150.7189,227.4928,1828.8571
OKEA NO Equity 2024,383.138,0.028,5233.88,40.563,147.893,23.264,87.762,3.124,2.079,#N/A N/A,#N/A N/A,0,0,4857.63,71.567,#N/A N/A,#N/A N/A,#N/A N/A,#N/A N/A,140.5945,1045.8599,188.0202,OKEA ASA,103.9103,20.6,262.8998,310.3254,1738.036
OINL IN Equity 2018,#N/A N/A,#N/A N/A,#N/A N/A,#N/A N/A,#N/A N/A,#N/A N/A,#N/A N/A,#N/A N/A,#N/A N/A,#N/A N/A,#N/A N/A,#N/A N/A,#N/A N/A,#N/A N/A,#N/A N/A,#N/A N/A,#N/A N/A,#N/A N/A,#N/A N/A,247789.774,106977.5,163690.974,OIL INDIA LTD,1716.1986,144.23,123293.1,39194.3,486344.7
OINL IN Equity 2019,1496.52,123.826,#N/A N/A,#N/A N/A,#N/A N/A,#N/A N/A,#N/A N/A,#N/A N/A,#N/A N/A,#N/A N/A,#N/A N/A,#N/A N/A,#N/A N/A,#N/A N/A,#N/A N/A,#N/A N/A,#N/A N/A,#N/A N/A,#N/A N/A,285659.9432,137804.5,201102.9432,OIL INDIA LTD,1698.2053,123.63,151137.1,66580.1,524324
OINL IN Equity 2020,1536.8,128.719,#N/A N/A,#N/A N/A,#N/A N/A,#N/A N/A,#N/A N/A,#N/A N/A,#N/A N/A,#N/A N/A,#N/A N/A,#N/A N/A,#N/A N/A,#N/A N/A,#N/A N/A,#N/A N/A,#N/A N/A,#N/A N/A,#N/A N/A,175148.8893,121666.4,89626.0893,OIL INDIA LTD,1626.6078,55.1,129969.7,44446.9,514434.3
OINL IN Equity 2021,1509.1,137.401,#N/A N/A,#N/A N/A,#N/A N/A,#N/A N/A,#N/A N/A,#N/A N/A,#N/A N/A,#N/A N/A,#N/A N/A,#N/A N/A,#N/A N/A,#N/A N/A,#N/A N/A,#N/A N/A,#N/A N/A,#N/A N/A,#N/A N/A,320013.5578,224976.1,133164.9578,OIL INDIA LTD,1626.6078,81.87,197184.2,21768.5,552138.9
OINL IN Equity 2022,1360.56,14.537,#N/A N/A,#N/A N/A,#N/A N/A,#N/A N/A,#N/A N/A,#N/A N/A,#N/A N/A,#N/A N/A,#N/A N/A,#N/A N/A,#N/A N/A,#N/A N/A,#N/A N/A,#N/A N/A,#N/A N/A,#N/A N/A,#N/A N/A,430555.7982,300112,258522.1982,OIL INDIA LTD,1626.6078,158.93,167205.3,21314.4,608182.6
OINL IN Equity 2023,1441.07,16.198,20.029,#N/A N/A,#N/A N/A,#N/A N/A,#N/A N/A,#N/A N/A,#N/A N/A,#N/A N/A,#N/A N/A,#N/A N/A,#N/A N/A,#N/A N/A,#N/A N/A,#N/A N/A,#N/A N/A,#N/A N/A,#N/A N/A,456005.1671,410389.4,272890.5671,OIL INDIA LTD,1626.6078,167.77,188317.5,38913.9,738830.2
OINL IN Equity 2024,1405.8,26.773,16.989,#N/A N/A,#N/A N/A,#N/A N/A,#N/A N/A,#N/A N/A,#N/A N/A,#N/A N/A,#N/A N/A,#N/A N/A,#N/A N/A,#N/A N/A,#N/A N/A,#N/A N/A,#N/A N/A,#N/A N/A,#N/A N/A,865228.7177,363036.2,650914.2177,OIL INDIA LTD,1626.6078,400.17,240405,68957.5,921528.6
ONGC IN Equity 2018,26790,550,#N/A N/A,#N/A N/A,#N/A N/A,#N/A N/A,#N/A N/A,#N/A N/A,#N/A N/A,#N/A N/A,#N/A N/A,#N/A N/A,#N/A N/A,#N/A N/A,#N/A N/A,#N/A N/A,#N/A N/A,#N/A N/A,#N/A N/A,3351631.505,3622461.8,2281749.215,OIL & NATURAL GAS CORP LTD,12833.24,177.8,1012460.53,98638.21,4602349.35
ONGC IN Equity 2019,27270,743,#N/A N/A,#N/A N/A,#N/A N/A,#N/A N/A,#N/A N/A,#N/A N/A,#N/A N/A,#N/A N/A,#N/A N/A,#N/A N/A,#N/A N/A,#N/A N/A,#N/A N/A,#N/A N/A,#N/A N/A,#N/A N/A,#N/A N/A,3115725.065,4534605.7,2009705.665,OIL & NATURAL GAS CORP LTD,12806.9,159.75,1022073.05,97115.75,4932590.1
ONGC IN Equity 2020,18195,812,#N/A N/A,#N/A N/A,#N/A N/A,#N/A N/A,#N/A N/A,#N/A N/A,#N/A N/A,#N/A N/A,#N/A N/A,#N/A N/A,#N/A N/A,#N/A N/A,#N/A N/A,#N/A N/A,#N/A N/A,#N/A N/A,#N/A N/A,2069515.011,4250014.18,859235.6613,OIL & NATURAL GAS CORP LTD,12580.28,68.3,1176072.94,149850.98,5100176.14
ONGC IN Equity 2021,#N/A N/A,#N/A N/A,#N/A N/A,#N/A N/A,#N/A N/A,#N/A N/A,#N/A N/A,#N/A N/A,#N/A N/A,#N/A N/A,#N/A N/A,#N/A N/A,#N/A N/A,#N/A N/A,#N/A N/A,#N/A N/A,#N/A N/A,#N/A N/A,#N/A N/A,2637500.591,3605723.1,1285075.521,OIL & NATURAL GAS CORP LTD,12580.28,102.15,1262365.43,126098.35,5432787.53
ONGC IN Equity 2022,#N/A N/A,#N/A N/A,#N/A N/A,#N/A N/A,#N/A N/A,#N/A N/A,#N/A N/A,#N/A N/A,#N/A N/A,#N/A N/A,#N/A N/A,#N/A N/A,#N/A N/A,#N/A N/A,#N/A N/A,#N/A N/A,#N/A N/A,#N/A N/A,#N/A N/A,3397891.042,5317618.3,2061907.762,OIL & NATURAL GAS CORP LTD,12580.28,163.9,1219858.58,122124.63,5853902.88
ONGC IN Equity 2023,#N/A N/A,#N/A N/A,#N/A N/A,#N/A N/A,#N/A N/A,#N/A N/A,#N/A N/A,#N/A N/A,#N/A N/A,#N/A N/A,#N/A N/A,#N/A N/A,#N/A N/A,#N/A N/A,#N/A N/A,#N/A N/A,#N/A N/A,#N/A N/A,#N/A N/A,3189561.664,6848292.2,1900251.174,OIL & NATURAL GAS CORP LTD,12580.2792,151.05,1422548.16,339315.06,6180083.38
ONGC IN Equity 2024,#N/A N/A,#N/A N/A,#N/A N/A,#N/A N/A,#N/A N/A,#N/A N/A,#N/A N/A,#N/A N/A,#N/A N/A,#N/A N/A,#N/A N/A,#N/A N/A,#N/A N/A,#N/A N/A,#N/A N/A,#N/A N/A,#N/A N/A,#N/A N/A,#N/A N/A,4765683.221,6430370.1,3372143.841,OIL & NATURAL GAS CORP LTD,12580.28,268.05,1531805.28,418469.1,7101929.68
OGDC PA Equity 2018,#N/A N/A,#N/A N/A,#N/A N/A,#N/A N/A,#N/A N/A,#N/A N/A,#N/A N/A,#N/A N/A,#N/A N/A,#N/A N/A,#N/A N/A,#N/A N/A,#N/A N/A,#N/A N/A,#N/A N/A,#N/A N/A,#N/A N/A,#N/A N/A,#N/A N/A,569682.0306,205335,669310.4776,OIL & GAS DEVELOPMENT CO LTD,4300.928,155.62,0,99628.447,666477.197
OGDC PA Equity 2019,#N/A N/A,#N/A N/A,#N/A N/A,#N/A N/A,#N/A N/A,#N/A N/A,#N/A N/A,#N/A N/A,#N/A N/A,#N/A N/A,#N/A N/A,#N/A N/A,#N/A N/A,#N/A N/A,#N/A N/A,#N/A N/A,#N/A N/A,#N/A N/A,#N/A N/A,431189.1803,261481.188,565529.0753,OIL & GAS DEVELOPMENT CO LTD,4300.928,131.49,0,134339.895,766597.19
OGDC PA Equity 2020,#N/A N/A,#N/A N/A,#N/A N/A,#N/A N/A,#N/A N/A,#N/A N/A,#N/A N/A,#N/A N/A,#N/A N/A,#N/A N/A,#N/A N/A,#N/A N/A,#N/A N/A,#N/A N/A,#N/A N/A,#N/A N/A,#N/A N/A,#N/A N/A,#N/A N/A,356843.4646,244856.754,468801.1956,OIL & GAS DEVELOPMENT CO LTD,4300.928,109,0,111957.731,888973.636
OGDC PA Equity 2021,#N/A N/A,#N/A N/A,#N/A N/A,#N/A N/A,#N/A N/A,#N/A N/A,#N/A N/A,#N/A N/A,#N/A N/A,#N/A N/A,#N/A N/A,#N/A N/A,#N/A N/A,#N/A N/A,#N/A N/A,#N/A N/A,#N/A N/A,#N/A N/A,#N/A N/A,278808.0659,239103.553,408717.2259,OIL & GAS DEVELOPMENT CO LTD,4300.928,95.03,0,129909.16,955993.814
OGDC PA Equity 2022,#N/A N/A,#N/A N/A,#N/A N/A,#N/A N/A,#N/A N/A,#N/A N/A,#N/A N/A,#N/A N/A,#N/A N/A,#N/A N/A,#N/A N/A,#N/A N/A,#N/A N/A,#N/A N/A,#N/A N/A,#N/A N/A,#N/A N/A,#N/A N/A,#N/A N/A,166028.3492,335463.725,338354.0372,OIL & GAS DEVELOPMENT CO LTD,4300.928,78.67,0,172325.688,1129983.053
OGDC PA Equity 2023,#N/A N/A,#N/A N/A,#N/A N/A,#N/A N/A,#N/A N/A,#N/A N/A,#N/A N/A,#N/A N/A,#N/A N/A,#N/A N/A,#N/A N/A,#N/A N/A,#N/A N/A,#N/A N/A,#N/A N/A,#N/A N/A,#N/A N/A,#N/A N/A,#N/A N/A,154012.0722,413594.009,335472.4152,OIL & GAS DEVELOPMENT CO LTD,4300.928,78,0,181460.343,1424065.294
OGDC PA Equity 2024,1355.03,2.795,#N/A N/A,#N/A N/A,#N/A N/A,#N/A N/A,#N/A N/A,#N/A N/A,#N/A N/A,#N/A N/A,#N/A N/A,#N/A N/A,#N/A N/A,#N/A N/A,#N/A N/A,#N/A N/A,#N/A N/A,#N/A N/A,#N/A N/A,424095.4555,463697.861,582216.6775,OIL & GAS DEVELOPMENT CO LTD,4300.928,135.37,0,158121.222,1604254.14
OXY US Equity 2018,10370,4100,71000,#N/A N/A,#N/A N/A,#N/A N/A,0,#N/A N/A,#N/A N/A,#N/A N/A,#N/A N/A,#N/A N/A,#N/A N/A,71000,#N/A N/A,#N/A N/A,#N/A N/A,#N/A N/A,#N/A N/A,53281.5328,17824,45997.5328,OCCIDENTAL PETROLEUM CORP,761.7,61.38,10317,3033,43854
OXY US Equity 2019,21618.699,5905.27,259100,0,0,0,#N/A N/A,0,0,0,0,1900,24000,233200,0,0,0,0,#N/A N/A,84404.3449,20393,36846.3449,OCCIDENTAL PETROLEUM CORP,809.5,41.21,40090,3032,107190
OXY US Equity 2020,19020,4810,225900,0,0,0,#N/A N/A,0,0,0,0,1700,21000,203200,0,0,0,0,#N/A N/A,61957.4954,17809,16124.4954,OCCIDENTAL PETROLEUM CORP,918.7,17.31,37341,2008,80064
OXY US Equity 2021,18500,4840,211800,#N/A N/A,#N/A N/A,#N/A N/A,#N/A N/A,#N/A N/A,#N/A N/A,#N/A N/A,#N/A N/A,1600,19700,190500,#N/A N/A,#N/A N/A,#N/A N/A,#N/A N/A,#N/A N/A,65287.8256,25956,27078.8256,OCCIDENTAL PETROLEUM CORP,935,28.99,30473,2764,75036
OXY US Equity 2022,17600,4900,217000,#N/A N/A,#N/A N/A,#N/A N/A,#N/A N/A,#N/A N/A,#N/A N/A,#N/A N/A,#N/A N/A,1600,20200,195200,#N/A N/A,#N/A N/A,#N/A N/A,#N/A N/A,#N/A N/A,86606.1149,36634,56682.1149,OCCIDENTAL PETROLEUM CORP,926.2,62.99,20908,984,72609
OXY US Equity 2023,17370,4550,233500,#N/A N/A,#N/A N/A,#N/A N/A,#N/A N/A,#N/A N/A,#N/A N/A,#N/A N/A,#N/A N/A,1700,21700,210100,#N/A N/A,#N/A N/A,#N/A N/A,#N/A N/A,#N/A N/A,82742.7419,28257,52512.7419,OCCIDENTAL PETROLEUM CORP,889.2,59.71,21057,1426,74008
OXY US Equity 2024,17900,#N/A N/A,277000,#N/A N/A,#N/A N/A,#N/A N/A,#N/A N/A,#N/A N/A,#N/A N/A,#N/A N/A,#N/A N/A,#N/A N/A,#N/A N/A,#N/A N/A,#N/A N/A,#N/A N/A,#N/A N/A,#N/A N/A,277000,80711.3939,26725,46369.2089,OCCIDENTAL PETROLEUM CORP,911.8,49.41,27239,2132,85445
OBE CN Equity 2018,#N/A N/A,#N/A N/A,#N/A N/A,#N/A N/A,#N/A N/A,#N/A N/A,#N/A N/A,#N/A N/A,#N/A N/A,#N/A N/A,#N/A N/A,#N/A N/A,#N/A N/A,#N/A N/A,#N/A N/A,#N/A N/A,#N/A N/A,#N/A N/A,#N/A N/A,677.7312,444,258.7312,OBSIDIAN ENERGY LTD,72.3285,3.57,421,2,2650
OBE CN Equity 2019,242.635,81.484,#N/A N/A,#N/A N/A,#N/A N/A,#N/A N/A,#N/A N/A,#N/A N/A,#N/A N/A,#N/A N/A,#N/A N/A,#N/A N/A,#N/A N/A,#N/A N/A,#N/A N/A,#N/A N/A,#N/A N/A,#N/A N/A,#N/A N/A,641.9007,418,67.9007,OBSIDIAN ENERGY LTD,73,0.93,575,1,1904
OBE CN Equity 2020,260.832,42.897,#N/A N/A,#N/A N/A,#N/A N/A,#N/A N/A,#N/A N/A,#N/A N/A,#N/A N/A,#N/A N/A,#N/A N/A,#N/A N/A,#N/A N/A,#N/A N/A,#N/A N/A,#N/A N/A,#N/A N/A,#N/A N/A,#N/A N/A,516.5888,294.7,62.4888,OBSIDIAN ENERGY LTD,73.3,0.85,462.2,8.1,964.1
OBE CN Equity 2021,278.295,68.193,#N/A N/A,#N/A N/A,#N/A N/A,#N/A N/A,#N/A N/A,#N/A N/A,#N/A N/A,#N/A N/A,#N/A N/A,#N/A N/A,#N/A N/A,#N/A N/A,#N/A N/A,#N/A N/A,#N/A N/A,#N/A N/A,#N/A N/A,813.1258,448.9,420.7258,OBSIDIAN ENERGY LTD,75.1,5.21,399.7,7.3,1429.2
OBE CN Equity 2022,331.795,63.631,#N/A N/A,#N/A N/A,#N/A N/A,#N/A N/A,#N/A N/A,#N/A N/A,#N/A N/A,#N/A N/A,#N/A N/A,#N/A N/A,#N/A N/A,#N/A N/A,#N/A N/A,#N/A N/A,#N/A N/A,#N/A N/A,#N/A N/A,970.831,771.7,740.331,OBSIDIAN ENERGY LTD,82,8.98,231.3,0.8,2204.3
OBE CN Equity 2023,#N/A N/A,#N/A N/A,#N/A N/A,#N/A N/A,#N/A N/A,#N/A N/A,#N/A N/A,#N/A N/A,#N/A N/A,#N/A N/A,#N/A N/A,#N/A N/A,#N/A N/A,#N/A N/A,#N/A N/A,#N/A N/A,#N/A N/A,#N/A N/A,#N/A N/A,925.021,720.6,697.521,OBSIDIAN ENERGY LTD,80.9,8.99,228,0.5,2250.4
OBE CN Equity 2024,#N/A N/A,#N/A N/A,#N/A N/A,#N/A N/A,#N/A N/A,#N/A N/A,#N/A N/A,#N/A N/A,#N/A N/A,#N/A N/A,#N/A N/A,#N/A N/A,#N/A N/A,#N/A N/A,#N/A N/A,#N/A N/A,#N/A N/A,#N/A N/A,#N/A N/A,958.5049,817.5,616.0049,OBSIDIAN ENERGY LTD,76,8.36,342.5,0,2114.6
OYL CN Equity 2018,#N/A N/A,#N/A N/A,#N/A N/A,#N/A N/A,#N/A N/A,#N/A N/A,#N/A N/A,#N/A N/A,#N/A N/A,#N/A N/A,#N/A N/A,#N/A N/A,#N/A N/A,#N/A N/A,#N/A N/A,#N/A N/A,#N/A N/A,#N/A N/A,#N/A N/A,32.9495,#N/A N/A,35.792,CGX ENERGY INC,149.0744,0.3115,0,2.8425,38.4654
OYL CN Equity 2019,#N/A N/A,#N/A N/A,#N/A N/A,#N/A N/A,#N/A N/A,#N/A N/A,#N/A N/A,#N/A N/A,#N/A N/A,#N/A N/A,#N/A N/A,#N/A N/A,#N/A N/A,#N/A N/A,#N/A N/A,#N/A N/A,#N/A N/A,#N/A N/A,#N/A N/A,97.596,#N/A N/A,113.4173,CGX ENERGY INC,226.0552,0.5267,0,15.8213,39.9328
OYL CN Equity 2020,#N/A N/A,#N/A N/A,#N/A N/A,#N/A N/A,#N/A N/A,#N/A N/A,#N/A N/A,#N/A N/A,#N/A N/A,#N/A N/A,#N/A N/A,#N/A N/A,#N/A N/A,#N/A N/A,#N/A N/A,#N/A N/A,#N/A N/A,#N/A N/A,#N/A N/A,87.2863,#N/A N/A,99.1064,CGX ENERGY INC,279.5658,0.4292,0,11.8201,39.1765
OYL CN Equity 2021,#N/A N/A,#N/A N/A,#N/A N/A,#N/A N/A,#N/A N/A,#N/A N/A,#N/A N/A,#N/A N/A,#N/A N/A,#N/A N/A,#N/A N/A,#N/A N/A,#N/A N/A,#N/A N/A,#N/A N/A,#N/A N/A,#N/A N/A,#N/A N/A,#N/A N/A,646.5389,#N/A N/A,663.7819,CGX ENERGY INC,295.986,2.51,0,17.243,134.062
OYL CN Equity 2022,#N/A N/A,#N/A N/A,#N/A N/A,#N/A N/A,#N/A N/A,#N/A N/A,#N/A N/A,#N/A N/A,#N/A N/A,#N/A N/A,#N/A N/A,#N/A N/A,#N/A N/A,#N/A N/A,#N/A N/A,#N/A N/A,#N/A N/A,#N/A N/A,#N/A N/A,412.8538,#N/A N/A,425.2442,CGX ENERGY INC,334.509,1.72,0,12.3904,93.0079
OYL CN Equity 2023,#N/A N/A,#N/A N/A,#N/A N/A,#N/A N/A,#N/A N/A,#N/A N/A,#N/A N/A,#N/A N/A,#N/A N/A,#N/A N/A,#N/A N/A,#N/A N/A,#N/A N/A,#N/A N/A,#N/A N/A,#N/A N/A,#N/A N/A,#N/A N/A,#N/A N/A,74.3325,#N/A N/A,80.7473,CGX ENERGY INC,338.227,0.315,0,6.4148,84.8815
OYL CN Equity 2024,#N/A N/A,#N/A N/A,#N/A N/A,#N/A N/A,#N/A N/A,#N/A N/A,#N/A N/A,#N/A N/A,#N/A N/A,#N/A N/A,#N/A N/A,#N/A N/A,#N/A N/A,#N/A N/A,#N/A N/A,#N/A N/A,#N/A N/A,#N/A N/A,#N/A N/A,30.8634,0.0531,32.9374,CGX ENERGY INC,338.549,0.14,0,2.074,79.3036
OPAHVZ CH Equity 2018,#N/A N/A,#N/A N/A,#N/A N/A,#N/A N/A,#N/A N/A,#N/A N/A,#N/A N/A,#N/A N/A,#N/A N/A,#N/A N/A,#N/A N/A,#N/A N/A,#N/A N/A,#N/A N/A,#N/A N/A,#N/A N/A,#N/A N/A,#N/A N/A,#N/A N/A,#N/A N/A,#N/A N/A,#N/A N/A,CHINA ZHENHUA OIL CO LTD,#N/A N/A,#N/A N/A,#N/A N/A,#N/A N/A,#N/A N/A
OPAHVZ CH Equity 2019,#N/A N/A,#N/A N/A,#N/A N/A,#N/A N/A,#N/A N/A,#N/A N/A,#N/A N/A,#N/A N/A,#N/A N/A,#N/A N/A,#N/A N/A,#N/A N/A,#N/A N/A,#N/A N/A,#N/A N/A,#N/A N/A,#N/A N/A,#N/A N/A,#N/A N/A,#N/A N/A,#N/A N/A,#N/A N/A,CHINA ZHENHUA OIL CO LTD,#N/A N/A,#N/A N/A,#N/A N/A,#N/A N/A,#N/A N/A
OPAHVZ CH Equity 2020,#N/A N/A,#N/A N/A,#N/A N/A,#N/A N/A,#N/A N/A,#N/A N/A,#N/A N/A,#N/A N/A,#N/A N/A,#N/A N/A,#N/A N/A,#N/A N/A,#N/A N/A,#N/A N/A,#N/A N/A,#N/A N/A,#N/A N/A,#N/A N/A,#N/A N/A,#N/A N/A,#N/A N/A,#N/A N/A,CHINA ZHENHUA OIL CO LTD,#N/A N/A,#N/A N/A,#N/A N/A,#N/A N/A,#N/A N/A
OPAHVZ CH Equity 2021,#N/A N/A,#N/A N/A,#N/A N/A,#N/A N/A,#N/A N/A,#N/A N/A,#N/A N/A,#N/A N/A,#N/A N/A,#N/A N/A,#N/A N/A,#N/A N/A,#N/A N/A,#N/A N/A,#N/A N/A,#N/A N/A,#N/A N/A,#N/A N/A,#N/A N/A,#N/A N/A,#N/A N/A,#N/A N/A,CHINA ZHENHUA OIL CO LTD,#N/A N/A,#N/A N/A,#N/A N/A,#N/A N/A,#N/A N/A
OPAHVZ CH Equity 2022,#N/A N/A,#N/A N/A,#N/A N/A,#N/A N/A,#N/A N/A,#N/A N/A,#N/A N/A,#N/A N/A,#N/A N/A,#N/A N/A,#N/A N/A,#N/A N/A,#N/A N/A,#N/A N/A,#N/A N/A,#N/A N/A,#N/A N/A,#N/A N/A,#N/A N/A,#N/A N/A,#N/A N/A,#N/A N/A,CHINA ZHENHUA OIL CO LTD,#N/A N/A,#N/A N/A,#N/A N/A,#N/A N/A,#N/A N/A
OPAHVZ CH Equity 2023,#N/A N/A,#N/A N/A,#N/A N/A,#N/A N/A,#N/A N/A,#N/A N/A,#N/A N/A,#N/A N/A,#N/A N/A,#N/A N/A,#N/A N/A,#N/A N/A,#N/A N/A,#N/A N/A,#N/A N/A,#N/A N/A,#N/A N/A,#N/A N/A,#N/A N/A,#N/A N/A,#N/A N/A,#N/A N/A,CHINA ZHENHUA OIL CO LTD,#N/A N/A,#N/A N/A,#N/A N/A,#N/A N/A,#N/A N/A
OPAHVZ CH Equity 2024,#N/A N/A,#N/A N/A,#N/A N/A,#N/A N/A,#N/A N/A,#N/A N/A,#N/A N/A,#N/A N/A,#N/A N/A,#N/A N/A,#N/A N/A,#N/A N/A,#N/A N/A,#N/A N/A,#N/A N/A,#N/A N/A,#N/A N/A,#N/A N/A,#N/A N/A,#N/A N/A,#N/A N/A,#N/A N/A,CHINA ZHENHUA OIL CO LTD,#N/A N/A,#N/A N/A,#N/A N/A,#N/A N/A,#N/A N/A
