VOPT RU Equity 2018,#N/A N/A,#N/A N/A,#N/A N/A,#N/A N/A,#N/A N/A,#N/A N/A,#N/A N/A,#N/A N/A,#N/A N/A,#N/A N/A,#N/A N/A,#N/A N/A,#N/A N/A,#N/A N/A,#N/A N/A,#N/A N/A,#N/A N/A,#N/A N/A,#N/A N/A,#N/A N/A,#N/A N/A,#N/A N/A,VOSTOCHNY PORT-BRD,#N/A N/A,#N/A N/A,#N/A N/A,#N/A N/A,#N/A N/A
VOPT RU Equity 2019,#N/A N/A,#N/A N/A,#N/A N/A,#N/A N/A,#N/A N/A,#N/A N/A,#N/A N/A,#N/A N/A,#N/A N/A,#N/A N/A,#N/A N/A,#N/A N/A,#N/A N/A,#N/A N/A,#N/A N/A,#N/A N/A,#N/A N/A,#N/A N/A,#N/A N/A,#N/A N/A,#N/A N/A,#N/A N/A,VOSTOCHNY PORT-BRD,#N/A N/A,#N/A N/A,#N/A N/A,#N/A N/A,#N/A N/A
VOPT RU Equity 2020,#N/A N/A,#N/A N/A,#N/A N/A,#N/A N/A,#N/A N/A,#N/A N/A,#N/A N/A,#N/A N/A,#N/A N/A,#N/A N/A,#N/A N/A,#N/A N/A,#N/A N/A,#N/A N/A,#N/A N/A,#N/A N/A,#N/A N/A,#N/A N/A,#N/A N/A,#N/A N/A,#N/A N/A,#N/A N/A,VOSTOCHNY PORT-BRD,#N/A N/A,#N/A N/A,#N/A N/A,#N/A N/A,#N/A N/A
VOPT RU Equity 2021,#N/A N/A,#N/A N/A,#N/A N/A,#N/A N/A,#N/A N/A,#N/A N/A,#N/A N/A,#N/A N/A,#N/A N/A,#N/A N/A,#N/A N/A,#N/A N/A,#N/A N/A,#N/A N/A,#N/A N/A,#N/A N/A,#N/A N/A,#N/A N/A,#N/A N/A,#N/A N/A,#N/A N/A,#N/A N/A,VOSTOCHNY PORT-BRD,#N/A N/A,#N/A N/A,#N/A N/A,#N/A N/A,#N/A N/A
VOPT RU Equity 2022,#N/A N/A,#N/A N/A,#N/A N/A,#N/A N/A,#N/A N/A,#N/A N/A,#N/A N/A,#N/A N/A,#N/A N/A,#N/A N/A,#N/A N/A,#N/A N/A,#N/A N/A,#N/A N/A,#N/A N/A,#N/A N/A,#N/A N/A,#N/A N/A,#N/A N/A,#N/A N/A,#N/A N/A,#N/A N/A,VOSTOCHNY PORT-BRD,#N/A N/A,#N/A N/A,#N/A N/A,#N/A N/A,#N/A N/A
VOPT RU Equity 2023,#N/A N/A,#N/A N/A,#N/A N/A,#N/A N/A,#N/A N/A,#N/A N/A,#N/A N/A,#N/A N/A,#N/A N/A,#N/A N/A,#N/A N/A,#N/A N/A,#N/A N/A,#N/A N/A,#N/A N/A,#N/A N/A,#N/A N/A,#N/A N/A,#N/A N/A,#N/A N/A,#N/A N/A,#N/A N/A,VOSTOCHNY PORT-BRD,#N/A N/A,#N/A N/A,#N/A N/A,#N/A N/A,#N/A N/A
VOPT RU Equity 2024,#N/A N/A,#N/A N/A,#N/A N/A,#N/A N/A,#N/A N/A,#N/A N/A,#N/A N/A,#N/A N/A,#N/A N/A,#N/A N/A,#N/A N/A,#N/A N/A,#N/A N/A,#N/A N/A,#N/A N/A,#N/A N/A,#N/A N/A,#N/A N/A,#N/A N/A,#N/A N/A,#N/A N/A,#N/A N/A,VOSTOCHNY PORT-BRD,#N/A N/A,#N/A N/A,#N/A N/A,#N/A N/A,#N/A N/A
VVT PM Equity 2018,#N/A N/A,#N/A N/A,#N/A N/A,#N/A N/A,#N/A N/A,#N/A N/A,#N/A N/A,#N/A N/A,#N/A N/A,#N/A N/A,#N/A N/A,#N/A N/A,#N/A N/A,#N/A N/A,#N/A N/A,#N/A N/A,#N/A N/A,#N/A N/A,#N/A N/A,16794.5064,#N/A N/A,17275.9491,VIVANT CORP,1023.4567,16.88,2870.155,3787.0161,17197.3087
VVT PM Equity 2019,#N/A N/A,#N/A N/A,#N/A N/A,#N/A N/A,#N/A N/A,#N/A N/A,#N/A N/A,#N/A N/A,#N/A N/A,#N/A N/A,#N/A N/A,#N/A N/A,#N/A N/A,#N/A N/A,#N/A N/A,#N/A N/A,#N/A N/A,#N/A N/A,#N/A N/A,15503.887,#N/A N/A,15474.6653,VIVANT CORP,1023.4567,15.12,3721.1673,4405.2446,20864.0618
VVT PM Equity 2020,#N/A N/A,#N/A N/A,#N/A N/A,#N/A N/A,#N/A N/A,#N/A N/A,#N/A N/A,#N/A N/A,#N/A N/A,#N/A N/A,#N/A N/A,#N/A N/A,#N/A N/A,#N/A N/A,#N/A N/A,#N/A N/A,#N/A N/A,#N/A N/A,#N/A N/A,14678.7338,#N/A N/A,14451.2086,VIVANT CORP,1023.4567,14.12,4231.9872,4872.3315,22580.9616
VVT PM Equity 2021,#N/A N/A,#N/A N/A,#N/A N/A,#N/A N/A,#N/A N/A,#N/A N/A,#N/A N/A,#N/A N/A,#N/A N/A,#N/A N/A,#N/A N/A,#N/A N/A,#N/A N/A,#N/A N/A,#N/A N/A,#N/A N/A,#N/A N/A,#N/A N/A,#N/A N/A,15086.1914,#N/A N/A,14840.1221,VIVANT CORP,1023.4567,14.5,4832.2606,5650.0249,23427.7563
VVT PM Equity 2022,#N/A N/A,#N/A N/A,#N/A N/A,#N/A N/A,#N/A N/A,#N/A N/A,#N/A N/A,#N/A N/A,#N/A N/A,#N/A N/A,#N/A N/A,#N/A N/A,#N/A N/A,#N/A N/A,#N/A N/A,#N/A N/A,#N/A N/A,#N/A N/A,#N/A N/A,18614.5375,#N/A N/A,16272.9615,VIVANT CORP,1023.4567,15.9,5820.7341,4893.3572,26440.0035
VVT PM Equity 2023,#N/A N/A,#N/A N/A,#N/A N/A,#N/A N/A,#N/A N/A,#N/A N/A,#N/A N/A,#N/A N/A,#N/A N/A,#N/A N/A,#N/A N/A,#N/A N/A,#N/A N/A,#N/A N/A,#N/A N/A,#N/A N/A,#N/A N/A,#N/A N/A,#N/A N/A,18570.1313,#N/A N/A,14553.5542,VIVANT CORP,1023.4567,14.22,7041.7435,4382.5408,30038.3907
VVT PM Equity 2024,#N/A N/A,#N/A N/A,#N/A N/A,#N/A N/A,#N/A N/A,#N/A N/A,#N/A N/A,#N/A N/A,#N/A N/A,#N/A N/A,#N/A N/A,#N/A N/A,#N/A N/A,#N/A N/A,#N/A N/A,#N/A N/A,#N/A N/A,#N/A N/A,#N/A N/A,22096.852,9723.4542,18504.0971,VIVANT CORP,1023.4567,18.08,6921.9651,4789.1499,31966.6454
VST US Equity 2018,118650,248.611,#N/A N/A,#N/A N/A,#N/A N/A,#N/A N/A,#N/A N/A,#N/A N/A,#N/A N/A,#N/A N/A,#N/A N/A,#N/A N/A,#N/A N/A,#N/A N/A,#N/A N/A,#N/A N/A,#N/A N/A,#N/A N/A,#N/A N/A,21665.6984,9144,11289.6984,VISTRA CORP,504.9544,22.89,11065,636,26024
VST US Equity 2019,105523,249.068,#N/A N/A,#N/A N/A,#N/A N/A,#N/A N/A,#N/A N/A,#N/A N/A,#N/A N/A,#N/A N/A,#N/A N/A,#N/A N/A,#N/A N/A,#N/A N/A,#N/A N/A,#N/A N/A,#N/A N/A,#N/A N/A,#N/A N/A,21522.1796,11809,11212.1796,VISTRA CORP,494.1463,22.99,10784,300,26616
VST US Equity 2020,94290,333.77,2724.79,#N/A N/A,#N/A N/A,440.765,#N/A N/A,#N/A N/A,0.221,0.6,2.193,#N/A N/A,#N/A N/A,2724.79,#N/A N/A,#N/A N/A,#N/A N/A,#N/A N/A,#N/A N/A,18543.7538,11443,9619.7538,VISTRA CORP,488.6683,19.66,9378,406,25208
VST US Equity 2021,98749.602,242.97,2416.33,#N/A N/A,#N/A N/A,12.006,#N/A N/A,#N/A N/A,0.178,16.429,1.095,#N/A N/A,#N/A N/A,2386.6201,#N/A N/A,#N/A N/A,#N/A N/A,#N/A N/A,#N/A N/A,22096.783,12077,10680.783,VISTRA CORP,482.2145,22.77,10774,1325,29683
VST US Equity 2022,94785.102,220.138,2361.43,#N/A N/A,#N/A N/A,15.585,#N/A N/A,#N/A N/A,0.622,18.86,#N/A N/A,#N/A N/A,#N/A N/A,2361.4299,#N/A N/A,#N/A N/A,#N/A N/A,#N/A N/A,#N/A N/A,23207.313,13728,9042.313,VISTRA CORP,422.4471,23.2,12674,455,32787
VST US Equity 2023,86326.797,245.785,1913.59,#N/A N/A,#N/A N/A,14.475,#N/A N/A,#N/A N/A,0.8,43.743,#N/A N/A,#N/A N/A,#N/A N/A,1854.5699,#N/A N/A,#N/A N/A,#N/A N/A,#N/A N/A,#N/A N/A,27174.1243,14779,13538.1243,VISTRA CORP,369.7714,38.52,14684,3485,32966
VST US Equity 2024,86194.602,214.558,#N/A N/A,#N/A N/A,#N/A N/A,#N/A N/A,#N/A N/A,#N/A N/A,#N/A N/A,#N/A N/A,#N/A N/A,#N/A N/A,#N/A N/A,#N/A N/A,#N/A N/A,#N/A N/A,#N/A N/A,#N/A N/A,#N/A N/A,64624.9263,17224,46841.9263,VISTRA CORP,344.7886,137.87,16516,1188,37770
VEDL IN Equity 2018,50990,1190,#N/A N/A,#N/A N/A,#N/A N/A,#N/A N/A,#N/A N/A,#N/A N/A,#N/A N/A,#N/A N/A,#N/A N/A,#N/A N/A,#N/A N/A,#N/A N/A,#N/A N/A,#N/A N/A,#N/A N/A,#N/A N/A,#N/A N/A,1439592,918660,1033602,VEDANTA LTD,3654.1,277.85,581590,335210,1845850
VEDL IN Equity 2019,54964.398,3506.19,#N/A N/A,#N/A N/A,#N/A N/A,#N/A N/A,#N/A N/A,#N/A N/A,#N/A N/A,#N/A N/A,#N/A N/A,#N/A N/A,#N/A N/A,#N/A N/A,#N/A N/A,#N/A N/A,#N/A N/A,#N/A N/A,#N/A N/A,1136294,920480,686154,VEDANTA LTD,3705.5,184.45,662260,364390,2020430
VEDL IN Equity 2020,57400,1864.71,#N/A N/A,#N/A N/A,#N/A N/A,#N/A N/A,#N/A N/A,#N/A N/A,#N/A N/A,#N/A N/A,#N/A N/A,#N/A N/A,#N/A N/A,#N/A N/A,#N/A N/A,#N/A N/A,#N/A N/A,#N/A N/A,#N/A N/A,545764,844470,240684,VEDANTA LTD,3702.6,64.7,504600,370640,1836220
VEDL IN Equity 2021,58400,1312.82,36320,4161.73,0,2146.37,458.51,445.29,1.406,12.1,0,234.8,1001.62,25163.2,2692.97,0,0,0,#N/A N/A,1248710,880210,850950,VEDANTA LTD,3704.2,228.75,576690,330310,1857110
VEDL IN Equity 2022,59400,3300,37410,4988.94,0,2627.8,373.84,38.62,0.591,11.8,0,487.72,1528.46,24468.9,0,0,0,0,#N/A N/A,1886862,1327320,1500462,VEDANTA LTD,3706.5,403.35,535830,322640,1986000
VEDL IN Equity 2023,57175.398,8182.54,38190,5441.92,28.93,2543.74,510.13,39.61,2.984,10.6,0.07,580.43,4083.31,21898.4,3047.48,0,0,0,#N/A N/A,1568374,1473080,1020954,VEDANTA LTD,3709.7,274.45,666280,218900,1953770
VEDL IN Equity 2024,60635.102,4561.38,34584,7971.05,#N/A N/A,6054.69,394.45,185.41,2.005,12.03,#N/A N/A,399.53,2403.54,18356.2,36.56,#N/A N/A,#N/A N/A,#N/A N/A,#N/A N/A,1699628,1437270,1010538,VEDANTA LTD,3720,271.65,727710,152090,1908070
VED LN Equity 2018,51142.5,1202.08,#N/A N/A,#N/A N/A,#N/A N/A,#N/A N/A,#N/A N/A,#N/A N/A,#N/A N/A,#N/A N/A,#N/A N/A,#N/A N/A,#N/A N/A,#N/A N/A,#N/A N/A,#N/A N/A,#N/A N/A,#N/A N/A,#N/A N/A,19230.2959,15358.7,2772.2959,VEDANTA RESOURCES LTD,277.7,707.2,15194,5606,29238
VED LN Equity 2019,#N/A N/A,#N/A N/A,#N/A N/A,#N/A N/A,#N/A N/A,#N/A N/A,#N/A N/A,#N/A N/A,#N/A N/A,#N/A N/A,#N/A N/A,#N/A N/A,#N/A N/A,#N/A N/A,#N/A N/A,#N/A N/A,#N/A N/A,#N/A N/A,#N/A N/A,#N/A N/A,14031,#N/A N/A,VEDANTA RESOURCES LTD,284.7,832.6,15980,5297,29781
VED LN Equity 2020,#N/A N/A,#N/A N/A,#N/A N/A,#N/A N/A,#N/A N/A,#N/A N/A,#N/A N/A,#N/A N/A,#N/A N/A,#N/A N/A,#N/A N/A,#N/A N/A,#N/A N/A,#N/A N/A,#N/A N/A,#N/A N/A,#N/A N/A,#N/A N/A,#N/A N/A,#N/A N/A,11790,#N/A N/A,VEDANTA RESOURCES LTD,276.9,#N/A N/A,15095,5090,24186
VED LN Equity 2021,#N/A N/A,#N/A N/A,#N/A N/A,#N/A N/A,#N/A N/A,#N/A N/A,#N/A N/A,#N/A N/A,#N/A N/A,#N/A N/A,#N/A N/A,#N/A N/A,#N/A N/A,#N/A N/A,#N/A N/A,#N/A N/A,#N/A N/A,#N/A N/A,#N/A N/A,#N/A N/A,#N/A N/A,#N/A N/A,VEDANTA RESOURCES LTD,284.8,#N/A N/A,16377,5957,25319
VED LN Equity 2022,#N/A N/A,#N/A N/A,#N/A N/A,#N/A N/A,#N/A N/A,#N/A N/A,#N/A N/A,#N/A N/A,#N/A N/A,#N/A N/A,#N/A N/A,#N/A N/A,#N/A N/A,#N/A N/A,#N/A N/A,#N/A N/A,#N/A N/A,#N/A N/A,#N/A N/A,#N/A N/A,#N/A N/A,#N/A N/A,VEDANTA RESOURCES LTD,284.8,#N/A N/A,16082,4476,25654
VED LN Equity 2023,#N/A N/A,#N/A N/A,#N/A N/A,#N/A N/A,#N/A N/A,#N/A N/A,#N/A N/A,#N/A N/A,#N/A N/A,#N/A N/A,#N/A N/A,#N/A N/A,#N/A N/A,#N/A N/A,#N/A N/A,#N/A N/A,#N/A N/A,#N/A N/A,#N/A N/A,#N/A N/A,#N/A N/A,#N/A N/A,VEDANTA RESOURCES LTD,284.5733,#N/A N/A,15358,2765,23430
VED LN Equity 2024,#N/A N/A,#N/A N/A,#N/A N/A,#N/A N/A,#N/A N/A,#N/A N/A,#N/A N/A,#N/A N/A,#N/A N/A,#N/A N/A,#N/A N/A,#N/A N/A,#N/A N/A,#N/A N/A,#N/A N/A,#N/A N/A,#N/A N/A,#N/A N/A,#N/A N/A,#N/A N/A,#N/A N/A,#N/A N/A,VEDANTA RESOURCES LTD,284.7533,#N/A N/A,14330,1959,22330
VRAO RM Equity 2018,#N/A N/A,#N/A N/A,#N/A N/A,#N/A N/A,#N/A N/A,#N/A N/A,#N/A N/A,#N/A N/A,#N/A N/A,#N/A N/A,#N/A N/A,#N/A N/A,#N/A N/A,#N/A N/A,#N/A N/A,#N/A N/A,#N/A N/A,#N/A N/A,#N/A N/A,#N/A N/A,#N/A N/A,#N/A N/A,RAO ENERGY SYSTEM OF EAST,#N/A N/A,#N/A N/A,#N/A N/A,#N/A N/A,#N/A N/A
VRAO RM Equity 2019,#N/A N/A,#N/A N/A,#N/A N/A,#N/A N/A,#N/A N/A,#N/A N/A,#N/A N/A,#N/A N/A,#N/A N/A,#N/A N/A,#N/A N/A,#N/A N/A,#N/A N/A,#N/A N/A,#N/A N/A,#N/A N/A,#N/A N/A,#N/A N/A,#N/A N/A,#N/A N/A,#N/A N/A,#N/A N/A,RAO ENERGY SYSTEM OF EAST,#N/A N/A,#N/A N/A,#N/A N/A,#N/A N/A,#N/A N/A
VRAO RM Equity 2020,#N/A N/A,#N/A N/A,#N/A N/A,#N/A N/A,#N/A N/A,#N/A N/A,#N/A N/A,#N/A N/A,#N/A N/A,#N/A N/A,#N/A N/A,#N/A N/A,#N/A N/A,#N/A N/A,#N/A N/A,#N/A N/A,#N/A N/A,#N/A N/A,#N/A N/A,#N/A N/A,#N/A N/A,#N/A N/A,RAO ENERGY SYSTEM OF EAST,#N/A N/A,#N/A N/A,#N/A N/A,#N/A N/A,#N/A N/A
VRAO RM Equity 2021,#N/A N/A,#N/A N/A,#N/A N/A,#N/A N/A,#N/A N/A,#N/A N/A,#N/A N/A,#N/A N/A,#N/A N/A,#N/A N/A,#N/A N/A,#N/A N/A,#N/A N/A,#N/A N/A,#N/A N/A,#N/A N/A,#N/A N/A,#N/A N/A,#N/A N/A,#N/A N/A,#N/A N/A,#N/A N/A,RAO ENERGY SYSTEM OF EAST,#N/A N/A,#N/A N/A,#N/A N/A,#N/A N/A,#N/A N/A
VRAO RM Equity 2022,#N/A N/A,#N/A N/A,#N/A N/A,#N/A N/A,#N/A N/A,#N/A N/A,#N/A N/A,#N/A N/A,#N/A N/A,#N/A N/A,#N/A N/A,#N/A N/A,#N/A N/A,#N/A N/A,#N/A N/A,#N/A N/A,#N/A N/A,#N/A N/A,#N/A N/A,#N/A N/A,#N/A N/A,#N/A N/A,RAO ENERGY SYSTEM OF EAST,#N/A N/A,#N/A N/A,#N/A N/A,#N/A N/A,#N/A N/A
VRAO RM Equity 2023,#N/A N/A,#N/A N/A,#N/A N/A,#N/A N/A,#N/A N/A,#N/A N/A,#N/A N/A,#N/A N/A,#N/A N/A,#N/A N/A,#N/A N/A,#N/A N/A,#N/A N/A,#N/A N/A,#N/A N/A,#N/A N/A,#N/A N/A,#N/A N/A,#N/A N/A,#N/A N/A,#N/A N/A,#N/A N/A,RAO ENERGY SYSTEM OF EAST,#N/A N/A,#N/A N/A,#N/A N/A,#N/A N/A,#N/A N/A
VRAO RM Equity 2024,#N/A N/A,#N/A N/A,#N/A N/A,#N/A N/A,#N/A N/A,#N/A N/A,#N/A N/A,#N/A N/A,#N/A N/A,#N/A N/A,#N/A N/A,#N/A N/A,#N/A N/A,#N/A N/A,#N/A N/A,#N/A N/A,#N/A N/A,#N/A N/A,#N/A N/A,#N/A N/A,#N/A N/A,#N/A N/A,RAO ENERGY SYSTEM OF EAST,#N/A N/A,#N/A N/A,#N/A N/A,#N/A N/A,#N/A N/A
VSBU RU Equity 2018,#N/A N/A,#N/A N/A,#N/A N/A,#N/A N/A,#N/A N/A,#N/A N/A,#N/A N/A,#N/A N/A,#N/A N/A,#N/A N/A,#N/A N/A,#N/A N/A,#N/A N/A,#N/A N/A,#N/A N/A,#N/A N/A,#N/A N/A,#N/A N/A,#N/A N/A,#N/A N/A,#N/A N/A,#N/A N/A,KOMANIYA VOSTSIBUGOL OOO,#N/A N/A,#N/A N/A,#N/A N/A,#N/A N/A,#N/A N/A
VSBU RU Equity 2019,#N/A N/A,#N/A N/A,#N/A N/A,#N/A N/A,#N/A N/A,#N/A N/A,#N/A N/A,#N/A N/A,#N/A N/A,#N/A N/A,#N/A N/A,#N/A N/A,#N/A N/A,#N/A N/A,#N/A N/A,#N/A N/A,#N/A N/A,#N/A N/A,#N/A N/A,#N/A N/A,#N/A N/A,#N/A N/A,KOMANIYA VOSTSIBUGOL OOO,#N/A N/A,#N/A N/A,#N/A N/A,#N/A N/A,#N/A N/A
VSBU RU Equity 2020,#N/A N/A,#N/A N/A,#N/A N/A,#N/A N/A,#N/A N/A,#N/A N/A,#N/A N/A,#N/A N/A,#N/A N/A,#N/A N/A,#N/A N/A,#N/A N/A,#N/A N/A,#N/A N/A,#N/A N/A,#N/A N/A,#N/A N/A,#N/A N/A,#N/A N/A,#N/A N/A,#N/A N/A,#N/A N/A,KOMANIYA VOSTSIBUGOL OOO,#N/A N/A,#N/A N/A,#N/A N/A,#N/A N/A,#N/A N/A
VSBU RU Equity 2021,#N/A N/A,#N/A N/A,#N/A N/A,#N/A N/A,#N/A N/A,#N/A N/A,#N/A N/A,#N/A N/A,#N/A N/A,#N/A N/A,#N/A N/A,#N/A N/A,#N/A N/A,#N/A N/A,#N/A N/A,#N/A N/A,#N/A N/A,#N/A N/A,#N/A N/A,#N/A N/A,#N/A N/A,#N/A N/A,KOMANIYA VOSTSIBUGOL OOO,#N/A N/A,#N/A N/A,#N/A N/A,#N/A N/A,#N/A N/A
VSBU RU Equity 2022,#N/A N/A,#N/A N/A,#N/A N/A,#N/A N/A,#N/A N/A,#N/A N/A,#N/A N/A,#N/A N/A,#N/A N/A,#N/A N/A,#N/A N/A,#N/A N/A,#N/A N/A,#N/A N/A,#N/A N/A,#N/A N/A,#N/A N/A,#N/A N/A,#N/A N/A,#N/A N/A,#N/A N/A,#N/A N/A,KOMANIYA VOSTSIBUGOL OOO,#N/A N/A,#N/A N/A,#N/A N/A,#N/A N/A,#N/A N/A
VSBU RU Equity 2023,#N/A N/A,#N/A N/A,#N/A N/A,#N/A N/A,#N/A N/A,#N/A N/A,#N/A N/A,#N/A N/A,#N/A N/A,#N/A N/A,#N/A N/A,#N/A N/A,#N/A N/A,#N/A N/A,#N/A N/A,#N/A N/A,#N/A N/A,#N/A N/A,#N/A N/A,#N/A N/A,#N/A N/A,#N/A N/A,KOMANIYA VOSTSIBUGOL OOO,#N/A N/A,#N/A N/A,#N/A N/A,#N/A N/A,#N/A N/A
VSBU RU Equity 2024,#N/A N/A,#N/A N/A,#N/A N/A,#N/A N/A,#N/A N/A,#N/A N/A,#N/A N/A,#N/A N/A,#N/A N/A,#N/A N/A,#N/A N/A,#N/A N/A,#N/A N/A,#N/A N/A,#N/A N/A,#N/A N/A,#N/A N/A,#N/A N/A,#N/A N/A,#N/A N/A,#N/A N/A,#N/A N/A,KOMANIYA VOSTSIBUGOL OOO,#N/A N/A,#N/A N/A,#N/A N/A,#N/A N/A,#N/A N/A
VINGYZ CH Equity 2018,#N/A N/A,#N/A N/A,#N/A N/A,#N/A N/A,#N/A N/A,#N/A N/A,#N/A N/A,#N/A N/A,#N/A N/A,#N/A N/A,#N/A N/A,#N/A N/A,#N/A N/A,#N/A N/A,#N/A N/A,#N/A N/A,#N/A N/A,#N/A N/A,#N/A N/A,#N/A N/A,#N/A N/A,#N/A N/A,JINGYUAN COAL INDUSTRY GROUP,#N/A N/A,#N/A N/A,#N/A N/A,#N/A N/A,#N/A N/A
VINGYZ CH Equity 2019,#N/A N/A,#N/A N/A,#N/A N/A,#N/A N/A,#N/A N/A,#N/A N/A,#N/A N/A,#N/A N/A,#N/A N/A,#N/A N/A,#N/A N/A,#N/A N/A,#N/A N/A,#N/A N/A,#N/A N/A,#N/A N/A,#N/A N/A,#N/A N/A,#N/A N/A,#N/A N/A,#N/A N/A,#N/A N/A,JINGYUAN COAL INDUSTRY GROUP,#N/A N/A,#N/A N/A,#N/A N/A,#N/A N/A,#N/A N/A
VINGYZ CH Equity 2020,#N/A N/A,#N/A N/A,#N/A N/A,#N/A N/A,#N/A N/A,#N/A N/A,#N/A N/A,#N/A N/A,#N/A N/A,#N/A N/A,#N/A N/A,#N/A N/A,#N/A N/A,#N/A N/A,#N/A N/A,#N/A N/A,#N/A N/A,#N/A N/A,#N/A N/A,#N/A N/A,#N/A N/A,#N/A N/A,JINGYUAN COAL INDUSTRY GROUP,#N/A N/A,#N/A N/A,#N/A N/A,#N/A N/A,#N/A N/A
VINGYZ CH Equity 2021,#N/A N/A,#N/A N/A,#N/A N/A,#N/A N/A,#N/A N/A,#N/A N/A,#N/A N/A,#N/A N/A,#N/A N/A,#N/A N/A,#N/A N/A,#N/A N/A,#N/A N/A,#N/A N/A,#N/A N/A,#N/A N/A,#N/A N/A,#N/A N/A,#N/A N/A,#N/A N/A,#N/A N/A,#N/A N/A,JINGYUAN COAL INDUSTRY GROUP,#N/A N/A,#N/A N/A,#N/A N/A,#N/A N/A,#N/A N/A
VINGYZ CH Equity 2022,#N/A N/A,#N/A N/A,#N/A N/A,#N/A N/A,#N/A N/A,#N/A N/A,#N/A N/A,#N/A N/A,#N/A N/A,#N/A N/A,#N/A N/A,#N/A N/A,#N/A N/A,#N/A N/A,#N/A N/A,#N/A N/A,#N/A N/A,#N/A N/A,#N/A N/A,#N/A N/A,#N/A N/A,#N/A N/A,JINGYUAN COAL INDUSTRY GROUP,#N/A N/A,#N/A N/A,#N/A N/A,#N/A N/A,#N/A N/A
VINGYZ CH Equity 2023,#N/A N/A,#N/A N/A,#N/A N/A,#N/A N/A,#N/A N/A,#N/A N/A,#N/A N/A,#N/A N/A,#N/A N/A,#N/A N/A,#N/A N/A,#N/A N/A,#N/A N/A,#N/A N/A,#N/A N/A,#N/A N/A,#N/A N/A,#N/A N/A,#N/A N/A,#N/A N/A,#N/A N/A,#N/A N/A,JINGYUAN COAL INDUSTRY GROUP,#N/A N/A,#N/A N/A,#N/A N/A,#N/A N/A,#N/A N/A
VINGYZ CH Equity 2024,#N/A N/A,#N/A N/A,#N/A N/A,#N/A N/A,#N/A N/A,#N/A N/A,#N/A N/A,#N/A N/A,#N/A N/A,#N/A N/A,#N/A N/A,#N/A N/A,#N/A N/A,#N/A N/A,#N/A N/A,#N/A N/A,#N/A N/A,#N/A N/A,#N/A N/A,#N/A N/A,#N/A N/A,#N/A N/A,JINGYUAN COAL INDUSTRY GROUP,#N/A N/A,#N/A N/A,#N/A N/A,#N/A N/A,#N/A N/A
VSBU RU Equity 2018,#N/A N/A,#N/A N/A,#N/A N/A,#N/A N/A,#N/A N/A,#N/A N/A,#N/A N/A,#N/A N/A,#N/A N/A,#N/A N/A,#N/A N/A,#N/A N/A,#N/A N/A,#N/A N/A,#N/A N/A,#N/A N/A,#N/A N/A,#N/A N/A,#N/A N/A,#N/A N/A,#N/A N/A,#N/A N/A,KOMANIYA VOSTSIBUGOL OOO,#N/A N/A,#N/A N/A,#N/A N/A,#N/A N/A,#N/A N/A
VSBU RU Equity 2019,#N/A N/A,#N/A N/A,#N/A N/A,#N/A N/A,#N/A N/A,#N/A N/A,#N/A N/A,#N/A N/A,#N/A N/A,#N/A N/A,#N/A N/A,#N/A N/A,#N/A N/A,#N/A N/A,#N/A N/A,#N/A N/A,#N/A N/A,#N/A N/A,#N/A N/A,#N/A N/A,#N/A N/A,#N/A N/A,KOMANIYA VOSTSIBUGOL OOO,#N/A N/A,#N/A N/A,#N/A N/A,#N/A N/A,#N/A N/A
VSBU RU Equity 2020,#N/A N/A,#N/A N/A,#N/A N/A,#N/A N/A,#N/A N/A,#N/A N/A,#N/A N/A,#N/A N/A,#N/A N/A,#N/A N/A,#N/A N/A,#N/A N/A,#N/A N/A,#N/A N/A,#N/A N/A,#N/A N/A,#N/A N/A,#N/A N/A,#N/A N/A,#N/A N/A,#N/A N/A,#N/A N/A,KOMANIYA VOSTSIBUGOL OOO,#N/A N/A,#N/A N/A,#N/A N/A,#N/A N/A,#N/A N/A
VSBU RU Equity 2021,#N/A N/A,#N/A N/A,#N/A N/A,#N/A N/A,#N/A N/A,#N/A N/A,#N/A N/A,#N/A N/A,#N/A N/A,#N/A N/A,#N/A N/A,#N/A N/A,#N/A N/A,#N/A N/A,#N/A N/A,#N/A N/A,#N/A N/A,#N/A N/A,#N/A N/A,#N/A N/A,#N/A N/A,#N/A N/A,KOMANIYA VOSTSIBUGOL OOO,#N/A N/A,#N/A N/A,#N/A N/A,#N/A N/A,#N/A N/A
VSBU RU Equity 2022,#N/A N/A,#N/A N/A,#N/A N/A,#N/A N/A,#N/A N/A,#N/A N/A,#N/A N/A,#N/A N/A,#N/A N/A,#N/A N/A,#N/A N/A,#N/A N/A,#N/A N/A,#N/A N/A,#N/A N/A,#N/A N/A,#N/A N/A,#N/A N/A,#N/A N/A,#N/A N/A,#N/A N/A,#N/A N/A,KOMANIYA VOSTSIBUGOL OOO,#N/A N/A,#N/A N/A,#N/A N/A,#N/A N/A,#N/A N/A
VSBU RU Equity 2023,#N/A N/A,#N/A N/A,#N/A N/A,#N/A N/A,#N/A N/A,#N/A N/A,#N/A N/A,#N/A N/A,#N/A N/A,#N/A N/A,#N/A N/A,#N/A N/A,#N/A N/A,#N/A N/A,#N/A N/A,#N/A N/A,#N/A N/A,#N/A N/A,#N/A N/A,#N/A N/A,#N/A N/A,#N/A N/A,KOMANIYA VOSTSIBUGOL OOO,#N/A N/A,#N/A N/A,#N/A N/A,#N/A N/A,#N/A N/A
VSBU RU Equity 2024,#N/A N/A,#N/A N/A,#N/A N/A,#N/A N/A,#N/A N/A,#N/A N/A,#N/A N/A,#N/A N/A,#N/A N/A,#N/A N/A,#N/A N/A,#N/A N/A,#N/A N/A,#N/A N/A,#N/A N/A,#N/A N/A,#N/A N/A,#N/A N/A,#N/A N/A,#N/A N/A,#N/A N/A,#N/A N/A,KOMANIYA VOSTSIBUGOL OOO,#N/A N/A,#N/A N/A,#N/A N/A,#N/A N/A,#N/A N/A
VDB VN Equity 2018,#N/A N/A,#N/A N/A,#N/A N/A,#N/A N/A,#N/A N/A,#N/A N/A,#N/A N/A,#N/A N/A,#N/A N/A,#N/A N/A,#N/A N/A,#N/A N/A,#N/A N/A,#N/A N/A,#N/A N/A,#N/A N/A,#N/A N/A,#N/A N/A,#N/A N/A,#N/A N/A,#N/A N/A,#N/A N/A,DONG BAC TRANSPORT & PROCESS,8.6787,#N/A N/A,71265,127.64,227671.3552
VDB VN Equity 2019,#N/A N/A,#N/A N/A,#N/A N/A,#N/A N/A,#N/A N/A,#N/A N/A,#N/A N/A,#N/A N/A,#N/A N/A,#N/A N/A,#N/A N/A,#N/A N/A,#N/A N/A,#N/A N/A,#N/A N/A,#N/A N/A,#N/A N/A,#N/A N/A,#N/A N/A,#N/A N/A,#N/A N/A,#N/A N/A,DONG BAC TRANSPORT & PROCESS,8.6787,#N/A N/A,385734.2394,362.5136,881377.2909
VDB VN Equity 2020,#N/A N/A,#N/A N/A,#N/A N/A,#N/A N/A,#N/A N/A,#N/A N/A,#N/A N/A,#N/A N/A,#N/A N/A,#N/A N/A,#N/A N/A,#N/A N/A,#N/A N/A,#N/A N/A,#N/A N/A,#N/A N/A,#N/A N/A,#N/A N/A,#N/A N/A,#N/A N/A,#N/A N/A,#N/A N/A,DONG BAC TRANSPORT & PROCESS,8.6787,#N/A N/A,333505.3911,455.8961,1300288.972
VDB VN Equity 2021,#N/A N/A,#N/A N/A,#N/A N/A,#N/A N/A,#N/A N/A,#N/A N/A,#N/A N/A,#N/A N/A,#N/A N/A,#N/A N/A,#N/A N/A,#N/A N/A,#N/A N/A,#N/A N/A,#N/A N/A,#N/A N/A,#N/A N/A,#N/A N/A,#N/A N/A,#N/A N/A,#N/A N/A,#N/A N/A,DONG BAC TRANSPORT & PROCESS,8.6799,#N/A N/A,298196.844,424.5733,636000.7099
VDB VN Equity 2022,#N/A N/A,#N/A N/A,#N/A N/A,#N/A N/A,#N/A N/A,#N/A N/A,#N/A N/A,#N/A N/A,#N/A N/A,#N/A N/A,#N/A N/A,#N/A N/A,#N/A N/A,#N/A N/A,#N/A N/A,#N/A N/A,#N/A N/A,#N/A N/A,#N/A N/A,#N/A N/A,#N/A N/A,#N/A N/A,DONG BAC TRANSPORT & PROCESS,8.6782,#N/A N/A,107124.1818,1030.4,529256.9703
VDB VN Equity 2023,#N/A N/A,#N/A N/A,#N/A N/A,#N/A N/A,#N/A N/A,#N/A N/A,#N/A N/A,#N/A N/A,#N/A N/A,#N/A N/A,#N/A N/A,#N/A N/A,#N/A N/A,#N/A N/A,#N/A N/A,#N/A N/A,#N/A N/A,#N/A N/A,#N/A N/A,#N/A N/A,#N/A N/A,#N/A N/A,DONG BAC TRANSPORT & PROCESS,8.6782,#N/A N/A,137069.0667,431.2411,1305215.761
VDB VN Equity 2024,#N/A N/A,#N/A N/A,#N/A N/A,#N/A N/A,#N/A N/A,#N/A N/A,#N/A N/A,#N/A N/A,#N/A N/A,#N/A N/A,#N/A N/A,#N/A N/A,#N/A N/A,#N/A N/A,#N/A N/A,#N/A N/A,#N/A N/A,#N/A N/A,#N/A N/A,#N/A N/A,#N/A N/A,#N/A N/A,DONG BAC TRANSPORT & PROCESS,8.6782,#N/A N/A,128638.3063,1594.4878,1136527.39
VVC US Equity 2018,#N/A N/A,#N/A N/A,#N/A N/A,#N/A N/A,#N/A N/A,#N/A N/A,#N/A N/A,#N/A N/A,#N/A N/A,#N/A N/A,#N/A N/A,#N/A N/A,#N/A N/A,#N/A N/A,#N/A N/A,#N/A N/A,#N/A N/A,#N/A N/A,#N/A N/A,#N/A N/A,#N/A N/A,#N/A N/A,VECTREN LLC,#N/A N/A,#N/A N/A,#N/A N/A,#N/A N/A,#N/A N/A
VVC US Equity 2019,#N/A N/A,#N/A N/A,#N/A N/A,#N/A N/A,#N/A N/A,#N/A N/A,#N/A N/A,#N/A N/A,#N/A N/A,#N/A N/A,#N/A N/A,#N/A N/A,#N/A N/A,#N/A N/A,#N/A N/A,#N/A N/A,#N/A N/A,#N/A N/A,#N/A N/A,#N/A N/A,#N/A N/A,#N/A N/A,VECTREN LLC,#N/A N/A,#N/A N/A,#N/A N/A,#N/A N/A,#N/A N/A
VVC US Equity 2020,#N/A N/A,#N/A N/A,#N/A N/A,#N/A N/A,#N/A N/A,#N/A N/A,#N/A N/A,#N/A N/A,#N/A N/A,#N/A N/A,#N/A N/A,#N/A N/A,#N/A N/A,#N/A N/A,#N/A N/A,#N/A N/A,#N/A N/A,#N/A N/A,#N/A N/A,#N/A N/A,#N/A N/A,#N/A N/A,VECTREN LLC,#N/A N/A,#N/A N/A,#N/A N/A,#N/A N/A,#N/A N/A
VVC US Equity 2021,#N/A N/A,#N/A N/A,#N/A N/A,#N/A N/A,#N/A N/A,#N/A N/A,#N/A N/A,#N/A N/A,#N/A N/A,#N/A N/A,#N/A N/A,#N/A N/A,#N/A N/A,#N/A N/A,#N/A N/A,#N/A N/A,#N/A N/A,#N/A N/A,#N/A N/A,#N/A N/A,#N/A N/A,#N/A N/A,VECTREN LLC,#N/A N/A,#N/A N/A,#N/A N/A,#N/A N/A,#N/A N/A
VVC US Equity 2022,#N/A N/A,#N/A N/A,#N/A N/A,#N/A N/A,#N/A N/A,#N/A N/A,#N/A N/A,#N/A N/A,#N/A N/A,#N/A N/A,#N/A N/A,#N/A N/A,#N/A N/A,#N/A N/A,#N/A N/A,#N/A N/A,#N/A N/A,#N/A N/A,#N/A N/A,#N/A N/A,#N/A N/A,#N/A N/A,VECTREN LLC,#N/A N/A,#N/A N/A,#N/A N/A,#N/A N/A,#N/A N/A
VVC US Equity 2023,#N/A N/A,#N/A N/A,#N/A N/A,#N/A N/A,#N/A N/A,#N/A N/A,#N/A N/A,#N/A N/A,#N/A N/A,#N/A N/A,#N/A N/A,#N/A N/A,#N/A N/A,#N/A N/A,#N/A N/A,#N/A N/A,#N/A N/A,#N/A N/A,#N/A N/A,#N/A N/A,#N/A N/A,#N/A N/A,VECTREN LLC,#N/A N/A,#N/A N/A,#N/A N/A,#N/A N/A,#N/A N/A
VVC US Equity 2024,#N/A N/A,#N/A N/A,#N/A N/A,#N/A N/A,#N/A N/A,#N/A N/A,#N/A N/A,#N/A N/A,#N/A N/A,#N/A N/A,#N/A N/A,#N/A N/A,#N/A N/A,#N/A N/A,#N/A N/A,#N/A N/A,#N/A N/A,#N/A N/A,#N/A N/A,#N/A N/A,#N/A N/A,#N/A N/A,VECTREN LLC,#N/A N/A,#N/A N/A,#N/A N/A,#N/A N/A,#N/A N/A
VEA AU Equity 2018,#N/A N/A,#N/A N/A,#N/A N/A,#N/A N/A,#N/A N/A,#N/A N/A,#N/A N/A,#N/A N/A,#N/A N/A,#N/A N/A,#N/A N/A,#N/A N/A,#N/A N/A,#N/A N/A,#N/A N/A,#N/A N/A,#N/A N/A,#N/A N/A,#N/A N/A,3550.7633,16395.1,3500.1633,VIVA ENERGY GROUP LTD,1584.4073,2.2091,159.2,108.6,5159.3
VEA AU Equity 2019,1113.91,317.082,#N/A N/A,#N/A N/A,#N/A N/A,#N/A N/A,#N/A N/A,#N/A N/A,#N/A N/A,#N/A N/A,#N/A N/A,#N/A N/A,#N/A N/A,#N/A N/A,#N/A N/A,#N/A N/A,#N/A N/A,#N/A N/A,#N/A N/A,6319.2075,16541.6,3733.5075,VIVA ENERGY GROUP LTD,1584.4073,2.3564,2712.9,127.2,7938
VEA AU Equity 2020,1000.45,282.152,#N/A N/A,#N/A N/A,#N/A N/A,#N/A N/A,#N/A N/A,#N/A N/A,#N/A N/A,#N/A N/A,#N/A N/A,#N/A N/A,#N/A N/A,#N/A N/A,#N/A N/A,#N/A N/A,#N/A N/A,#N/A N/A,#N/A N/A,5709.0898,12409.9,3070.5898,VIVA ENERGY GROUP LTD,1809.7829,1.9691,2687.6,49.1,6414
VEA AU Equity 2021,932.406,269.648,35572.5,1606.58,#N/A N/A,#N/A N/A,670.554,#N/A N/A,#N/A N/A,#N/A N/A,#N/A N/A,44.362,#N/A N/A,33101.1016,#N/A N/A,#N/A N/A,149.867,#N/A N/A,#N/A N/A,6221.7026,15900,3646.0026,VIVA ENERGY GROUP LTD,1593.5794,2.35,2672.4,96.7,7308.9
VEA AU Equity 2022,1095.45,283.035,37911.801,1804.83,#N/A N/A,#N/A N/A,1858.8,#N/A N/A,0.598,#N/A N/A,#N/A N/A,46.127,#N/A N/A,34113.6016,#N/A N/A,#N/A N/A,87.76,#N/A N/A,#N/A N/A,6396.5164,26432.6,4230.5164,VIVA ENERGY GROUP LTD,1545.432,2.73,2456.5,290.5,8623.6
VEA AU Equity 2023,997.508,301.675,45672.398,5721.9902,#N/A N/A,#N/A N/A,974.956,#N/A N/A,2.112,#N/A N/A,#N/A N/A,56.059,#N/A N/A,38844,#N/A N/A,#N/A N/A,73.246,#N/A N/A,#N/A N/A,8168.9402,26741.1,5389.1402,VIVA ENERGY GROUP LTD,1540.7337,3.49,2995.3,215.5,9082.3
VEA AU Equity 2024,1073.59,323.815,46170.602,6342.6001,#N/A N/A,#N/A N/A,447.534,#N/A N/A,3.528,6.557,#N/A N/A,85.78,#N/A N/A,39283.8984,#N/A N/A,#N/A N/A,#N/A N/A,#N/A N/A,#N/A N/A,9534.1443,30142,4194.3443,VIVA ENERGY GROUP LTD,1577.2372,2.63,5532.5,192.7,12125.3
VISTAA MM Equity 2018,#N/A N/A,#N/A N/A,#N/A N/A,#N/A N/A,#N/A N/A,#N/A N/A,#N/A N/A,#N/A N/A,#N/A N/A,#N/A N/A,#N/A N/A,#N/A N/A,#N/A N/A,#N/A N/A,#N/A N/A,#N/A N/A,#N/A N/A,#N/A N/A,#N/A N/A,759.3,331.336,535.441,VISTA ENERGY SAB DE CV,70.4093,149.55,304.767,80.908,1086.142
VISTAA MM Equity 2019,#N/A N/A,#N/A N/A,#N/A N/A,#N/A N/A,#N/A N/A,#N/A N/A,#N/A N/A,#N/A N/A,#N/A N/A,#N/A N/A,#N/A N/A,#N/A N/A,#N/A N/A,#N/A N/A,#N/A N/A,#N/A N/A,#N/A N/A,#N/A N/A,#N/A N/A,881.9812,415.976,673.8292,VISTA ENERGY SAB DE CV,80.068,146,468.18,260.028,1385.133
VISTAA MM Equity 2020,#N/A N/A,#N/A N/A,#N/A N/A,#N/A N/A,#N/A N/A,#N/A N/A,#N/A N/A,#N/A N/A,#N/A N/A,#N/A N/A,#N/A N/A,#N/A N/A,#N/A N/A,#N/A N/A,#N/A N/A,#N/A N/A,#N/A N/A,#N/A N/A,#N/A N/A,593.9398,273.938,233.4198,VISTA ENERGY SAB DE CV,87.4731,53,563.467,202.947,1372.612
VISTAA MM Equity 2021,374,67,#N/A N/A,#N/A N/A,#N/A N/A,#N/A N/A,#N/A N/A,#N/A N/A,#N/A N/A,#N/A N/A,#N/A N/A,#N/A N/A,#N/A N/A,#N/A N/A,#N/A N/A,#N/A N/A,#N/A N/A,#N/A N/A,#N/A N/A,790.7881,652.187,467.7541,VISTA ENERGY SAB DE CV,88.2426,108,638.047,315.013,1683.758
VISTAA MM Equity 2022,310.795,66,#N/A N/A,#N/A N/A,#N/A N/A,#N/A N/A,#N/A N/A,#N/A N/A,#N/A N/A,#N/A N/A,#N/A N/A,#N/A N/A,#N/A N/A,#N/A N/A,#N/A N/A,#N/A N/A,#N/A N/A,#N/A N/A,#N/A N/A,1735.2953,1143.82,1401.1543,VISTA ENERGY SAB DE CV,88.4065,309,578.526,244.385,2037.979
VISTAA MM Equity 2023,297.53,30,#N/A N/A,#N/A N/A,#N/A N/A,#N/A N/A,#N/A N/A,#N/A N/A,#N/A N/A,#N/A N/A,#N/A N/A,#N/A N/A,#N/A N/A,#N/A N/A,#N/A N/A,#N/A N/A,#N/A N/A,#N/A N/A,#N/A N/A,3350.1377,1168.774,2876.8677,VISTA ENERGY SAB DE CV,95.3554,510.94,686.523,213.253,2598.003
VISTAA MM Equity 2024,#N/A N/A,#N/A N/A,#N/A N/A,#N/A N/A,#N/A N/A,#N/A N/A,#N/A N/A,#N/A N/A,#N/A N/A,#N/A N/A,#N/A N/A,#N/A N/A,#N/A N/A,#N/A N/A,#N/A N/A,#N/A N/A,#N/A N/A,#N/A N/A,#N/A N/A,6002.1284,1647.768,5222.2084,VISTA ENERGY SAB DE CV,95.9064,1144,1544.227,764.307,4232.372
VCLF IN Equity 2018,#N/A N/A,#N/A N/A,#N/A N/A,#N/A N/A,#N/A N/A,#N/A N/A,#N/A N/A,#N/A N/A,#N/A N/A,#N/A N/A,#N/A N/A,#N/A N/A,#N/A N/A,#N/A N/A,#N/A N/A,#N/A N/A,#N/A N/A,#N/A N/A,#N/A N/A,245116.97,#N/A N/A,4364.69,VIDEOCON INDUSTRIES LTD,334.4589,13.05,245039.51,4287.23,334417.74
VCLF IN Equity 2019,#N/A N/A,#N/A N/A,#N/A N/A,#N/A N/A,#N/A N/A,#N/A N/A,#N/A N/A,#N/A N/A,#N/A N/A,#N/A N/A,#N/A N/A,#N/A N/A,#N/A N/A,#N/A N/A,#N/A N/A,#N/A N/A,#N/A N/A,#N/A N/A,#N/A N/A,581792.7078,#N/A N/A,953.2078,VIDEOCON INDUSTRIES LTD,334.4589,2.85,585739.75,5205.58,504450.64
VCLF IN Equity 2020,#N/A N/A,#N/A N/A,#N/A N/A,#N/A N/A,#N/A N/A,#N/A N/A,#N/A N/A,#N/A N/A,#N/A N/A,#N/A N/A,#N/A N/A,#N/A N/A,#N/A N/A,#N/A N/A,#N/A N/A,#N/A N/A,#N/A N/A,#N/A N/A,#N/A N/A,#N/A N/A,#N/A N/A,#N/A N/A,VIDEOCON INDUSTRIES LTD,#N/A N/A,#N/A N/A,#N/A N/A,#N/A N/A,#N/A N/A
VCLF IN Equity 2021,#N/A N/A,#N/A N/A,#N/A N/A,#N/A N/A,#N/A N/A,#N/A N/A,#N/A N/A,#N/A N/A,#N/A N/A,#N/A N/A,#N/A N/A,#N/A N/A,#N/A N/A,#N/A N/A,#N/A N/A,#N/A N/A,#N/A N/A,#N/A N/A,#N/A N/A,#N/A N/A,#N/A N/A,1371.2819,VIDEOCON INDUSTRIES LTD,334.459,4.1,#N/A N/A,39502.19,308154.68
VCLF IN Equity 2022,#N/A N/A,#N/A N/A,#N/A N/A,#N/A N/A,#N/A N/A,#N/A N/A,#N/A N/A,#N/A N/A,#N/A N/A,#N/A N/A,#N/A N/A,#N/A N/A,#N/A N/A,#N/A N/A,#N/A N/A,#N/A N/A,#N/A N/A,#N/A N/A,#N/A N/A,#N/A N/A,#N/A N/A,#N/A N/A,VIDEOCON INDUSTRIES LTD,334.459,7.35,#N/A N/A,41883.09,313818.01
VCLF IN Equity 2023,#N/A N/A,#N/A N/A,#N/A N/A,#N/A N/A,#N/A N/A,#N/A N/A,#N/A N/A,#N/A N/A,#N/A N/A,#N/A N/A,#N/A N/A,#N/A N/A,#N/A N/A,#N/A N/A,#N/A N/A,#N/A N/A,#N/A N/A,#N/A N/A,#N/A N/A,#N/A N/A,#N/A N/A,#N/A N/A,VIDEOCON INDUSTRIES LTD,#N/A N/A,#N/A N/A,#N/A N/A,#N/A N/A,#N/A N/A
VCLF IN Equity 2024,#N/A N/A,#N/A N/A,#N/A N/A,#N/A N/A,#N/A N/A,#N/A N/A,#N/A N/A,#N/A N/A,#N/A N/A,#N/A N/A,#N/A N/A,#N/A N/A,#N/A N/A,#N/A N/A,#N/A N/A,#N/A N/A,#N/A N/A,#N/A N/A,#N/A N/A,#N/A N/A,#N/A N/A,#N/A N/A,VIDEOCON INDUSTRIES LTD,334.4589,#N/A N/A,605737.974,2625.102,329401.553
VET CN Equity 2018,742.175,173.847,12408.3,#N/A N/A,#N/A N/A,#N/A N/A,#N/A N/A,#N/A N/A,#N/A N/A,#N/A N/A,#N/A N/A,#N/A N/A,#N/A N/A,12408.2998,#N/A N/A,#N/A N/A,#N/A N/A,#N/A N/A,#N/A N/A,6294.299,1678.117,4391.767,VERMILION ENERGY INC,140.619,28.76,1929.341,26.809,6270.671
VET CN Equity 2019,858.823,288.345,14188.3,44.791,42.369,272.375,101.417,17.904,9.359,1.02,#N/A N/A,87.78,674.098,12937.2002,#N/A N/A,#N/A N/A,#N/A N/A,#N/A N/A,#N/A N/A,5330.4277,1689.863,3318.0367,VERMILION ENERGY INC,154.736,21.23,2041.419,29.028,5866.12
VET CN Equity 2020,793.203,247.144,13226.5,31.294,23.649,247.73,81.635,13.129,7.142,1.02,#N/A N/A,49.319,595.286,12176.2998,#N/A N/A,#N/A N/A,#N/A N/A,#N/A N/A,#N/A N/A,2927.9023,1119.545,901.5523,VERMILION ENERGY INC,157.908,5.68,2033.254,6.904,4109.139
VET CN Equity 2021,648.337,214.778,11632,24.321,35.036,205.04,84.904,9.357,6.923,1.02,#N/A N/A,42.922,598.241,10624.2002,#N/A N/A,#N/A N/A,#N/A N/A,#N/A N/A,#N/A N/A,4300.7129,2079.761,2579.9499,VERMILION ENERGY INC,161.172,15.9,1726.791,6.028,5905.323
VET CN Equity 2022,616.184,218.839,11683.5,79.047,45.917,197.814,109.222,6.649,3.401,1.02,#N/A N/A,55.671,600.529,10584.2002,#N/A N/A,#N/A N/A,#N/A N/A,#N/A N/A,#N/A N/A,5031.5732,3476.394,3912.5512,VERMILION ENERGY INC,163.489,23.97,1132.858,13.836,6991.058
VET CN Equity 2023,559.325,148.484,11350.4,45.881,44.54,198.263,116.689,3.33,2.819,1.02,#N/A N/A,21.204,527.108,10389.5,#N/A N/A,#N/A N/A,#N/A N/A,#N/A N/A,#N/A N/A,3397.0279,2022.555,2591.4679,VERMILION ENERGY INC,163.719,15.97,947.016,141.456,6235.821
VET CN Equity 2024,#N/A N/A,#N/A N/A,#N/A N/A,#N/A N/A,#N/A N/A,#N/A N/A,#N/A N/A,#N/A N/A,#N/A N/A,#N/A N/A,#N/A N/A,#N/A N/A,#N/A N/A,#N/A N/A,#N/A N/A,#N/A N/A,#N/A N/A,#N/A N/A,#N/A N/A,2974.9913,1981.407,2088.2743,VERMILION ENERGY INC,158.068,13.53,1018.447,131.73,6115.576
VED LN Equity 2018,51142.5,1202.08,#N/A N/A,#N/A N/A,#N/A N/A,#N/A N/A,#N/A N/A,#N/A N/A,#N/A N/A,#N/A N/A,#N/A N/A,#N/A N/A,#N/A N/A,#N/A N/A,#N/A N/A,#N/A N/A,#N/A N/A,#N/A N/A,#N/A N/A,19230.2959,15358.7,2772.2959,VEDANTA RESOURCES LTD,277.7,707.2,15194,5606,29238
VED LN Equity 2019,#N/A N/A,#N/A N/A,#N/A N/A,#N/A N/A,#N/A N/A,#N/A N/A,#N/A N/A,#N/A N/A,#N/A N/A,#N/A N/A,#N/A N/A,#N/A N/A,#N/A N/A,#N/A N/A,#N/A N/A,#N/A N/A,#N/A N/A,#N/A N/A,#N/A N/A,#N/A N/A,14031,#N/A N/A,VEDANTA RESOURCES LTD,284.7,832.6,15980,5297,29781
VED LN Equity 2020,#N/A N/A,#N/A N/A,#N/A N/A,#N/A N/A,#N/A N/A,#N/A N/A,#N/A N/A,#N/A N/A,#N/A N/A,#N/A N/A,#N/A N/A,#N/A N/A,#N/A N/A,#N/A N/A,#N/A N/A,#N/A N/A,#N/A N/A,#N/A N/A,#N/A N/A,#N/A N/A,11790,#N/A N/A,VEDANTA RESOURCES LTD,276.9,#N/A N/A,15095,5090,24186
VED LN Equity 2021,#N/A N/A,#N/A N/A,#N/A N/A,#N/A N/A,#N/A N/A,#N/A N/A,#N/A N/A,#N/A N/A,#N/A N/A,#N/A N/A,#N/A N/A,#N/A N/A,#N/A N/A,#N/A N/A,#N/A N/A,#N/A N/A,#N/A N/A,#N/A N/A,#N/A N/A,#N/A N/A,#N/A N/A,#N/A N/A,VEDANTA RESOURCES LTD,284.8,#N/A N/A,16377,5957,25319
VED LN Equity 2022,#N/A N/A,#N/A N/A,#N/A N/A,#N/A N/A,#N/A N/A,#N/A N/A,#N/A N/A,#N/A N/A,#N/A N/A,#N/A N/A,#N/A N/A,#N/A N/A,#N/A N/A,#N/A N/A,#N/A N/A,#N/A N/A,#N/A N/A,#N/A N/A,#N/A N/A,#N/A N/A,#N/A N/A,#N/A N/A,VEDANTA RESOURCES LTD,284.8,#N/A N/A,16082,4476,25654
VED LN Equity 2023,#N/A N/A,#N/A N/A,#N/A N/A,#N/A N/A,#N/A N/A,#N/A N/A,#N/A N/A,#N/A N/A,#N/A N/A,#N/A N/A,#N/A N/A,#N/A N/A,#N/A N/A,#N/A N/A,#N/A N/A,#N/A N/A,#N/A N/A,#N/A N/A,#N/A N/A,#N/A N/A,#N/A N/A,#N/A N/A,VEDANTA RESOURCES LTD,284.5733,#N/A N/A,15358,2765,23430
VED LN Equity 2024,#N/A N/A,#N/A N/A,#N/A N/A,#N/A N/A,#N/A N/A,#N/A N/A,#N/A N/A,#N/A N/A,#N/A N/A,#N/A N/A,#N/A N/A,#N/A N/A,#N/A N/A,#N/A N/A,#N/A N/A,#N/A N/A,#N/A N/A,#N/A N/A,#N/A N/A,#N/A N/A,#N/A N/A,#N/A N/A,VEDANTA RESOURCES LTD,284.7533,#N/A N/A,14330,1959,22330
VLE CN Equity 2018,#N/A N/A,#N/A N/A,#N/A N/A,#N/A N/A,#N/A N/A,#N/A N/A,#N/A N/A,#N/A N/A,#N/A N/A,#N/A N/A,#N/A N/A,#N/A N/A,#N/A N/A,#N/A N/A,#N/A N/A,#N/A N/A,#N/A N/A,#N/A N/A,#N/A N/A,157.3898,9.2381,203.1767,VALEURA ENERGY INC,83.659,3.21,0,45.7868,94.1889
VLE CN Equity 2019,#N/A N/A,#N/A N/A,#N/A N/A,#N/A N/A,#N/A N/A,#N/A N/A,#N/A N/A,#N/A N/A,#N/A N/A,#N/A N/A,#N/A N/A,#N/A N/A,#N/A N/A,#N/A N/A,#N/A N/A,#N/A N/A,#N/A N/A,#N/A N/A,#N/A N/A,6.6548,10.177,42.6968,VALEURA ENERGY INC,86.562,0.64,0.069,36.111,81.663
VLE CN Equity 2020,#N/A N/A,#N/A N/A,#N/A N/A,#N/A N/A,#N/A N/A,#N/A N/A,#N/A N/A,#N/A N/A,#N/A N/A,#N/A N/A,#N/A N/A,#N/A N/A,#N/A N/A,#N/A N/A,#N/A N/A,#N/A N/A,#N/A N/A,#N/A N/A,#N/A N/A,8.5106,8.547,38.6536,VALEURA ENERGY INC,86.585,0.57,0,30.143,55.044
VLE CN Equity 2021,#N/A N/A,#N/A N/A,#N/A N/A,#N/A N/A,#N/A N/A,#N/A N/A,#N/A N/A,#N/A N/A,#N/A N/A,#N/A N/A,#N/A N/A,#N/A N/A,#N/A N/A,#N/A N/A,#N/A N/A,#N/A N/A,#N/A N/A,#N/A N/A,#N/A N/A,-11.3907,3.126,29.4353,VALEURA ENERGY INC,86.585,0.43,0,40.826,45.223
VLE CN Equity 2022,#N/A N/A,#N/A N/A,#N/A N/A,#N/A N/A,#N/A N/A,#N/A N/A,#N/A N/A,#N/A N/A,#N/A N/A,#N/A N/A,#N/A N/A,#N/A N/A,#N/A N/A,#N/A N/A,#N/A N/A,#N/A N/A,#N/A N/A,#N/A N/A,#N/A N/A,130.6142,0.26,134.6192,VALEURA ENERGY INC,86.61,2.09,11.09,17.516,64.01
VLE CN Equity 2023,#N/A N/A,#N/A N/A,#N/A N/A,#N/A N/A,#N/A N/A,#N/A N/A,#N/A N/A,#N/A N/A,#N/A N/A,#N/A N/A,#N/A N/A,#N/A N/A,#N/A N/A,#N/A N/A,#N/A N/A,#N/A N/A,#N/A N/A,#N/A N/A,#N/A N/A,119.1149,493.457,221.3919,VALEURA ENERGY INC,99.227,2.84,31.589,133.866,704.314
VLE CN Equity 2024,#N/A N/A,#N/A N/A,#N/A N/A,#N/A N/A,#N/A N/A,#N/A N/A,#N/A N/A,#N/A N/A,#N/A N/A,#N/A N/A,#N/A N/A,#N/A N/A,#N/A N/A,#N/A N/A,#N/A N/A,#N/A N/A,#N/A N/A,#N/A N/A,#N/A N/A,347.2514,678.794,538.0674,VALEURA ENERGY INC,105.778,7.26,45.727,236.543,857.31
VPK NA Equity 2018,165.72,251.689,#N/A N/A,#N/A N/A,#N/A N/A,#N/A N/A,#N/A N/A,#N/A N/A,#N/A N/A,#N/A N/A,#N/A N/A,#N/A N/A,#N/A N/A,#N/A N/A,#N/A N/A,#N/A N/A,#N/A N/A,#N/A N/A,#N/A N/A,7052.2406,1254.5,5065.7406,VOPAK,127.659,39.68,1902.5,77.5,5514.9
VPK NA Equity 2019,154.807,253.668,4.96,#N/A N/A,#N/A N/A,#N/A N/A,#N/A N/A,#N/A N/A,4.96,#N/A N/A,#N/A N/A,#N/A N/A,#N/A N/A,#N/A N/A,#N/A N/A,#N/A N/A,#N/A N/A,#N/A N/A,#N/A N/A,8651.2378,1252.6,6168.1378,VOPAK,127.638,48.33,2429.8,94.5,6373.5
VPK NA Equity 2020,207.078,237.072,2.803,#N/A N/A,#N/A N/A,#N/A N/A,#N/A N/A,#N/A N/A,2.803,#N/A N/A,#N/A N/A,#N/A N/A,#N/A N/A,#N/A N/A,#N/A N/A,#N/A N/A,#N/A N/A,#N/A N/A,#N/A N/A,8125.0246,1190,5390.7246,VOPAK,126.524,42.99,2657.7,68.3,6498.6
VPK NA Equity 2021,322.266,254.751,0,0,0,0,0,0,0,0,0,0,0,0,0,0,0,0,#N/A N/A,6938.336,1227.9,3860.736,VOPAK,125.417,30.8,2998.5,77.8,7086.7
VPK NA Equity 2022,327.97,189.04,385.891,78.038,156.8,71.302,0,56.01,0.706,6.616,0,0,0,0,0,0,0,16.419,#N/A N/A,6684.994,1367,3480.294,VOPAK,125.396,27.75,3084.6,41.5,6999.1
VPK NA Equity 2023,324.134,108.97,456.416,97.266,197.178,77.497,0,77.487,1.159,5.829,0,0,0,#N/A N/A,#N/A N/A,#N/A N/A,#N/A N/A,#N/A N/A,#N/A N/A,6221.5812,1425.6,3809.4812,VOPAK,125.444,30.44,2483.4,224.5,6654.3
VPK NA Equity 2024,122.706,86.298,565.34,61.4,250.463,45.731,#N/A N/A,84.322,1.471,5.023,#N/A N/A,#N/A N/A,#N/A N/A,#N/A N/A,#N/A N/A,#N/A N/A,#N/A N/A,116.93,#N/A N/A,7782.1202,1315.6,4977.2202,VOPAK,120.4167,42.5,2766.2,108.5,6802.3
VRY CN Equity 2018,#N/A N/A,#N/A N/A,#N/A N/A,#N/A N/A,#N/A N/A,#N/A N/A,#N/A N/A,#N/A N/A,#N/A N/A,#N/A N/A,#N/A N/A,#N/A N/A,#N/A N/A,#N/A N/A,#N/A N/A,#N/A N/A,#N/A N/A,#N/A N/A,#N/A N/A,6.1259,#N/A N/A,4.5051,PETRO-VICTORY ENERGY CORP,6.9312,0.6,1.744,0.1232,0.9893
VRY CN Equity 2019,#N/A N/A,#N/A N/A,#N/A N/A,#N/A N/A,#N/A N/A,#N/A N/A,#N/A N/A,#N/A N/A,#N/A N/A,#N/A N/A,#N/A N/A,#N/A N/A,#N/A N/A,#N/A N/A,#N/A N/A,#N/A N/A,#N/A N/A,#N/A N/A,#N/A N/A,11.39,#N/A N/A,7.3375,PETRO-VICTORY ENERGY CORP,8.3422,0.8,4.2901,0.2376,3.8375
VRY CN Equity 2020,#N/A N/A,#N/A N/A,#N/A N/A,#N/A N/A,#N/A N/A,#N/A N/A,#N/A N/A,#N/A N/A,#N/A N/A,#N/A N/A,#N/A N/A,#N/A N/A,#N/A N/A,#N/A N/A,#N/A N/A,#N/A N/A,#N/A N/A,#N/A N/A,#N/A N/A,6.2079,#N/A N/A,2.9485,PETRO-VICTORY ENERGY CORP,9.2059,0.32,4.3242,1.0648,5.9841
VRY CN Equity 2021,#N/A N/A,#N/A N/A,#N/A N/A,#N/A N/A,#N/A N/A,#N/A N/A,#N/A N/A,#N/A N/A,#N/A N/A,#N/A N/A,#N/A N/A,#N/A N/A,#N/A N/A,#N/A N/A,#N/A N/A,#N/A N/A,#N/A N/A,#N/A N/A,#N/A N/A,34.0323,#N/A N/A,27.107,PETRO-VICTORY ENERGY CORP,10.0961,2.17,7.102,0.1767,11.2963
VRY CN Equity 2022,#N/A N/A,#N/A N/A,#N/A N/A,#N/A N/A,#N/A N/A,#N/A N/A,#N/A N/A,#N/A N/A,#N/A N/A,#N/A N/A,#N/A N/A,#N/A N/A,#N/A N/A,#N/A N/A,#N/A N/A,#N/A N/A,#N/A N/A,#N/A N/A,#N/A N/A,58.9254,#N/A N/A,49.9996,PETRO-VICTORY ENERGY CORP,17.29,2.71,8.9501,0.0244,19.103
VRY CN Equity 2023,#N/A N/A,#N/A N/A,#N/A N/A,#N/A N/A,#N/A N/A,#N/A N/A,#N/A N/A,#N/A N/A,#N/A N/A,#N/A N/A,#N/A N/A,#N/A N/A,#N/A N/A,#N/A N/A,#N/A N/A,#N/A N/A,#N/A N/A,#N/A N/A,#N/A N/A,48.1415,#N/A N/A,39.1369,PETRO-VICTORY ENERGY CORP,20.063,2.1,9.1458,0.1413,17.4544
VRY CN Equity 2024,#N/A N/A,#N/A N/A,#N/A N/A,#N/A N/A,#N/A N/A,#N/A N/A,#N/A N/A,#N/A N/A,#N/A N/A,#N/A N/A,#N/A N/A,#N/A N/A,#N/A N/A,#N/A N/A,#N/A N/A,#N/A N/A,#N/A N/A,#N/A N/A,#N/A N/A,27.5975,#N/A N/A,17.7065,PETRO-VICTORY ENERGY CORP,20.118,0.86,10.166,0.275,12.851
VNRRQ US Equity 2018,#N/A N/A,#N/A N/A,#N/A N/A,#N/A N/A,#N/A N/A,#N/A N/A,#N/A N/A,#N/A N/A,#N/A N/A,#N/A N/A,#N/A N/A,#N/A N/A,#N/A N/A,#N/A N/A,#N/A N/A,#N/A N/A,#N/A N/A,#N/A N/A,#N/A N/A,880.2689,#N/A N/A,29.1799,GRIZZLY ENERGY LLC,20.104,1.45,884.627,33.538,1520.102
VNRRQ US Equity 2019,#N/A N/A,#N/A N/A,#N/A N/A,#N/A N/A,#N/A N/A,#N/A N/A,#N/A N/A,#N/A N/A,#N/A N/A,#N/A N/A,#N/A N/A,#N/A N/A,#N/A N/A,#N/A N/A,#N/A N/A,#N/A N/A,#N/A N/A,#N/A N/A,#N/A N/A,#N/A N/A,#N/A N/A,#N/A N/A,GRIZZLY ENERGY LLC,#N/A N/A,#N/A N/A,#N/A N/A,#N/A N/A,#N/A N/A
VNRRQ US Equity 2020,#N/A N/A,#N/A N/A,#N/A N/A,#N/A N/A,#N/A N/A,#N/A N/A,#N/A N/A,#N/A N/A,#N/A N/A,#N/A N/A,#N/A N/A,#N/A N/A,#N/A N/A,#N/A N/A,#N/A N/A,#N/A N/A,#N/A N/A,#N/A N/A,#N/A N/A,#N/A N/A,#N/A N/A,#N/A N/A,GRIZZLY ENERGY LLC,#N/A N/A,#N/A N/A,#N/A N/A,#N/A N/A,#N/A N/A
VNRRQ US Equity 2021,#N/A N/A,#N/A N/A,#N/A N/A,#N/A N/A,#N/A N/A,#N/A N/A,#N/A N/A,#N/A N/A,#N/A N/A,#N/A N/A,#N/A N/A,#N/A N/A,#N/A N/A,#N/A N/A,#N/A N/A,#N/A N/A,#N/A N/A,#N/A N/A,#N/A N/A,#N/A N/A,#N/A N/A,#N/A N/A,GRIZZLY ENERGY LLC,#N/A N/A,#N/A N/A,#N/A N/A,#N/A N/A,#N/A N/A
VNRRQ US Equity 2022,#N/A N/A,#N/A N/A,#N/A N/A,#N/A N/A,#N/A N/A,#N/A N/A,#N/A N/A,#N/A N/A,#N/A N/A,#N/A N/A,#N/A N/A,#N/A N/A,#N/A N/A,#N/A N/A,#N/A N/A,#N/A N/A,#N/A N/A,#N/A N/A,#N/A N/A,#N/A N/A,#N/A N/A,#N/A N/A,GRIZZLY ENERGY LLC,#N/A N/A,#N/A N/A,#N/A N/A,#N/A N/A,#N/A N/A
VNRRQ US Equity 2023,#N/A N/A,#N/A N/A,#N/A N/A,#N/A N/A,#N/A N/A,#N/A N/A,#N/A N/A,#N/A N/A,#N/A N/A,#N/A N/A,#N/A N/A,#N/A N/A,#N/A N/A,#N/A N/A,#N/A N/A,#N/A N/A,#N/A N/A,#N/A N/A,#N/A N/A,#N/A N/A,#N/A N/A,#N/A N/A,GRIZZLY ENERGY LLC,#N/A N/A,#N/A N/A,#N/A N/A,#N/A N/A,#N/A N/A
VNRRQ US Equity 2024,#N/A N/A,#N/A N/A,#N/A N/A,#N/A N/A,#N/A N/A,#N/A N/A,#N/A N/A,#N/A N/A,#N/A N/A,#N/A N/A,#N/A N/A,#N/A N/A,#N/A N/A,#N/A N/A,#N/A N/A,#N/A N/A,#N/A N/A,#N/A N/A,#N/A N/A,#N/A N/A,#N/A N/A,#N/A N/A,GRIZZLY ENERGY LLC,#N/A N/A,#N/A N/A,#N/A N/A,#N/A N/A,#N/A N/A
