IPL US Equity 2018,#N/A N/A,#N/A N/A,#N/A N/A,#N/A N/A,#N/A N/A,#N/A N/A,#N/A N/A,#N/A N/A,#N/A N/A,#N/A N/A,#N/A N/A,#N/A N/A,#N/A N/A,#N/A N/A,#N/A N/A,#N/A N/A,#N/A N/A,#N/A N/A,#N/A N/A,#N/A N/A,#N/A N/A,#N/A N/A,IPALCO ENTERPRISES INC,108.9073,#N/A N/A,2653.722,33.199,4862.053
IPL US Equity 2019,#N/A N/A,#N/A N/A,#N/A N/A,#N/A N/A,#N/A N/A,#N/A N/A,#N/A N/A,#N/A N/A,#N/A N/A,#N/A N/A,#N/A N/A,#N/A N/A,#N/A N/A,#N/A N/A,#N/A N/A,#N/A N/A,#N/A N/A,#N/A N/A,#N/A N/A,#N/A N/A,#N/A N/A,#N/A N/A,IPALCO ENTERPRISES INC,108.9073,#N/A N/A,2658.79,48.152,4928.669
IPL US Equity 2020,#N/A N/A,#N/A N/A,#N/A N/A,#N/A N/A,#N/A N/A,#N/A N/A,#N/A N/A,#N/A N/A,#N/A N/A,#N/A N/A,#N/A N/A,#N/A N/A,#N/A N/A,#N/A N/A,#N/A N/A,#N/A N/A,#N/A N/A,#N/A N/A,#N/A N/A,#N/A N/A,#N/A N/A,#N/A N/A,IPALCO ENTERPRISES INC,108.9073,#N/A N/A,2732.287,20.502,4969.919
IPL US Equity 2021,#N/A N/A,#N/A N/A,#N/A N/A,#N/A N/A,#N/A N/A,#N/A N/A,#N/A N/A,#N/A N/A,#N/A N/A,#N/A N/A,#N/A N/A,#N/A N/A,#N/A N/A,#N/A N/A,#N/A N/A,#N/A N/A,#N/A N/A,#N/A N/A,#N/A N/A,#N/A N/A,#N/A N/A,#N/A N/A,IPALCO ENTERPRISES INC,108.9073,#N/A N/A,2737.211,6.912,5239.767
IPL US Equity 2022,#N/A N/A,#N/A N/A,#N/A N/A,#N/A N/A,#N/A N/A,#N/A N/A,#N/A N/A,#N/A N/A,#N/A N/A,#N/A N/A,#N/A N/A,#N/A N/A,#N/A N/A,#N/A N/A,#N/A N/A,#N/A N/A,#N/A N/A,#N/A N/A,#N/A N/A,#N/A N/A,#N/A N/A,#N/A N/A,IPALCO ENTERPRISES INC,108.9073,#N/A N/A,3020.804,201.548,5589.214
IPL US Equity 2023,#N/A N/A,#N/A N/A,#N/A N/A,#N/A N/A,#N/A N/A,#N/A N/A,#N/A N/A,#N/A N/A,#N/A N/A,#N/A N/A,#N/A N/A,#N/A N/A,#N/A N/A,#N/A N/A,#N/A N/A,#N/A N/A,#N/A N/A,#N/A N/A,#N/A N/A,#N/A N/A,#N/A N/A,#N/A N/A,IPALCO ENTERPRISES INC,108.9073,#N/A N/A,3479.407,28.579,6181.523
IPL US Equity 2024,#N/A N/A,#N/A N/A,#N/A N/A,#N/A N/A,#N/A N/A,#N/A N/A,#N/A N/A,#N/A N/A,#N/A N/A,#N/A N/A,#N/A N/A,#N/A N/A,#N/A N/A,#N/A N/A,#N/A N/A,#N/A N/A,#N/A N/A,#N/A N/A,#N/A N/A,#N/A N/A,#N/A N/A,#N/A N/A,IPALCO ENTERPRISES INC,108.9073,#N/A N/A,4185.334,26.647,7139.025
IPL1 US Equity 2018,#N/A N/A,#N/A N/A,#N/A N/A,#N/A N/A,#N/A N/A,#N/A N/A,#N/A N/A,#N/A N/A,#N/A N/A,#N/A N/A,#N/A N/A,#N/A N/A,#N/A N/A,#N/A N/A,#N/A N/A,#N/A N/A,#N/A N/A,#N/A N/A,#N/A N/A,#N/A N/A,#N/A N/A,#N/A N/A,INDIANAPOLIS POWER & LIGHT,#N/A N/A,#N/A N/A,1780.184,26.834,4851.712
IPL1 US Equity 2019,#N/A N/A,#N/A N/A,#N/A N/A,#N/A N/A,#N/A N/A,#N/A N/A,#N/A N/A,#N/A N/A,#N/A N/A,#N/A N/A,#N/A N/A,#N/A N/A,#N/A N/A,#N/A N/A,#N/A N/A,#N/A N/A,#N/A N/A,#N/A N/A,#N/A N/A,#N/A N/A,#N/A N/A,#N/A N/A,INDIANAPOLIS POWER & LIGHT,#N/A N/A,#N/A N/A,1780.901,42.189,4918.408
IPL1 US Equity 2020,#N/A N/A,#N/A N/A,#N/A N/A,#N/A N/A,#N/A N/A,#N/A N/A,#N/A N/A,#N/A N/A,#N/A N/A,#N/A N/A,#N/A N/A,#N/A N/A,#N/A N/A,#N/A N/A,#N/A N/A,#N/A N/A,#N/A N/A,#N/A N/A,#N/A N/A,#N/A N/A,#N/A N/A,#N/A N/A,INDIANAPOLIS POWER & LIGHT,#N/A N/A,#N/A N/A,1855.41,17.946,4952.409
IPL1 US Equity 2021,#N/A N/A,#N/A N/A,#N/A N/A,#N/A N/A,#N/A N/A,#N/A N/A,#N/A N/A,#N/A N/A,#N/A N/A,#N/A N/A,#N/A N/A,#N/A N/A,#N/A N/A,#N/A N/A,#N/A N/A,#N/A N/A,#N/A N/A,#N/A N/A,#N/A N/A,#N/A N/A,#N/A N/A,#N/A N/A,INDIANAPOLIS POWER & LIGHT,#N/A N/A,#N/A N/A,#N/A N/A,#N/A N/A,#N/A N/A
IPL1 US Equity 2022,#N/A N/A,#N/A N/A,#N/A N/A,#N/A N/A,#N/A N/A,#N/A N/A,#N/A N/A,#N/A N/A,#N/A N/A,#N/A N/A,#N/A N/A,#N/A N/A,#N/A N/A,#N/A N/A,#N/A N/A,#N/A N/A,#N/A N/A,#N/A N/A,#N/A N/A,#N/A N/A,#N/A N/A,#N/A N/A,INDIANAPOLIS POWER & LIGHT,#N/A N/A,#N/A N/A,#N/A N/A,#N/A N/A,#N/A N/A
IPL1 US Equity 2023,#N/A N/A,#N/A N/A,#N/A N/A,#N/A N/A,#N/A N/A,#N/A N/A,#N/A N/A,#N/A N/A,#N/A N/A,#N/A N/A,#N/A N/A,#N/A N/A,#N/A N/A,#N/A N/A,#N/A N/A,#N/A N/A,#N/A N/A,#N/A N/A,#N/A N/A,#N/A N/A,#N/A N/A,#N/A N/A,INDIANAPOLIS POWER & LIGHT,#N/A N/A,#N/A N/A,#N/A N/A,#N/A N/A,#N/A N/A
IPL1 US Equity 2024,#N/A N/A,#N/A N/A,#N/A N/A,#N/A N/A,#N/A N/A,#N/A N/A,#N/A N/A,#N/A N/A,#N/A N/A,#N/A N/A,#N/A N/A,#N/A N/A,#N/A N/A,#N/A N/A,#N/A N/A,#N/A N/A,#N/A N/A,#N/A N/A,#N/A N/A,#N/A N/A,#N/A N/A,#N/A N/A,INDIANAPOLIS POWER & LIGHT,#N/A N/A,#N/A N/A,#N/A N/A,#N/A N/A,#N/A N/A
ITMA IJ Equity 2018,#N/A N/A,#N/A N/A,#N/A N/A,#N/A N/A,#N/A N/A,#N/A N/A,#N/A N/A,#N/A N/A,#N/A N/A,#N/A N/A,#N/A N/A,#N/A N/A,#N/A N/A,#N/A N/A,#N/A N/A,#N/A N/A,#N/A N/A,#N/A N/A,#N/A N/A,34.1757,0,34.6711,SUMBER ENERGI ANDALAN TBK P,697.2149,683,0,0.4954,123.5956
ITMA IJ Equity 2019,#N/A N/A,#N/A N/A,#N/A N/A,#N/A N/A,#N/A N/A,#N/A N/A,#N/A N/A,#N/A N/A,#N/A N/A,#N/A N/A,#N/A N/A,#N/A N/A,#N/A N/A,#N/A N/A,#N/A N/A,#N/A N/A,#N/A N/A,#N/A N/A,#N/A N/A,26.1049,#N/A N/A,26.3907,SUMBER ENERGI ANDALAN TBK P,#N/A N/A,540,0,0.2857,145.108
ITMA IJ Equity 2020,#N/A N/A,#N/A N/A,#N/A N/A,#N/A N/A,#N/A N/A,#N/A N/A,#N/A N/A,#N/A N/A,#N/A N/A,#N/A N/A,#N/A N/A,#N/A N/A,#N/A N/A,#N/A N/A,#N/A N/A,#N/A N/A,#N/A N/A,#N/A N/A,#N/A N/A,32.3896,#N/A N/A,32.5652,SUMBER ENERGI ANDALAN TBK P,#N/A N/A,525,0.0556,0.2312,160.217
ITMA IJ Equity 2021,#N/A N/A,#N/A N/A,#N/A N/A,#N/A N/A,#N/A N/A,#N/A N/A,#N/A N/A,#N/A N/A,#N/A N/A,#N/A N/A,#N/A N/A,#N/A N/A,#N/A N/A,#N/A N/A,#N/A N/A,#N/A N/A,#N/A N/A,#N/A N/A,#N/A N/A,55.9041,#N/A N/A,45.775,SUMBER ENERGI ANDALAN TBK P,870.701,750,10.2971,0.1759,182.9737
ITMA IJ Equity 2022,#N/A N/A,#N/A N/A,#N/A N/A,#N/A N/A,#N/A N/A,#N/A N/A,#N/A N/A,#N/A N/A,#N/A N/A,#N/A N/A,#N/A N/A,#N/A N/A,#N/A N/A,#N/A N/A,#N/A N/A,#N/A N/A,#N/A N/A,#N/A N/A,#N/A N/A,61.123,#N/A N/A,52.5071,SUMBER ENERGI ANDALAN TBK P,900.0768,815,8.9662,0.2179,219.18
ITMA IJ Equity 2023,#N/A N/A,#N/A N/A,#N/A N/A,#N/A N/A,#N/A N/A,#N/A N/A,#N/A N/A,#N/A N/A,#N/A N/A,#N/A N/A,#N/A N/A,#N/A N/A,#N/A N/A,#N/A N/A,#N/A N/A,#N/A N/A,#N/A N/A,#N/A N/A,#N/A N/A,52.5031,#N/A N/A,44.786,SUMBER ENERGI ANDALAN TBK P,999.0532,690,8.2188,0.2706,226.6959
ITMA IJ Equity 2024,#N/A N/A,#N/A N/A,#N/A N/A,#N/A N/A,#N/A N/A,#N/A N/A,#N/A N/A,#N/A N/A,#N/A N/A,#N/A N/A,#N/A N/A,#N/A N/A,#N/A N/A,#N/A N/A,#N/A N/A,#N/A N/A,#N/A N/A,#N/A N/A,#N/A N/A,59.027,#N/A N/A,44.4298,SUMBER ENERGI ANDALAN TBK P,999.0532,720,15.0016,1.0903,250.9829
ITMA IJ Equity 2018,#N/A N/A,#N/A N/A,#N/A N/A,#N/A N/A,#N/A N/A,#N/A N/A,#N/A N/A,#N/A N/A,#N/A N/A,#N/A N/A,#N/A N/A,#N/A N/A,#N/A N/A,#N/A N/A,#N/A N/A,#N/A N/A,#N/A N/A,#N/A N/A,#N/A N/A,34.1757,0,34.6711,SUMBER ENERGI ANDALAN TBK P,697.2149,683,0,0.4954,123.5956
ITMA IJ Equity 2019,#N/A N/A,#N/A N/A,#N/A N/A,#N/A N/A,#N/A N/A,#N/A N/A,#N/A N/A,#N/A N/A,#N/A N/A,#N/A N/A,#N/A N/A,#N/A N/A,#N/A N/A,#N/A N/A,#N/A N/A,#N/A N/A,#N/A N/A,#N/A N/A,#N/A N/A,26.1049,#N/A N/A,26.3907,SUMBER ENERGI ANDALAN TBK P,#N/A N/A,540,0,0.2857,145.108
ITMA IJ Equity 2020,#N/A N/A,#N/A N/A,#N/A N/A,#N/A N/A,#N/A N/A,#N/A N/A,#N/A N/A,#N/A N/A,#N/A N/A,#N/A N/A,#N/A N/A,#N/A N/A,#N/A N/A,#N/A N/A,#N/A N/A,#N/A N/A,#N/A N/A,#N/A N/A,#N/A N/A,32.3896,#N/A N/A,32.5652,SUMBER ENERGI ANDALAN TBK P,#N/A N/A,525,0.0556,0.2312,160.217
ITMA IJ Equity 2021,#N/A N/A,#N/A N/A,#N/A N/A,#N/A N/A,#N/A N/A,#N/A N/A,#N/A N/A,#N/A N/A,#N/A N/A,#N/A N/A,#N/A N/A,#N/A N/A,#N/A N/A,#N/A N/A,#N/A N/A,#N/A N/A,#N/A N/A,#N/A N/A,#N/A N/A,55.9041,#N/A N/A,45.775,SUMBER ENERGI ANDALAN TBK P,870.701,750,10.2971,0.1759,182.9737
ITMA IJ Equity 2022,#N/A N/A,#N/A N/A,#N/A N/A,#N/A N/A,#N/A N/A,#N/A N/A,#N/A N/A,#N/A N/A,#N/A N/A,#N/A N/A,#N/A N/A,#N/A N/A,#N/A N/A,#N/A N/A,#N/A N/A,#N/A N/A,#N/A N/A,#N/A N/A,#N/A N/A,61.123,#N/A N/A,52.5071,SUMBER ENERGI ANDALAN TBK P,900.0768,815,8.9662,0.2179,219.18
ITMA IJ Equity 2023,#N/A N/A,#N/A N/A,#N/A N/A,#N/A N/A,#N/A N/A,#N/A N/A,#N/A N/A,#N/A N/A,#N/A N/A,#N/A N/A,#N/A N/A,#N/A N/A,#N/A N/A,#N/A N/A,#N/A N/A,#N/A N/A,#N/A N/A,#N/A N/A,#N/A N/A,52.5031,#N/A N/A,44.786,SUMBER ENERGI ANDALAN TBK P,999.0532,690,8.2188,0.2706,226.6959
ITMA IJ Equity 2024,#N/A N/A,#N/A N/A,#N/A N/A,#N/A N/A,#N/A N/A,#N/A N/A,#N/A N/A,#N/A N/A,#N/A N/A,#N/A N/A,#N/A N/A,#N/A N/A,#N/A N/A,#N/A N/A,#N/A N/A,#N/A N/A,#N/A N/A,#N/A N/A,#N/A N/A,59.027,#N/A N/A,44.4298,SUMBER ENERGI ANDALAN TBK P,999.0532,720,15.0016,1.0903,250.9829
IATA IJ Equity 2018,#N/A N/A,#N/A N/A,#N/A N/A,#N/A N/A,#N/A N/A,#N/A N/A,#N/A N/A,#N/A N/A,#N/A N/A,#N/A N/A,#N/A N/A,#N/A N/A,#N/A N/A,#N/A N/A,#N/A N/A,#N/A N/A,#N/A N/A,#N/A N/A,#N/A N/A,45.8764,20.28,34.3624,MNC ENERGY INVESTMENTS TBK P,9979.5181,50,12.2423,0.7283,68.4428
IATA IJ Equity 2019,#N/A N/A,#N/A N/A,#N/A N/A,#N/A N/A,#N/A N/A,#N/A N/A,#N/A N/A,#N/A N/A,#N/A N/A,#N/A N/A,#N/A N/A,#N/A N/A,#N/A N/A,#N/A N/A,#N/A N/A,#N/A N/A,#N/A N/A,#N/A N/A,#N/A N/A,42.9583,14.884,35.8614,MNC ENERGY INVESTMENTS TBK P,10697.6651,50,7.4481,0.3512,61.1013
IATA IJ Equity 2020,#N/A N/A,#N/A N/A,#N/A N/A,#N/A N/A,#N/A N/A,#N/A N/A,#N/A N/A,#N/A N/A,#N/A N/A,#N/A N/A,#N/A N/A,#N/A N/A,#N/A N/A,#N/A N/A,#N/A N/A,#N/A N/A,#N/A N/A,#N/A N/A,#N/A N/A,93.3071,7.724,38.1052,MNC ENERGY INVESTMENTS TBK P,10697.6651,50,48.0698,0.5332,101.8483
IATA IJ Equity 2021,#N/A N/A,#N/A N/A,#N/A N/A,#N/A N/A,#N/A N/A,#N/A N/A,#N/A N/A,#N/A N/A,#N/A N/A,#N/A N/A,#N/A N/A,#N/A N/A,#N/A N/A,#N/A N/A,#N/A N/A,#N/A N/A,#N/A N/A,#N/A N/A,#N/A N/A,88.065,17.163,52.0137,MNC ENERGY INVESTMENTS TBK P,11415.8121,65,27.1662,1.6831,99.9451
IATA IJ Equity 2022,#N/A N/A,#N/A N/A,#N/A N/A,#N/A N/A,#N/A N/A,#N/A N/A,#N/A N/A,#N/A N/A,#N/A N/A,#N/A N/A,#N/A N/A,#N/A N/A,#N/A N/A,#N/A N/A,#N/A N/A,#N/A N/A,#N/A N/A,#N/A N/A,#N/A N/A,230.0199,#N/A N/A,195.3045,MNC ENERGY INVESTMENTS TBK P,25238.2215,120,35.3099,0.7269,180.29
IATA IJ Equity 2023,#N/A N/A,#N/A N/A,#N/A N/A,#N/A N/A,#N/A N/A,#N/A N/A,#N/A N/A,#N/A N/A,#N/A N/A,#N/A N/A,#N/A N/A,#N/A N/A,#N/A N/A,#N/A N/A,#N/A N/A,#N/A N/A,#N/A N/A,#N/A N/A,#N/A N/A,154.2125,#N/A N/A,81.9849,MNC ENERGY INVESTMENTS TBK P,25238.2215,50,72.9197,0.9328,245.4463
IATA IJ Equity 2024,#N/A N/A,#N/A N/A,#N/A N/A,#N/A N/A,#N/A N/A,#N/A N/A,#N/A N/A,#N/A N/A,#N/A N/A,#N/A N/A,#N/A N/A,#N/A N/A,#N/A N/A,#N/A N/A,#N/A N/A,#N/A N/A,#N/A N/A,#N/A N/A,#N/A N/A,117.1143,#N/A N/A,77.9439,MNC ENERGY INVESTMENTS TBK P,25238.2455,50,42.3776,3.2975,227.9655
INDY IJ Equity 2018,1623.8,#N/A N/A,#N/A N/A,#N/A N/A,#N/A N/A,#N/A N/A,#N/A N/A,#N/A N/A,#N/A N/A,#N/A N/A,#N/A N/A,#N/A N/A,#N/A N/A,#N/A N/A,#N/A N/A,#N/A N/A,#N/A N/A,#N/A N/A,#N/A N/A,1594.266,2962.861,568.7044,INDIKA ENERGY TBK PT,5210.192,1585,1460.0428,613.0477,3669.9527
INDY IJ Equity 2019,1617.57,#N/A N/A,#N/A N/A,#N/A N/A,#N/A N/A,#N/A N/A,#N/A N/A,#N/A N/A,#N/A N/A,#N/A N/A,#N/A N/A,#N/A N/A,#N/A N/A,#N/A N/A,#N/A N/A,#N/A N/A,#N/A N/A,#N/A N/A,#N/A N/A,1585.7182,2782.676,447.4759,INDIKA ENERGY TBK PT,5210.192,1195,1511.7747,568.6337,3616.1631
INDY IJ Equity 2020,1203.35,3.425,#N/A N/A,#N/A N/A,#N/A N/A,#N/A N/A,#N/A N/A,#N/A N/A,#N/A N/A,#N/A N/A,#N/A N/A,#N/A N/A,#N/A N/A,#N/A N/A,#N/A N/A,#N/A N/A,#N/A N/A,#N/A N/A,#N/A N/A,1868.4958,2077.212,641.2094,INDIKA ENERGY TBK PT,5210.192,1730,1696.7657,651.1931,3493.7029
INDY IJ Equity 2021,1197.17,3.866,#N/A N/A,#N/A N/A,#N/A N/A,#N/A N/A,#N/A N/A,#N/A N/A,#N/A N/A,#N/A N/A,#N/A N/A,#N/A N/A,#N/A N/A,#N/A N/A,#N/A N/A,#N/A N/A,#N/A N/A,#N/A N/A,#N/A N/A,1272.346,3069.161,563.4489,INDIKA ENERGY TBK PT,5202.692,1545,1455.9867,867.4048,3691.4771
INDY IJ Equity 2022,1155.28,5.482,#N/A N/A,#N/A N/A,#N/A N/A,#N/A N/A,#N/A N/A,#N/A N/A,#N/A N/A,#N/A N/A,#N/A N/A,#N/A N/A,#N/A N/A,#N/A N/A,#N/A N/A,#N/A N/A,#N/A N/A,#N/A N/A,#N/A N/A,1008.2845,4334.9107,915.9313,INDIKA ENERGY TBK PT,5202.692,2730,1097.0021,1155.5391,3593.872
INDY IJ Equity 2023,1023.43,6.576,#N/A N/A,#N/A N/A,#N/A N/A,#N/A N/A,#N/A N/A,#N/A N/A,#N/A N/A,#N/A N/A,#N/A N/A,#N/A N/A,#N/A N/A,#N/A N/A,#N/A N/A,#N/A N/A,#N/A N/A,#N/A N/A,#N/A N/A,1259.425,3026.8,485.0483,INDIKA ENERGY TBK PT,5202.692,1435,1091.9302,461.8485,3113.1024
INDY IJ Equity 2024,906.8,7.72,#N/A N/A,#N/A N/A,#N/A N/A,#N/A N/A,#N/A N/A,#N/A N/A,#N/A N/A,#N/A N/A,#N/A N/A,#N/A N/A,#N/A N/A,#N/A N/A,#N/A N/A,#N/A N/A,#N/A N/A,#N/A N/A,#N/A N/A,1233.2609,2446.6797,480.4215,INDIKA ENERGY TBK PT,5202.692,1495,1068.8014,465.6363,2962.7638
ITMA IJ Equity 2018,#N/A N/A,#N/A N/A,#N/A N/A,#N/A N/A,#N/A N/A,#N/A N/A,#N/A N/A,#N/A N/A,#N/A N/A,#N/A N/A,#N/A N/A,#N/A N/A,#N/A N/A,#N/A N/A,#N/A N/A,#N/A N/A,#N/A N/A,#N/A N/A,#N/A N/A,34.1757,0,34.6711,SUMBER ENERGI ANDALAN TBK P,697.2149,683,0,0.4954,123.5956
ITMA IJ Equity 2019,#N/A N/A,#N/A N/A,#N/A N/A,#N/A N/A,#N/A N/A,#N/A N/A,#N/A N/A,#N/A N/A,#N/A N/A,#N/A N/A,#N/A N/A,#N/A N/A,#N/A N/A,#N/A N/A,#N/A N/A,#N/A N/A,#N/A N/A,#N/A N/A,#N/A N/A,26.1049,#N/A N/A,26.3907,SUMBER ENERGI ANDALAN TBK P,#N/A N/A,540,0,0.2857,145.108
ITMA IJ Equity 2020,#N/A N/A,#N/A N/A,#N/A N/A,#N/A N/A,#N/A N/A,#N/A N/A,#N/A N/A,#N/A N/A,#N/A N/A,#N/A N/A,#N/A N/A,#N/A N/A,#N/A N/A,#N/A N/A,#N/A N/A,#N/A N/A,#N/A N/A,#N/A N/A,#N/A N/A,32.3896,#N/A N/A,32.5652,SUMBER ENERGI ANDALAN TBK P,#N/A N/A,525,0.0556,0.2312,160.217
ITMA IJ Equity 2021,#N/A N/A,#N/A N/A,#N/A N/A,#N/A N/A,#N/A N/A,#N/A N/A,#N/A N/A,#N/A N/A,#N/A N/A,#N/A N/A,#N/A N/A,#N/A N/A,#N/A N/A,#N/A N/A,#N/A N/A,#N/A N/A,#N/A N/A,#N/A N/A,#N/A N/A,55.9041,#N/A N/A,45.775,SUMBER ENERGI ANDALAN TBK P,870.701,750,10.2971,0.1759,182.9737
ITMA IJ Equity 2022,#N/A N/A,#N/A N/A,#N/A N/A,#N/A N/A,#N/A N/A,#N/A N/A,#N/A N/A,#N/A N/A,#N/A N/A,#N/A N/A,#N/A N/A,#N/A N/A,#N/A N/A,#N/A N/A,#N/A N/A,#N/A N/A,#N/A N/A,#N/A N/A,#N/A N/A,61.123,#N/A N/A,52.5071,SUMBER ENERGI ANDALAN TBK P,900.0768,815,8.9662,0.2179,219.18
ITMA IJ Equity 2023,#N/A N/A,#N/A N/A,#N/A N/A,#N/A N/A,#N/A N/A,#N/A N/A,#N/A N/A,#N/A N/A,#N/A N/A,#N/A N/A,#N/A N/A,#N/A N/A,#N/A N/A,#N/A N/A,#N/A N/A,#N/A N/A,#N/A N/A,#N/A N/A,#N/A N/A,52.5031,#N/A N/A,44.786,SUMBER ENERGI ANDALAN TBK P,999.0532,690,8.2188,0.2706,226.6959
ITMA IJ Equity 2024,#N/A N/A,#N/A N/A,#N/A N/A,#N/A N/A,#N/A N/A,#N/A N/A,#N/A N/A,#N/A N/A,#N/A N/A,#N/A N/A,#N/A N/A,#N/A N/A,#N/A N/A,#N/A N/A,#N/A N/A,#N/A N/A,#N/A N/A,#N/A N/A,#N/A N/A,59.027,#N/A N/A,44.4298,SUMBER ENERGI ANDALAN TBK P,999.0532,720,15.0016,1.0903,250.9829
IRAO RM Equity 2018,#N/A N/A,#N/A N/A,#N/A N/A,#N/A N/A,#N/A N/A,#N/A N/A,#N/A N/A,#N/A N/A,#N/A N/A,#N/A N/A,#N/A N/A,#N/A N/A,#N/A N/A,#N/A N/A,#N/A N/A,#N/A N/A,#N/A N/A,#N/A N/A,#N/A N/A,113062.9306,962582,285988.9306,INTER RAO UES PJSC,79125.328,3.8795,59394,234529,728587
IRAO RM Equity 2019,#N/A N/A,#N/A N/A,#N/A N/A,#N/A N/A,#N/A N/A,#N/A N/A,#N/A N/A,#N/A N/A,#N/A N/A,#N/A N/A,#N/A N/A,#N/A N/A,#N/A N/A,#N/A N/A,#N/A N/A,#N/A N/A,#N/A N/A,#N/A N/A,#N/A N/A,168172.8565,1032120,370791.8565,INTER RAO UES PJSC,73629.762,5.042,60609,265168,751009
IRAO RM Equity 2020,#N/A N/A,#N/A N/A,#N/A N/A,#N/A N/A,#N/A N/A,#N/A N/A,#N/A N/A,#N/A N/A,#N/A N/A,#N/A N/A,#N/A N/A,#N/A N/A,#N/A N/A,#N/A N/A,#N/A N/A,#N/A N/A,#N/A N/A,#N/A N/A,#N/A N/A,150651.5969,986292,390684.5969,INTER RAO UES PJSC,73540.63,5.3125,94667,336856,865243
IRAO RM Equity 2021,#N/A N/A,#N/A N/A,#N/A N/A,#N/A N/A,#N/A N/A,#N/A N/A,#N/A N/A,#N/A N/A,#N/A N/A,#N/A N/A,#N/A N/A,#N/A N/A,#N/A N/A,#N/A N/A,#N/A N/A,#N/A N/A,#N/A N/A,#N/A N/A,#N/A N/A,#N/A N/A,#N/A N/A,#N/A N/A,INTER RAO UES PJSC,#N/A N/A,#N/A N/A,#N/A N/A,#N/A N/A,#N/A N/A
IRAO RM Equity 2022,#N/A N/A,#N/A N/A,#N/A N/A,#N/A N/A,#N/A N/A,#N/A N/A,#N/A N/A,#N/A N/A,#N/A N/A,#N/A N/A,#N/A N/A,#N/A N/A,#N/A N/A,#N/A N/A,#N/A N/A,#N/A N/A,#N/A N/A,#N/A N/A,#N/A N/A,#N/A N/A,#N/A N/A,#N/A N/A,INTER RAO UES PJSC,#N/A N/A,#N/A N/A,#N/A N/A,#N/A N/A,#N/A N/A
IRAO RM Equity 2023,#N/A N/A,#N/A N/A,#N/A N/A,#N/A N/A,#N/A N/A,#N/A N/A,#N/A N/A,#N/A N/A,#N/A N/A,#N/A N/A,#N/A N/A,#N/A N/A,#N/A N/A,#N/A N/A,#N/A N/A,#N/A N/A,#N/A N/A,#N/A N/A,#N/A N/A,-122662.3487,#N/A N/A,291404.6513,INTER RAO UES PJSC,73538.489,3.9625,105753,537174,1299183
IRAO RM Equity 2024,#N/A N/A,#N/A N/A,#N/A N/A,#N/A N/A,#N/A N/A,#N/A N/A,#N/A N/A,#N/A N/A,#N/A N/A,#N/A N/A,#N/A N/A,#N/A N/A,#N/A N/A,#N/A N/A,#N/A N/A,#N/A N/A,#N/A N/A,#N/A N/A,#N/A N/A,#N/A N/A,#N/A N/A,#N/A N/A,INTER RAO UES PJSC,71700.695,3.9135,98271,525776,1460989
IMYTGZ CH Equity 2018,#N/A N/A,#N/A N/A,#N/A N/A,#N/A N/A,#N/A N/A,#N/A N/A,#N/A N/A,#N/A N/A,#N/A N/A,#N/A N/A,#N/A N/A,#N/A N/A,#N/A N/A,#N/A N/A,#N/A N/A,#N/A N/A,#N/A N/A,#N/A N/A,#N/A N/A,#N/A N/A,#N/A N/A,#N/A N/A,INNER MONGOLIA YITAI GROUP L,#N/A N/A,#N/A N/A,59464.5344,20007.8477,114728.3015
IMYTGZ CH Equity 2019,#N/A N/A,#N/A N/A,#N/A N/A,#N/A N/A,#N/A N/A,#N/A N/A,#N/A N/A,#N/A N/A,#N/A N/A,#N/A N/A,#N/A N/A,#N/A N/A,#N/A N/A,#N/A N/A,#N/A N/A,#N/A N/A,#N/A N/A,#N/A N/A,#N/A N/A,#N/A N/A,#N/A N/A,#N/A N/A,INNER MONGOLIA YITAI GROUP L,#N/A N/A,#N/A N/A,56225.7703,14334.2003,112709.4892
IMYTGZ CH Equity 2020,#N/A N/A,#N/A N/A,#N/A N/A,#N/A N/A,#N/A N/A,#N/A N/A,#N/A N/A,#N/A N/A,#N/A N/A,#N/A N/A,#N/A N/A,#N/A N/A,#N/A N/A,#N/A N/A,#N/A N/A,#N/A N/A,#N/A N/A,#N/A N/A,#N/A N/A,#N/A N/A,#N/A N/A,#N/A N/A,INNER MONGOLIA YITAI GROUP L,#N/A N/A,#N/A N/A,50184.269,10505.7293,104126.5554
IMYTGZ CH Equity 2021,#N/A N/A,#N/A N/A,#N/A N/A,#N/A N/A,#N/A N/A,#N/A N/A,#N/A N/A,#N/A N/A,#N/A N/A,#N/A N/A,#N/A N/A,#N/A N/A,#N/A N/A,#N/A N/A,#N/A N/A,#N/A N/A,#N/A N/A,#N/A N/A,#N/A N/A,#N/A N/A,#N/A N/A,#N/A N/A,INNER MONGOLIA YITAI GROUP L,#N/A N/A,#N/A N/A,#N/A N/A,#N/A N/A,#N/A N/A
IMYTGZ CH Equity 2022,#N/A N/A,#N/A N/A,#N/A N/A,#N/A N/A,#N/A N/A,#N/A N/A,#N/A N/A,#N/A N/A,#N/A N/A,#N/A N/A,#N/A N/A,#N/A N/A,#N/A N/A,#N/A N/A,#N/A N/A,#N/A N/A,#N/A N/A,#N/A N/A,#N/A N/A,#N/A N/A,#N/A N/A,#N/A N/A,INNER MONGOLIA YITAI GROUP L,#N/A N/A,#N/A N/A,#N/A N/A,#N/A N/A,#N/A N/A
IMYTGZ CH Equity 2023,#N/A N/A,#N/A N/A,#N/A N/A,#N/A N/A,#N/A N/A,#N/A N/A,#N/A N/A,#N/A N/A,#N/A N/A,#N/A N/A,#N/A N/A,#N/A N/A,#N/A N/A,#N/A N/A,#N/A N/A,#N/A N/A,#N/A N/A,#N/A N/A,#N/A N/A,#N/A N/A,#N/A N/A,#N/A N/A,INNER MONGOLIA YITAI GROUP L,#N/A N/A,#N/A N/A,#N/A N/A,#N/A N/A,#N/A N/A
IMYTGZ CH Equity 2024,#N/A N/A,#N/A N/A,#N/A N/A,#N/A N/A,#N/A N/A,#N/A N/A,#N/A N/A,#N/A N/A,#N/A N/A,#N/A N/A,#N/A N/A,#N/A N/A,#N/A N/A,#N/A N/A,#N/A N/A,#N/A N/A,#N/A N/A,#N/A N/A,#N/A N/A,#N/A N/A,#N/A N/A,#N/A N/A,INNER MONGOLIA YITAI GROUP L,#N/A N/A,#N/A N/A,#N/A N/A,#N/A N/A,#N/A N/A
IMJPGZ CH Equity 2018,#N/A N/A,#N/A N/A,#N/A N/A,#N/A N/A,#N/A N/A,#N/A N/A,#N/A N/A,#N/A N/A,#N/A N/A,#N/A N/A,#N/A N/A,#N/A N/A,#N/A N/A,#N/A N/A,#N/A N/A,#N/A N/A,#N/A N/A,#N/A N/A,#N/A N/A,#N/A N/A,#N/A N/A,#N/A N/A,INNER MONOGOLIA JINGDA POWER,#N/A N/A,#N/A N/A,#N/A N/A,#N/A N/A,#N/A N/A
IMJPGZ CH Equity 2019,#N/A N/A,#N/A N/A,#N/A N/A,#N/A N/A,#N/A N/A,#N/A N/A,#N/A N/A,#N/A N/A,#N/A N/A,#N/A N/A,#N/A N/A,#N/A N/A,#N/A N/A,#N/A N/A,#N/A N/A,#N/A N/A,#N/A N/A,#N/A N/A,#N/A N/A,#N/A N/A,#N/A N/A,#N/A N/A,INNER MONOGOLIA JINGDA POWER,#N/A N/A,#N/A N/A,#N/A N/A,#N/A N/A,#N/A N/A
IMJPGZ CH Equity 2020,#N/A N/A,#N/A N/A,#N/A N/A,#N/A N/A,#N/A N/A,#N/A N/A,#N/A N/A,#N/A N/A,#N/A N/A,#N/A N/A,#N/A N/A,#N/A N/A,#N/A N/A,#N/A N/A,#N/A N/A,#N/A N/A,#N/A N/A,#N/A N/A,#N/A N/A,#N/A N/A,#N/A N/A,#N/A N/A,INNER MONOGOLIA JINGDA POWER,#N/A N/A,#N/A N/A,#N/A N/A,#N/A N/A,#N/A N/A
IMJPGZ CH Equity 2021,#N/A N/A,#N/A N/A,#N/A N/A,#N/A N/A,#N/A N/A,#N/A N/A,#N/A N/A,#N/A N/A,#N/A N/A,#N/A N/A,#N/A N/A,#N/A N/A,#N/A N/A,#N/A N/A,#N/A N/A,#N/A N/A,#N/A N/A,#N/A N/A,#N/A N/A,#N/A N/A,#N/A N/A,#N/A N/A,INNER MONOGOLIA JINGDA POWER,#N/A N/A,#N/A N/A,#N/A N/A,#N/A N/A,#N/A N/A
IMJPGZ CH Equity 2022,#N/A N/A,#N/A N/A,#N/A N/A,#N/A N/A,#N/A N/A,#N/A N/A,#N/A N/A,#N/A N/A,#N/A N/A,#N/A N/A,#N/A N/A,#N/A N/A,#N/A N/A,#N/A N/A,#N/A N/A,#N/A N/A,#N/A N/A,#N/A N/A,#N/A N/A,#N/A N/A,#N/A N/A,#N/A N/A,INNER MONOGOLIA JINGDA POWER,#N/A N/A,#N/A N/A,#N/A N/A,#N/A N/A,#N/A N/A
IMJPGZ CH Equity 2023,#N/A N/A,#N/A N/A,#N/A N/A,#N/A N/A,#N/A N/A,#N/A N/A,#N/A N/A,#N/A N/A,#N/A N/A,#N/A N/A,#N/A N/A,#N/A N/A,#N/A N/A,#N/A N/A,#N/A N/A,#N/A N/A,#N/A N/A,#N/A N/A,#N/A N/A,#N/A N/A,#N/A N/A,#N/A N/A,INNER MONOGOLIA JINGDA POWER,#N/A N/A,#N/A N/A,#N/A N/A,#N/A N/A,#N/A N/A
IMJPGZ CH Equity 2024,#N/A N/A,#N/A N/A,#N/A N/A,#N/A N/A,#N/A N/A,#N/A N/A,#N/A N/A,#N/A N/A,#N/A N/A,#N/A N/A,#N/A N/A,#N/A N/A,#N/A N/A,#N/A N/A,#N/A N/A,#N/A N/A,#N/A N/A,#N/A N/A,#N/A N/A,#N/A N/A,#N/A N/A,#N/A N/A,INNER MONOGOLIA JINGDA POWER,#N/A N/A,#N/A N/A,#N/A N/A,#N/A N/A,#N/A N/A
IKW AU Equity 2018,#N/A N/A,#N/A N/A,#N/A N/A,#N/A N/A,#N/A N/A,#N/A N/A,#N/A N/A,#N/A N/A,#N/A N/A,#N/A N/A,#N/A N/A,#N/A N/A,#N/A N/A,#N/A N/A,#N/A N/A,#N/A N/A,#N/A N/A,#N/A N/A,#N/A N/A,0.5486,#N/A N/A,3.0488,IKWEZI MINING LTD,13.55,0.225,0.8976,0.1308,16.091
IKW AU Equity 2019,#N/A N/A,#N/A N/A,#N/A N/A,#N/A N/A,#N/A N/A,#N/A N/A,#N/A N/A,#N/A N/A,#N/A N/A,#N/A N/A,#N/A N/A,#N/A N/A,#N/A N/A,#N/A N/A,#N/A N/A,#N/A N/A,#N/A N/A,#N/A N/A,#N/A N/A,0.9048,#N/A N/A,4.065,IKWEZI MINING LTD,40.65,0.1,0,0.2514,23.6494
IKW AU Equity 2020,#N/A N/A,#N/A N/A,#N/A N/A,#N/A N/A,#N/A N/A,#N/A N/A,#N/A N/A,#N/A N/A,#N/A N/A,#N/A N/A,#N/A N/A,#N/A N/A,#N/A N/A,#N/A N/A,#N/A N/A,#N/A N/A,#N/A N/A,#N/A N/A,#N/A N/A,-0.1858,#N/A N/A,4.065,IKWEZI MINING LTD,40.65,0.1,0.4964,2.548,23.0669
IKW AU Equity 2021,#N/A N/A,#N/A N/A,#N/A N/A,#N/A N/A,#N/A N/A,#N/A N/A,#N/A N/A,#N/A N/A,#N/A N/A,#N/A N/A,#N/A N/A,#N/A N/A,#N/A N/A,#N/A N/A,#N/A N/A,#N/A N/A,#N/A N/A,#N/A N/A,#N/A N/A,10.2153,#N/A N/A,7.317,IKWEZI MINING LTD,40.65,0.18,5.8929,0.2142,32.1571
IKW AU Equity 2022,#N/A N/A,#N/A N/A,#N/A N/A,#N/A N/A,#N/A N/A,#N/A N/A,#N/A N/A,#N/A N/A,#N/A N/A,#N/A N/A,#N/A N/A,#N/A N/A,#N/A N/A,#N/A N/A,#N/A N/A,#N/A N/A,#N/A N/A,#N/A N/A,#N/A N/A,69.6182,#N/A N/A,69.105,IKWEZI MINING LTD,40.65,1.7,0.4981,1.843,45.5132
IKW AU Equity 2023,#N/A N/A,#N/A N/A,#N/A N/A,#N/A N/A,#N/A N/A,#N/A N/A,#N/A N/A,#N/A N/A,#N/A N/A,#N/A N/A,#N/A N/A,#N/A N/A,#N/A N/A,#N/A N/A,#N/A N/A,#N/A N/A,#N/A N/A,#N/A N/A,#N/A N/A,#N/A N/A,#N/A N/A,#N/A N/A,IKWEZI MINING LTD,#N/A N/A,#N/A N/A,#N/A N/A,#N/A N/A,#N/A N/A
IKW AU Equity 2024,#N/A N/A,#N/A N/A,#N/A N/A,#N/A N/A,#N/A N/A,#N/A N/A,#N/A N/A,#N/A N/A,#N/A N/A,#N/A N/A,#N/A N/A,#N/A N/A,#N/A N/A,#N/A N/A,#N/A N/A,#N/A N/A,#N/A N/A,#N/A N/A,#N/A N/A,#N/A N/A,#N/A N/A,#N/A N/A,IKWEZI MINING LTD,#N/A N/A,#N/A N/A,#N/A N/A,#N/A N/A,#N/A N/A
IDA US Equity 2018,3950.63,7.899,#N/A N/A,#N/A N/A,#N/A N/A,#N/A N/A,#N/A N/A,#N/A N/A,#N/A N/A,#N/A N/A,#N/A N/A,#N/A N/A,#N/A N/A,#N/A N/A,#N/A N/A,#N/A N/A,#N/A N/A,#N/A N/A,#N/A N/A,6262.2999,1366.582,4689.5529,IDACORP INC,50.432,93.06,1834.788,267.492,6382.754
IDA US Equity 2019,4026.23,8.979,#N/A N/A,#N/A N/A,#N/A N/A,#N/A N/A,#N/A N/A,#N/A N/A,#N/A N/A,#N/A N/A,#N/A N/A,#N/A N/A,#N/A N/A,#N/A N/A,#N/A N/A,#N/A N/A,#N/A N/A,#N/A N/A,#N/A N/A,7007.8382,1346.383,5382.5082,IDACORP INC,50.502,106.8,1836.659,217.254,6641.201
IDA US Equity 2020,4918.97,8.425,#N/A N/A,#N/A N/A,#N/A N/A,#N/A N/A,#N/A N/A,#N/A N/A,#N/A N/A,#N/A N/A,#N/A N/A,#N/A N/A,#N/A N/A,#N/A N/A,#N/A N/A,#N/A N/A,#N/A N/A,#N/A N/A,#N/A N/A,6552.6288,1350.729,4845.8548,IDACORP INC,50.538,96.03,2000.414,300.116,7095.244
IDA US Equity 2021,4281.54,7.46,#N/A N/A,#N/A N/A,#N/A N/A,#N/A N/A,#N/A N/A,#N/A N/A,#N/A N/A,#N/A N/A,#N/A N/A,#N/A N/A,#N/A N/A,#N/A N/A,#N/A N/A,#N/A N/A,#N/A N/A,#N/A N/A,#N/A N/A,7516.163,1458.084,5723.968,IDACORP INC,50.599,113.31,2000.64,215.243,7210.515
IDA US Equity 2022,4856.9,20.479,#N/A N/A,#N/A N/A,#N/A N/A,#N/A N/A,#N/A N/A,#N/A N/A,#N/A N/A,#N/A N/A,#N/A N/A,#N/A N/A,#N/A N/A,#N/A N/A,#N/A N/A,#N/A N/A,#N/A N/A,#N/A N/A,#N/A N/A,7477.0557,1643.981,5453.1117,IDACORP INC,50.658,107.85,2194.145,177.577,7543.258
IDA US Equity 2023,4400,#N/A N/A,#N/A N/A,#N/A N/A,#N/A N/A,#N/A N/A,#N/A N/A,#N/A N/A,#N/A N/A,#N/A N/A,#N/A N/A,#N/A N/A,#N/A N/A,#N/A N/A,#N/A N/A,#N/A N/A,#N/A N/A,#N/A N/A,#N/A N/A,7481.8018,1762.894,4976.4668,IDACORP INC,50.717,98.32,2825.59,327.429,8475.918
IDA US Equity 2024,4130,#N/A N/A,#N/A N/A,#N/A N/A,#N/A N/A,#N/A N/A,#N/A N/A,#N/A N/A,#N/A N/A,#N/A N/A,#N/A N/A,#N/A N/A,#N/A N/A,#N/A N/A,#N/A N/A,#N/A N/A,#N/A N/A,#N/A N/A,#N/A N/A,8608.7654,1826.633,5896.9674,IDACORP INC,52.543,109.28,3073.662,368.865,9239.363
IO0 GR Equity 2018,#N/A N/A,#N/A N/A,#N/A N/A,#N/A N/A,#N/A N/A,#N/A N/A,#N/A N/A,#N/A N/A,#N/A N/A,#N/A N/A,#N/A N/A,#N/A N/A,#N/A N/A,#N/A N/A,#N/A N/A,#N/A N/A,#N/A N/A,#N/A N/A,#N/A N/A,98.4765,#N/A N/A,#N/A N/A,RELIABLE AFRICAN ENERGY NV,#N/A N/A,#N/A N/A,93.46,11.165,116.4
IO0 GR Equity 2019,#N/A N/A,#N/A N/A,#N/A N/A,#N/A N/A,#N/A N/A,#N/A N/A,#N/A N/A,#N/A N/A,#N/A N/A,#N/A N/A,#N/A N/A,#N/A N/A,#N/A N/A,#N/A N/A,#N/A N/A,#N/A N/A,#N/A N/A,#N/A N/A,#N/A N/A,38.7569,#N/A N/A,#N/A N/A,RELIABLE AFRICAN ENERGY NV,#N/A N/A,#N/A N/A,11.192,3.248,88.224
IO0 GR Equity 2020,#N/A N/A,#N/A N/A,#N/A N/A,#N/A N/A,#N/A N/A,#N/A N/A,#N/A N/A,#N/A N/A,#N/A N/A,#N/A N/A,#N/A N/A,#N/A N/A,#N/A N/A,#N/A N/A,#N/A N/A,#N/A N/A,#N/A N/A,#N/A N/A,#N/A N/A,44.4008,#N/A N/A,#N/A N/A,RELIABLE AFRICAN ENERGY NV,#N/A N/A,#N/A N/A,11.591,2.405,50.824
IO0 GR Equity 2021,#N/A N/A,#N/A N/A,#N/A N/A,#N/A N/A,#N/A N/A,#N/A N/A,#N/A N/A,#N/A N/A,#N/A N/A,#N/A N/A,#N/A N/A,#N/A N/A,#N/A N/A,#N/A N/A,#N/A N/A,#N/A N/A,#N/A N/A,#N/A N/A,#N/A N/A,26.5104,#N/A N/A,#N/A N/A,RELIABLE AFRICAN ENERGY NV,#N/A N/A,#N/A N/A,11.248,2.345,49.318
IO0 GR Equity 2022,#N/A N/A,#N/A N/A,#N/A N/A,#N/A N/A,#N/A N/A,#N/A N/A,#N/A N/A,#N/A N/A,#N/A N/A,#N/A N/A,#N/A N/A,#N/A N/A,#N/A N/A,#N/A N/A,#N/A N/A,#N/A N/A,#N/A N/A,#N/A N/A,#N/A N/A,45.4258,#N/A N/A,#N/A N/A,RELIABLE AFRICAN ENERGY NV,#N/A N/A,#N/A N/A,11.712,1.501,48.919
IO0 GR Equity 2023,#N/A N/A,#N/A N/A,#N/A N/A,#N/A N/A,#N/A N/A,#N/A N/A,#N/A N/A,#N/A N/A,#N/A N/A,#N/A N/A,#N/A N/A,#N/A N/A,#N/A N/A,#N/A N/A,#N/A N/A,#N/A N/A,#N/A N/A,#N/A N/A,#N/A N/A,#N/A N/A,#N/A N/A,#N/A N/A,RELIABLE AFRICAN ENERGY NV,#N/A N/A,#N/A N/A,#N/A N/A,#N/A N/A,#N/A N/A
IO0 GR Equity 2024,#N/A N/A,#N/A N/A,#N/A N/A,#N/A N/A,#N/A N/A,#N/A N/A,#N/A N/A,#N/A N/A,#N/A N/A,#N/A N/A,#N/A N/A,#N/A N/A,#N/A N/A,#N/A N/A,#N/A N/A,#N/A N/A,#N/A N/A,#N/A N/A,#N/A N/A,#N/A N/A,#N/A N/A,#N/A N/A,RELIABLE AFRICAN ENERGY NV,#N/A N/A,#N/A N/A,#N/A N/A,#N/A N/A,#N/A N/A
IRGZ RM Equity 2018,#N/A N/A,#N/A N/A,#N/A N/A,#N/A N/A,#N/A N/A,#N/A N/A,#N/A N/A,#N/A N/A,#N/A N/A,#N/A N/A,#N/A N/A,#N/A N/A,#N/A N/A,#N/A N/A,#N/A N/A,#N/A N/A,#N/A N/A,#N/A N/A,#N/A N/A,149917.4009,#N/A N/A,69881.4009,IRKUTSKENERGO PJSC,4761,14.66,87016,6118,187765
IRGZ RM Equity 2019,#N/A N/A,#N/A N/A,#N/A N/A,#N/A N/A,#N/A N/A,#N/A N/A,#N/A N/A,#N/A N/A,#N/A N/A,#N/A N/A,#N/A N/A,#N/A N/A,#N/A N/A,#N/A N/A,#N/A N/A,#N/A N/A,#N/A N/A,#N/A N/A,#N/A N/A,141401.2909,#N/A N/A,66163.2909,IRKUTSKENERGO PJSC,4761,13.88,83251,7718,198782
IRGZ RM Equity 2020,#N/A N/A,#N/A N/A,#N/A N/A,#N/A N/A,#N/A N/A,#N/A N/A,#N/A N/A,#N/A N/A,#N/A N/A,#N/A N/A,#N/A N/A,#N/A N/A,#N/A N/A,#N/A N/A,#N/A N/A,#N/A N/A,#N/A N/A,#N/A N/A,#N/A N/A,230667.6332,#N/A N/A,55199.6332,IRKUTSKENERGO PJSC,4761,11.58,184671,9112,313616
IRGZ RM Equity 2021,#N/A N/A,#N/A N/A,#N/A N/A,#N/A N/A,#N/A N/A,#N/A N/A,#N/A N/A,#N/A N/A,#N/A N/A,#N/A N/A,#N/A N/A,#N/A N/A,#N/A N/A,#N/A N/A,#N/A N/A,#N/A N/A,#N/A N/A,#N/A N/A,#N/A N/A,246090.8132,#N/A N/A,72550.8132,IRKUTSKENERGO PJSC,4766,15.22,184861,12193,359446
IRGZ RM Equity 2022,#N/A N/A,#N/A N/A,#N/A N/A,#N/A N/A,#N/A N/A,#N/A N/A,#N/A N/A,#N/A N/A,#N/A N/A,#N/A N/A,#N/A N/A,#N/A N/A,#N/A N/A,#N/A N/A,#N/A N/A,#N/A N/A,#N/A N/A,#N/A N/A,#N/A N/A,#N/A N/A,#N/A N/A,#N/A N/A,IRKUTSKENERGO PJSC,#N/A N/A,#N/A N/A,#N/A N/A,#N/A N/A,#N/A N/A
IRGZ RM Equity 2023,#N/A N/A,#N/A N/A,#N/A N/A,#N/A N/A,#N/A N/A,#N/A N/A,#N/A N/A,#N/A N/A,#N/A N/A,#N/A N/A,#N/A N/A,#N/A N/A,#N/A N/A,#N/A N/A,#N/A N/A,#N/A N/A,#N/A N/A,#N/A N/A,#N/A N/A,#N/A N/A,#N/A N/A,#N/A N/A,IRKUTSKENERGO PJSC,#N/A N/A,#N/A N/A,#N/A N/A,#N/A N/A,#N/A N/A
IRGZ RM Equity 2024,#N/A N/A,#N/A N/A,#N/A N/A,#N/A N/A,#N/A N/A,#N/A N/A,#N/A N/A,#N/A N/A,#N/A N/A,#N/A N/A,#N/A N/A,#N/A N/A,#N/A N/A,#N/A N/A,#N/A N/A,#N/A N/A,#N/A N/A,#N/A N/A,#N/A N/A,#N/A N/A,#N/A N/A,#N/A N/A,IRKUTSKENERGO PJSC,#N/A N/A,#N/A N/A,#N/A N/A,#N/A N/A,#N/A N/A
IHODIZ CH Equity 2018,#N/A N/A,#N/A N/A,#N/A N/A,#N/A N/A,#N/A N/A,#N/A N/A,#N/A N/A,#N/A N/A,#N/A N/A,#N/A N/A,#N/A N/A,#N/A N/A,#N/A N/A,#N/A N/A,#N/A N/A,#N/A N/A,#N/A N/A,#N/A N/A,#N/A N/A,#N/A N/A,#N/A N/A,#N/A N/A,GUONENG QUANZHOU POWER GENER,#N/A N/A,#N/A N/A,#N/A N/A,#N/A N/A,#N/A N/A
IHODIZ CH Equity 2019,#N/A N/A,#N/A N/A,#N/A N/A,#N/A N/A,#N/A N/A,#N/A N/A,#N/A N/A,#N/A N/A,#N/A N/A,#N/A N/A,#N/A N/A,#N/A N/A,#N/A N/A,#N/A N/A,#N/A N/A,#N/A N/A,#N/A N/A,#N/A N/A,#N/A N/A,#N/A N/A,#N/A N/A,#N/A N/A,GUONENG QUANZHOU POWER GENER,#N/A N/A,#N/A N/A,#N/A N/A,#N/A N/A,#N/A N/A
IHODIZ CH Equity 2020,#N/A N/A,#N/A N/A,#N/A N/A,#N/A N/A,#N/A N/A,#N/A N/A,#N/A N/A,#N/A N/A,#N/A N/A,#N/A N/A,#N/A N/A,#N/A N/A,#N/A N/A,#N/A N/A,#N/A N/A,#N/A N/A,#N/A N/A,#N/A N/A,#N/A N/A,#N/A N/A,#N/A N/A,#N/A N/A,GUONENG QUANZHOU POWER GENER,#N/A N/A,#N/A N/A,#N/A N/A,#N/A N/A,#N/A N/A
IHODIZ CH Equity 2021,#N/A N/A,#N/A N/A,#N/A N/A,#N/A N/A,#N/A N/A,#N/A N/A,#N/A N/A,#N/A N/A,#N/A N/A,#N/A N/A,#N/A N/A,#N/A N/A,#N/A N/A,#N/A N/A,#N/A N/A,#N/A N/A,#N/A N/A,#N/A N/A,#N/A N/A,#N/A N/A,#N/A N/A,#N/A N/A,GUONENG QUANZHOU POWER GENER,#N/A N/A,#N/A N/A,#N/A N/A,#N/A N/A,#N/A N/A
IHODIZ CH Equity 2022,#N/A N/A,#N/A N/A,#N/A N/A,#N/A N/A,#N/A N/A,#N/A N/A,#N/A N/A,#N/A N/A,#N/A N/A,#N/A N/A,#N/A N/A,#N/A N/A,#N/A N/A,#N/A N/A,#N/A N/A,#N/A N/A,#N/A N/A,#N/A N/A,#N/A N/A,#N/A N/A,#N/A N/A,#N/A N/A,GUONENG QUANZHOU POWER GENER,#N/A N/A,#N/A N/A,#N/A N/A,#N/A N/A,#N/A N/A
IHODIZ CH Equity 2023,#N/A N/A,#N/A N/A,#N/A N/A,#N/A N/A,#N/A N/A,#N/A N/A,#N/A N/A,#N/A N/A,#N/A N/A,#N/A N/A,#N/A N/A,#N/A N/A,#N/A N/A,#N/A N/A,#N/A N/A,#N/A N/A,#N/A N/A,#N/A N/A,#N/A N/A,#N/A N/A,#N/A N/A,#N/A N/A,GUONENG QUANZHOU POWER GENER,#N/A N/A,#N/A N/A,#N/A N/A,#N/A N/A,#N/A N/A
IHODIZ CH Equity 2024,#N/A N/A,#N/A N/A,#N/A N/A,#N/A N/A,#N/A N/A,#N/A N/A,#N/A N/A,#N/A N/A,#N/A N/A,#N/A N/A,#N/A N/A,#N/A N/A,#N/A N/A,#N/A N/A,#N/A N/A,#N/A N/A,#N/A N/A,#N/A N/A,#N/A N/A,#N/A N/A,#N/A N/A,#N/A N/A,GUONENG QUANZHOU POWER GENER,#N/A N/A,#N/A N/A,#N/A N/A,#N/A N/A,#N/A N/A
ILA US Equity 2018,#N/A N/A,#N/A N/A,#N/A N/A,#N/A N/A,#N/A N/A,#N/A N/A,#N/A N/A,#N/A N/A,#N/A N/A,#N/A N/A,#N/A N/A,#N/A N/A,#N/A N/A,#N/A N/A,#N/A N/A,#N/A N/A,#N/A N/A,#N/A N/A,#N/A N/A,#N/A N/A,#N/A N/A,#N/A N/A,EVERGY MISSOURI WEST INC,376.004,#N/A N/A,1173.6,1.6,3396.1
ILA US Equity 2019,#N/A N/A,#N/A N/A,#N/A N/A,#N/A N/A,#N/A N/A,#N/A N/A,#N/A N/A,#N/A N/A,#N/A N/A,#N/A N/A,#N/A N/A,#N/A N/A,#N/A N/A,#N/A N/A,#N/A N/A,#N/A N/A,#N/A N/A,#N/A N/A,#N/A N/A,#N/A N/A,#N/A N/A,#N/A N/A,EVERGY MISSOURI WEST INC,376.0041,#N/A N/A,1165.9,1.2,3456.2
ILA US Equity 2020,#N/A N/A,#N/A N/A,#N/A N/A,#N/A N/A,#N/A N/A,#N/A N/A,#N/A N/A,#N/A N/A,#N/A N/A,#N/A N/A,#N/A N/A,#N/A N/A,#N/A N/A,#N/A N/A,#N/A N/A,#N/A N/A,#N/A N/A,#N/A N/A,#N/A N/A,#N/A N/A,#N/A N/A,#N/A N/A,EVERGY MISSOURI WEST INC,752.0081,#N/A N/A,1136.7,28,3583.2
ILA US Equity 2021,#N/A N/A,#N/A N/A,#N/A N/A,#N/A N/A,#N/A N/A,#N/A N/A,#N/A N/A,#N/A N/A,#N/A N/A,#N/A N/A,#N/A N/A,#N/A N/A,#N/A N/A,#N/A N/A,#N/A N/A,#N/A N/A,#N/A N/A,#N/A N/A,#N/A N/A,#N/A N/A,#N/A N/A,#N/A N/A,EVERGY MISSOURI WEST INC,376.004,#N/A N/A,1585.3,1.8,4252.4
ILA US Equity 2022,#N/A N/A,#N/A N/A,#N/A N/A,#N/A N/A,#N/A N/A,#N/A N/A,#N/A N/A,#N/A N/A,#N/A N/A,#N/A N/A,#N/A N/A,#N/A N/A,#N/A N/A,#N/A N/A,#N/A N/A,#N/A N/A,#N/A N/A,#N/A N/A,#N/A N/A,#N/A N/A,#N/A N/A,#N/A N/A,EVERGY MISSOURI WEST INC,376.0041,#N/A N/A,1796.4,2.2,4737.6
ILA US Equity 2023,#N/A N/A,#N/A N/A,#N/A N/A,#N/A N/A,#N/A N/A,#N/A N/A,#N/A N/A,#N/A N/A,#N/A N/A,#N/A N/A,#N/A N/A,#N/A N/A,#N/A N/A,#N/A N/A,#N/A N/A,#N/A N/A,#N/A N/A,#N/A N/A,#N/A N/A,#N/A N/A,#N/A N/A,#N/A N/A,EVERGY MISSOURI WEST INC,376.0041,#N/A N/A,1635.9,2.6,4896.5
ILA US Equity 2024,#N/A N/A,#N/A N/A,#N/A N/A,#N/A N/A,#N/A N/A,#N/A N/A,#N/A N/A,#N/A N/A,#N/A N/A,#N/A N/A,#N/A N/A,#N/A N/A,#N/A N/A,#N/A N/A,#N/A N/A,#N/A N/A,#N/A N/A,#N/A N/A,#N/A N/A,#N/A N/A,#N/A N/A,#N/A N/A,EVERGY MISSOURI WEST INC,#N/A N/A,#N/A N/A,#N/A N/A,#N/A N/A,#N/A N/A
IRGZ RM Equity 2018,#N/A N/A,#N/A N/A,#N/A N/A,#N/A N/A,#N/A N/A,#N/A N/A,#N/A N/A,#N/A N/A,#N/A N/A,#N/A N/A,#N/A N/A,#N/A N/A,#N/A N/A,#N/A N/A,#N/A N/A,#N/A N/A,#N/A N/A,#N/A N/A,#N/A N/A,149917.4009,#N/A N/A,69881.4009,IRKUTSKENERGO PJSC,4761,14.66,87016,6118,187765
IRGZ RM Equity 2019,#N/A N/A,#N/A N/A,#N/A N/A,#N/A N/A,#N/A N/A,#N/A N/A,#N/A N/A,#N/A N/A,#N/A N/A,#N/A N/A,#N/A N/A,#N/A N/A,#N/A N/A,#N/A N/A,#N/A N/A,#N/A N/A,#N/A N/A,#N/A N/A,#N/A N/A,141401.2909,#N/A N/A,66163.2909,IRKUTSKENERGO PJSC,4761,13.88,83251,7718,198782
IRGZ RM Equity 2020,#N/A N/A,#N/A N/A,#N/A N/A,#N/A N/A,#N/A N/A,#N/A N/A,#N/A N/A,#N/A N/A,#N/A N/A,#N/A N/A,#N/A N/A,#N/A N/A,#N/A N/A,#N/A N/A,#N/A N/A,#N/A N/A,#N/A N/A,#N/A N/A,#N/A N/A,230667.6332,#N/A N/A,55199.6332,IRKUTSKENERGO PJSC,4761,11.58,184671,9112,313616
IRGZ RM Equity 2021,#N/A N/A,#N/A N/A,#N/A N/A,#N/A N/A,#N/A N/A,#N/A N/A,#N/A N/A,#N/A N/A,#N/A N/A,#N/A N/A,#N/A N/A,#N/A N/A,#N/A N/A,#N/A N/A,#N/A N/A,#N/A N/A,#N/A N/A,#N/A N/A,#N/A N/A,246090.8132,#N/A N/A,72550.8132,IRKUTSKENERGO PJSC,4766,15.22,184861,12193,359446
IRGZ RM Equity 2022,#N/A N/A,#N/A N/A,#N/A N/A,#N/A N/A,#N/A N/A,#N/A N/A,#N/A N/A,#N/A N/A,#N/A N/A,#N/A N/A,#N/A N/A,#N/A N/A,#N/A N/A,#N/A N/A,#N/A N/A,#N/A N/A,#N/A N/A,#N/A N/A,#N/A N/A,#N/A N/A,#N/A N/A,#N/A N/A,IRKUTSKENERGO PJSC,#N/A N/A,#N/A N/A,#N/A N/A,#N/A N/A,#N/A N/A
IRGZ RM Equity 2023,#N/A N/A,#N/A N/A,#N/A N/A,#N/A N/A,#N/A N/A,#N/A N/A,#N/A N/A,#N/A N/A,#N/A N/A,#N/A N/A,#N/A N/A,#N/A N/A,#N/A N/A,#N/A N/A,#N/A N/A,#N/A N/A,#N/A N/A,#N/A N/A,#N/A N/A,#N/A N/A,#N/A N/A,#N/A N/A,IRKUTSKENERGO PJSC,#N/A N/A,#N/A N/A,#N/A N/A,#N/A N/A,#N/A N/A
IRGZ RM Equity 2024,#N/A N/A,#N/A N/A,#N/A N/A,#N/A N/A,#N/A N/A,#N/A N/A,#N/A N/A,#N/A N/A,#N/A N/A,#N/A N/A,#N/A N/A,#N/A N/A,#N/A N/A,#N/A N/A,#N/A N/A,#N/A N/A,#N/A N/A,#N/A N/A,#N/A N/A,#N/A N/A,#N/A N/A,#N/A N/A,IRKUTSKENERGO PJSC,#N/A N/A,#N/A N/A,#N/A N/A,#N/A N/A,#N/A N/A
IHODIZ CH Equity 2018,#N/A N/A,#N/A N/A,#N/A N/A,#N/A N/A,#N/A N/A,#N/A N/A,#N/A N/A,#N/A N/A,#N/A N/A,#N/A N/A,#N/A N/A,#N/A N/A,#N/A N/A,#N/A N/A,#N/A N/A,#N/A N/A,#N/A N/A,#N/A N/A,#N/A N/A,#N/A N/A,#N/A N/A,#N/A N/A,GUONENG QUANZHOU POWER GENER,#N/A N/A,#N/A N/A,#N/A N/A,#N/A N/A,#N/A N/A
IHODIZ CH Equity 2019,#N/A N/A,#N/A N/A,#N/A N/A,#N/A N/A,#N/A N/A,#N/A N/A,#N/A N/A,#N/A N/A,#N/A N/A,#N/A N/A,#N/A N/A,#N/A N/A,#N/A N/A,#N/A N/A,#N/A N/A,#N/A N/A,#N/A N/A,#N/A N/A,#N/A N/A,#N/A N/A,#N/A N/A,#N/A N/A,GUONENG QUANZHOU POWER GENER,#N/A N/A,#N/A N/A,#N/A N/A,#N/A N/A,#N/A N/A
IHODIZ CH Equity 2020,#N/A N/A,#N/A N/A,#N/A N/A,#N/A N/A,#N/A N/A,#N/A N/A,#N/A N/A,#N/A N/A,#N/A N/A,#N/A N/A,#N/A N/A,#N/A N/A,#N/A N/A,#N/A N/A,#N/A N/A,#N/A N/A,#N/A N/A,#N/A N/A,#N/A N/A,#N/A N/A,#N/A N/A,#N/A N/A,GUONENG QUANZHOU POWER GENER,#N/A N/A,#N/A N/A,#N/A N/A,#N/A N/A,#N/A N/A
IHODIZ CH Equity 2021,#N/A N/A,#N/A N/A,#N/A N/A,#N/A N/A,#N/A N/A,#N/A N/A,#N/A N/A,#N/A N/A,#N/A N/A,#N/A N/A,#N/A N/A,#N/A N/A,#N/A N/A,#N/A N/A,#N/A N/A,#N/A N/A,#N/A N/A,#N/A N/A,#N/A N/A,#N/A N/A,#N/A N/A,#N/A N/A,GUONENG QUANZHOU POWER GENER,#N/A N/A,#N/A N/A,#N/A N/A,#N/A N/A,#N/A N/A
IHODIZ CH Equity 2022,#N/A N/A,#N/A N/A,#N/A N/A,#N/A N/A,#N/A N/A,#N/A N/A,#N/A N/A,#N/A N/A,#N/A N/A,#N/A N/A,#N/A N/A,#N/A N/A,#N/A N/A,#N/A N/A,#N/A N/A,#N/A N/A,#N/A N/A,#N/A N/A,#N/A N/A,#N/A N/A,#N/A N/A,#N/A N/A,GUONENG QUANZHOU POWER GENER,#N/A N/A,#N/A N/A,#N/A N/A,#N/A N/A,#N/A N/A
IHODIZ CH Equity 2023,#N/A N/A,#N/A N/A,#N/A N/A,#N/A N/A,#N/A N/A,#N/A N/A,#N/A N/A,#N/A N/A,#N/A N/A,#N/A N/A,#N/A N/A,#N/A N/A,#N/A N/A,#N/A N/A,#N/A N/A,#N/A N/A,#N/A N/A,#N/A N/A,#N/A N/A,#N/A N/A,#N/A N/A,#N/A N/A,GUONENG QUANZHOU POWER GENER,#N/A N/A,#N/A N/A,#N/A N/A,#N/A N/A,#N/A N/A
IHODIZ CH Equity 2024,#N/A N/A,#N/A N/A,#N/A N/A,#N/A N/A,#N/A N/A,#N/A N/A,#N/A N/A,#N/A N/A,#N/A N/A,#N/A N/A,#N/A N/A,#N/A N/A,#N/A N/A,#N/A N/A,#N/A N/A,#N/A N/A,#N/A N/A,#N/A N/A,#N/A N/A,#N/A N/A,#N/A N/A,#N/A N/A,GUONENG QUANZHOU POWER GENER,#N/A N/A,#N/A N/A,#N/A N/A,#N/A N/A,#N/A N/A
ITMG IJ Equity 2018,1459.9,2.489,#N/A N/A,#N/A N/A,#N/A N/A,#N/A N/A,#N/A N/A,#N/A N/A,#N/A N/A,#N/A N/A,#N/A N/A,#N/A N/A,#N/A N/A,#N/A N/A,#N/A N/A,#N/A N/A,#N/A N/A,#N/A N/A,#N/A N/A,1158.1903,2007.63,1529.1823,INDO TAMBANGRAYA MEGAH TBK P,1096.556,20250,0,368.216,1442.728
ITMG IJ Equity 2019,981.411,2.615,#N/A N/A,#N/A N/A,#N/A N/A,#N/A N/A,#N/A N/A,#N/A N/A,#N/A N/A,#N/A N/A,#N/A N/A,#N/A N/A,#N/A N/A,#N/A N/A,#N/A N/A,#N/A N/A,#N/A N/A,#N/A N/A,#N/A N/A,750.4364,1715.592,904.3394,INDO TAMBANGRAYA MEGAH TBK P,1096.556,11475,10.616,159.209,1209.041
ITMG IJ Equity 2020,899.539,3,#N/A N/A,#N/A N/A,#N/A N/A,#N/A N/A,#N/A N/A,#N/A N/A,#N/A N/A,#N/A N/A,#N/A N/A,#N/A N/A,#N/A N/A,#N/A N/A,#N/A N/A,#N/A N/A,#N/A N/A,#N/A N/A,#N/A N/A,907.3907,1185.336,1081.9477,INDO TAMBANGRAYA MEGAH TBK P,1096.556,13850,64.748,231.459,1158.629
ITMG IJ Equity 2021,1724.9,2.801,36931.699,#N/A N/A,#N/A N/A,#N/A N/A,#N/A N/A,#N/A N/A,#N/A N/A,#N/A N/A,#N/A N/A,#N/A N/A,#N/A N/A,#N/A N/A,#N/A N/A,#N/A N/A,#N/A N/A,#N/A N/A,36932,921.2973,2076.813,1568.0453,INDO TAMBANGRAYA MEGAH TBK P,1096.556,20400,51.969,690.97,1666.239
ITMG IJ Equity 2022,819.556,2.869,29122.699,#N/A N/A,#N/A N/A,#N/A N/A,#N/A N/A,#N/A N/A,0.124,#N/A N/A,#N/A N/A,#N/A N/A,#N/A N/A,#N/A N/A,#N/A N/A,#N/A N/A,#N/A N/A,#N/A N/A,29123,1458.3199,#N/A N/A,2843.5749,INDO TAMBANGRAYA MEGAH TBK P,1123.767,39025,49.85,1430.327,2640.177
ITMG IJ Equity 2023,965.655,1.789,32475.1,#N/A N/A,#N/A N/A,#N/A N/A,#N/A N/A,#N/A N/A,1.004,#N/A N/A,#N/A N/A,#N/A N/A,#N/A N/A,#N/A N/A,#N/A N/A,#N/A N/A,#N/A N/A,#N/A N/A,32474,1086.6475,2374.315,1882.9635,INDO TAMBANGRAYA MEGAH TBK P,1129.925,25650,53.872,851.149,2187.847
ITMG IJ Equity 2024,1091.16,9.113,35938.602,#N/A N/A,#N/A N/A,#N/A N/A,#N/A N/A,#N/A N/A,0.619,#N/A N/A,#N/A N/A,#N/A N/A,#N/A N/A,#N/A N/A,#N/A N/A,#N/A N/A,#N/A N/A,#N/A N/A,35938,951.2059,2304.497,1863.4339,INDO TAMBANGRAYA MEGAH TBK P,1129.925,26700,72.393,990.364,2406.544
IES2 US Equity 2018,#N/A N/A,#N/A N/A,#N/A N/A,#N/A N/A,#N/A N/A,#N/A N/A,#N/A N/A,#N/A N/A,#N/A N/A,#N/A N/A,#N/A N/A,#N/A N/A,#N/A N/A,#N/A N/A,#N/A N/A,#N/A N/A,#N/A N/A,#N/A N/A,#N/A N/A,#N/A N/A,#N/A N/A,#N/A N/A,INTERSTATE POWER AND LIGHT C,13.3708,#N/A N/A,2602.7,9.7,8411.4
IES2 US Equity 2019,#N/A N/A,#N/A N/A,#N/A N/A,#N/A N/A,#N/A N/A,#N/A N/A,#N/A N/A,#N/A N/A,#N/A N/A,#N/A N/A,#N/A N/A,#N/A N/A,#N/A N/A,#N/A N/A,#N/A N/A,#N/A N/A,#N/A N/A,#N/A N/A,#N/A N/A,#N/A N/A,#N/A N/A,#N/A N/A,INTERSTATE POWER AND LIGHT C,13.3708,#N/A N/A,3147.3,9.3,9277.5
IES2 US Equity 2020,#N/A N/A,#N/A N/A,#N/A N/A,#N/A N/A,#N/A N/A,#N/A N/A,#N/A N/A,#N/A N/A,#N/A N/A,#N/A N/A,#N/A N/A,#N/A N/A,#N/A N/A,#N/A N/A,#N/A N/A,#N/A N/A,#N/A N/A,#N/A N/A,#N/A N/A,#N/A N/A,#N/A N/A,#N/A N/A,INTERSTATE POWER AND LIGHT C,13.3708,#N/A N/A,3345,50,9849
IES2 US Equity 2021,#N/A N/A,#N/A N/A,#N/A N/A,#N/A N/A,#N/A N/A,#N/A N/A,#N/A N/A,#N/A N/A,#N/A N/A,#N/A N/A,#N/A N/A,#N/A N/A,#N/A N/A,#N/A N/A,#N/A N/A,#N/A N/A,#N/A N/A,#N/A N/A,#N/A N/A,#N/A N/A,#N/A N/A,#N/A N/A,INTERSTATE POWER AND LIGHT C,13.3708,#N/A N/A,3643,34,9996
IES2 US Equity 2022,#N/A N/A,#N/A N/A,#N/A N/A,#N/A N/A,#N/A N/A,#N/A N/A,#N/A N/A,#N/A N/A,#N/A N/A,#N/A N/A,#N/A N/A,#N/A N/A,#N/A N/A,#N/A N/A,#N/A N/A,#N/A N/A,#N/A N/A,#N/A N/A,#N/A N/A,#N/A N/A,#N/A N/A,#N/A N/A,INTERSTATE POWER AND LIGHT C,13.3708,#N/A N/A,3646,15,10075
IES2 US Equity 2023,#N/A N/A,#N/A N/A,#N/A N/A,#N/A N/A,#N/A N/A,#N/A N/A,#N/A N/A,#N/A N/A,#N/A N/A,#N/A N/A,#N/A N/A,#N/A N/A,#N/A N/A,#N/A N/A,#N/A N/A,#N/A N/A,#N/A N/A,#N/A N/A,#N/A N/A,#N/A N/A,#N/A N/A,#N/A N/A,INTERSTATE POWER AND LIGHT C,13.3708,#N/A N/A,3945,53,10489
IES2 US Equity 2024,#N/A N/A,#N/A N/A,#N/A N/A,#N/A N/A,#N/A N/A,#N/A N/A,#N/A N/A,#N/A N/A,#N/A N/A,#N/A N/A,#N/A N/A,#N/A N/A,#N/A N/A,#N/A N/A,#N/A N/A,#N/A N/A,#N/A N/A,#N/A N/A,#N/A N/A,#N/A N/A,#N/A N/A,#N/A N/A,INTERSTATE POWER AND LIGHT C,13.3708,#N/A N/A,4140,29,11407
IENOVA* MM Equity 2018,2579.44,7.585,17509.5,#N/A N/A,#N/A N/A,#N/A N/A,#N/A N/A,#N/A N/A,#N/A N/A,#N/A N/A,#N/A N/A,#N/A N/A,#N/A N/A,#N/A N/A,#N/A N/A,#N/A N/A,#N/A N/A,#N/A N/A,#N/A N/A,8214.9478,1368.555,5708.0358,INFRAESTRUCTURA ENERGETICA N,1533.8571,73.27,2545.366,51.764,8768.597
IENOVA* MM Equity 2019,2347.21,7.947,17914.9,#N/A N/A,#N/A N/A,#N/A N/A,#N/A N/A,#N/A N/A,1.149,#N/A N/A,#N/A N/A,#N/A N/A,#N/A N/A,#N/A N/A,#N/A N/A,#N/A N/A,#N/A N/A,#N/A N/A,17913.7,10346.925,1379.256,7204.142,INFRAESTRUCTURA ENERGETICA N,1529.4038,88.93,3187.995,57.966,9552.506
IENOVA* MM Equity 2020,1833.28,10.636,18372.199,#N/A N/A,#N/A N/A,#N/A N/A,#N/A N/A,#N/A N/A,0.073,#N/A N/A,#N/A N/A,#N/A N/A,#N/A N/A,#N/A N/A,#N/A N/A,#N/A N/A,#N/A N/A,#N/A N/A,18372.1,9127.1775,1261.301,5647.5245,INFRAESTRUCTURA ENERGETICA N,1452.281,77.57,3766.889,291.993,10466.424
IENOVA* MM Equity 2021,#N/A N/A,#N/A N/A,#N/A N/A,#N/A N/A,#N/A N/A,#N/A N/A,#N/A N/A,#N/A N/A,#N/A N/A,#N/A N/A,#N/A N/A,#N/A N/A,#N/A N/A,#N/A N/A,#N/A N/A,#N/A N/A,#N/A N/A,#N/A N/A,#N/A N/A,#N/A N/A,1841.5,#N/A N/A,INFRAESTRUCTURA ENERGETICA N,1452.281,73.7,3535.078,199.105,10888.04
IENOVA* MM Equity 2022,#N/A N/A,#N/A N/A,#N/A N/A,#N/A N/A,#N/A N/A,#N/A N/A,#N/A N/A,#N/A N/A,#N/A N/A,#N/A N/A,#N/A N/A,#N/A N/A,#N/A N/A,#N/A N/A,#N/A N/A,#N/A N/A,#N/A N/A,#N/A N/A,#N/A N/A,#N/A N/A,#N/A N/A,#N/A N/A,INFRAESTRUCTURA ENERGETICA N,#N/A N/A,#N/A N/A,#N/A N/A,#N/A N/A,#N/A N/A
IENOVA* MM Equity 2023,#N/A N/A,#N/A N/A,#N/A N/A,#N/A N/A,#N/A N/A,#N/A N/A,#N/A N/A,#N/A N/A,#N/A N/A,#N/A N/A,#N/A N/A,#N/A N/A,#N/A N/A,#N/A N/A,#N/A N/A,#N/A N/A,#N/A N/A,#N/A N/A,#N/A N/A,#N/A N/A,#N/A N/A,#N/A N/A,INFRAESTRUCTURA ENERGETICA N,#N/A N/A,#N/A N/A,#N/A N/A,#N/A N/A,#N/A N/A
IENOVA* MM Equity 2024,#N/A N/A,#N/A N/A,#N/A N/A,#N/A N/A,#N/A N/A,#N/A N/A,#N/A N/A,#N/A N/A,#N/A N/A,#N/A N/A,#N/A N/A,#N/A N/A,#N/A N/A,#N/A N/A,#N/A N/A,#N/A N/A,#N/A N/A,#N/A N/A,#N/A N/A,#N/A N/A,#N/A N/A,#N/A N/A,INFRAESTRUCTURA ENERGETICA N,#N/A N/A,#N/A N/A,#N/A N/A,#N/A N/A,#N/A N/A
ISRAL IT Equity 2018,#N/A N/A,#N/A N/A,#N/A N/A,#N/A N/A,#N/A N/A,#N/A N/A,#N/A N/A,#N/A N/A,#N/A N/A,#N/A N/A,#N/A N/A,#N/A N/A,#N/A N/A,#N/A N/A,#N/A N/A,#N/A N/A,#N/A N/A,#N/A N/A,#N/A N/A,1858.1124,#N/A N/A,#N/A N/A,ISRAMCO NEGEV 2 LP,#N/A N/A,#N/A N/A,749.081,177.276,1551.354
ISRAL IT Equity 2019,#N/A N/A,#N/A N/A,#N/A N/A,#N/A N/A,#N/A N/A,#N/A N/A,#N/A N/A,#N/A N/A,#N/A N/A,#N/A N/A,#N/A N/A,#N/A N/A,#N/A N/A,#N/A N/A,#N/A N/A,#N/A N/A,#N/A N/A,#N/A N/A,#N/A N/A,1329.0583,#N/A N/A,#N/A N/A,ISRAMCO NEGEV 2 LP,#N/A N/A,#N/A N/A,548.681,159.998,1372.593
ISRAL IT Equity 2020,#N/A N/A,#N/A N/A,#N/A N/A,#N/A N/A,#N/A N/A,#N/A N/A,#N/A N/A,#N/A N/A,#N/A N/A,#N/A N/A,#N/A N/A,#N/A N/A,#N/A N/A,#N/A N/A,#N/A N/A,#N/A N/A,#N/A N/A,#N/A N/A,#N/A N/A,882.1273,#N/A N/A,#N/A N/A,ISRAMCO NEGEV 2 LP,#N/A N/A,#N/A N/A,618.211,243.005,1419.698
ISRAL IT Equity 2021,#N/A N/A,#N/A N/A,#N/A N/A,#N/A N/A,#N/A N/A,#N/A N/A,#N/A N/A,#N/A N/A,#N/A N/A,#N/A N/A,#N/A N/A,#N/A N/A,#N/A N/A,#N/A N/A,#N/A N/A,#N/A N/A,#N/A N/A,#N/A N/A,#N/A N/A,1202.7721,#N/A N/A,#N/A N/A,ISRAMCO NEGEV 2 LP,#N/A N/A,#N/A N/A,520.147,63.669,1212.68
ISRAL IT Equity 2022,#N/A N/A,#N/A N/A,#N/A N/A,#N/A N/A,#N/A N/A,#N/A N/A,#N/A N/A,#N/A N/A,#N/A N/A,#N/A N/A,#N/A N/A,#N/A N/A,#N/A N/A,#N/A N/A,#N/A N/A,#N/A N/A,#N/A N/A,#N/A N/A,#N/A N/A,1184.5979,#N/A N/A,#N/A N/A,ISRAMCO NEGEV 2 LP,#N/A N/A,#N/A N/A,405.309,94.114,1220.619
ISRAL IT Equity 2023,#N/A N/A,#N/A N/A,#N/A N/A,#N/A N/A,#N/A N/A,#N/A N/A,#N/A N/A,#N/A N/A,#N/A N/A,#N/A N/A,#N/A N/A,#N/A N/A,#N/A N/A,#N/A N/A,#N/A N/A,#N/A N/A,#N/A N/A,#N/A N/A,#N/A N/A,1386.9795,381.631,#N/A N/A,ISRAMCO NEGEV 2 LP,#N/A N/A,#N/A N/A,396.654,95.879,1291.055
ISRAL IT Equity 2024,#N/A N/A,#N/A N/A,#N/A N/A,#N/A N/A,#N/A N/A,#N/A N/A,#N/A N/A,#N/A N/A,#N/A N/A,#N/A N/A,#N/A N/A,#N/A N/A,#N/A N/A,#N/A N/A,#N/A N/A,#N/A N/A,#N/A N/A,#N/A N/A,#N/A N/A,1654.7353,430.413,#N/A N/A,ISRAMCO NEGEV 2 LP,#N/A N/A,#N/A N/A,356.414,53.613,1326.693
IRE IM Equity 2018,#N/A N/A,#N/A N/A,3250.38,466.814,0.773,422.142,0.55,1.367,0.428,12.75,#N/A N/A,#N/A N/A,#N/A N/A,2297.3799,#N/A N/A,8.7,#N/A N/A,39.473,#N/A N/A,6088.4222,3764.386,2726.7522,IREN SPA,1292.132,2.096,3431.393,446.651,8568.133
IRE IM Equity 2019,4127.72,105.583,3633.77,549.97,0.038,499.719,0.636,1.492,0.052,12.75,#N/A N/A,#N/A N/A,#N/A N/A,2519.9099,#N/A N/A,7.806,#N/A N/A,41.4,#N/A N/A,7033.3909,4274.706,3582.2609,IREN SPA,1298.646,2.762,3509.081,421.707,8805.92
IRE IM Equity 2020,4069.03,99.72,4087.88,765.777,3.256,480.459,35.389,75.379,0.137,12.75,0,0,0,2464.6599,0,8.602,0,241.472,#N/A N/A,6174.1707,3725.461,2732.0447,IREN SPA,1291.894,2.126,4035.705,970.423,9573.642
IRE IM Equity 2021,3978.36,111.869,4538.44,993.814,7.19,470.642,107.164,57.759,0.22,12.75,#N/A N/A,#N/A N/A,#N/A N/A,2673.9199,#N/A N/A,9.268,#N/A N/A,205.715,#N/A N/A,6920.582,4955.871,3405.283,IREN SPA,1283.304,2.654,3945.375,810.052,10170.621
IRE IM Equity 2022,3459.22,109.857,4041.12,1019.01,17.501,402.18,157.273,62.652,0.477,20.4,#N/A N/A,#N/A N/A,#N/A N/A,2238.5901,#N/A N/A,10.326,#N/A N/A,112.705,#N/A N/A,5830.9142,7863,1883.5552,IREN SPA,1283.076,1.468,4363.718,862.428,11717.059
IRE IM Equity 2023,3629.47,118.854,3720.27,772.926,13.069,425.322,201.986,50.491,0.256,20.4,#N/A N/A,0,0,2066.8501,0,11.087,0,157.881,#N/A N/A,6999.5834,6490.381,2531.5084,IREN SPA,1283.076,1.973,4669.342,639.353,11693.438
IRE IM Equity 2024,3415.9,114.197,3557.46,670.779,47.541,422.044,35.109,79.367,0.46,12.283,3.072,0,0,2218.97,0,0.426,0,67.417,#N/A N/A,7115.2903,6043.125,2462.2223,IREN SPA,1283.076,1.919,5053.595,868.2,12211.318
IVZ AU Equity 2018,#N/A N/A,#N/A N/A,#N/A N/A,#N/A N/A,#N/A N/A,#N/A N/A,#N/A N/A,#N/A N/A,#N/A N/A,#N/A N/A,#N/A N/A,#N/A N/A,#N/A N/A,#N/A N/A,#N/A N/A,#N/A N/A,#N/A N/A,#N/A N/A,#N/A N/A,12.6495,#N/A N/A,16.7201,INVICTUS ENERGY LTD,136.6254,0.047,0,4.9878,9.6101
IVZ AU Equity 2019,#N/A N/A,#N/A N/A,#N/A N/A,#N/A N/A,#N/A N/A,#N/A N/A,#N/A N/A,#N/A N/A,#N/A N/A,#N/A N/A,#N/A N/A,#N/A N/A,#N/A N/A,#N/A N/A,#N/A N/A,#N/A N/A,#N/A N/A,#N/A N/A,#N/A N/A,16.9865,#N/A N/A,17.9861,INVICTUS ENERGY LTD,372.7959,0.046,0,2.2143,9.55
IVZ AU Equity 2020,#N/A N/A,#N/A N/A,#N/A N/A,#N/A N/A,#N/A N/A,#N/A N/A,#N/A N/A,#N/A N/A,#N/A N/A,#N/A N/A,#N/A N/A,#N/A N/A,#N/A N/A,#N/A N/A,#N/A N/A,#N/A N/A,#N/A N/A,#N/A N/A,#N/A N/A,11.5686,#N/A N/A,11.679,INVICTUS ENERGY LTD,426.6399,0.026,0.1967,1.497,9.9211
IVZ AU Equity 2021,#N/A N/A,#N/A N/A,#N/A N/A,#N/A N/A,#N/A N/A,#N/A N/A,#N/A N/A,#N/A N/A,#N/A N/A,#N/A N/A,#N/A N/A,#N/A N/A,#N/A N/A,#N/A N/A,#N/A N/A,#N/A N/A,#N/A N/A,#N/A N/A,#N/A N/A,91.461,#N/A N/A,99.4632,INVICTUS ENERGY LTD,491.8617,0.17,0.0952,9.1353,18.3861
IVZ AU Equity 2022,#N/A N/A,#N/A N/A,#N/A N/A,#N/A N/A,#N/A N/A,#N/A N/A,#N/A N/A,#N/A N/A,#N/A N/A,#N/A N/A,#N/A N/A,#N/A N/A,#N/A N/A,#N/A N/A,#N/A N/A,#N/A N/A,#N/A N/A,#N/A N/A,#N/A N/A,118.4877,#N/A N/A,130.6783,INVICTUS ENERGY LTD,629.6926,0.175,0.4921,13.7185,43.1313
IVZ AU Equity 2023,#N/A N/A,#N/A N/A,#N/A N/A,#N/A N/A,#N/A N/A,#N/A N/A,#N/A N/A,#N/A N/A,#N/A N/A,#N/A N/A,#N/A N/A,#N/A N/A,#N/A N/A,#N/A N/A,#N/A N/A,#N/A N/A,#N/A N/A,#N/A N/A,#N/A N/A,113.6494,#N/A N/A,135.4834,INVICTUS ENERGY LTD,886.7555,0.115,0.3651,22.9319,98.9534
IVZ AU Equity 2024,#N/A N/A,#N/A N/A,#N/A N/A,#N/A N/A,#N/A N/A,#N/A N/A,#N/A N/A,#N/A N/A,#N/A N/A,#N/A N/A,#N/A N/A,#N/A N/A,#N/A N/A,#N/A N/A,#N/A N/A,#N/A N/A,#N/A N/A,#N/A N/A,#N/A N/A,86.7109,#N/A N/A,89.3274,INVICTUS ENERGY LTD,1320.3971,0.063,0.2192,3.256,126.7532
IPCO CN Equity 2018,#N/A N/A,#N/A N/A,#N/A N/A,#N/A N/A,#N/A N/A,#N/A N/A,#N/A N/A,#N/A N/A,#N/A N/A,#N/A N/A,#N/A N/A,#N/A N/A,#N/A N/A,#N/A N/A,#N/A N/A,#N/A N/A,#N/A N/A,#N/A N/A,#N/A N/A,806.0157,454.443,#N/A N/A,INTERNATIONAL PETROLEUM CORP,#N/A N/A,4.35,283.728,10.626,1283.083
IPCO CN Equity 2019,696.699,138.404,33.171,#N/A N/A,#N/A N/A,#N/A N/A,#N/A N/A,#N/A N/A,#N/A N/A,#N/A N/A,#N/A N/A,#N/A N/A,#N/A N/A,#N/A N/A,#N/A N/A,#N/A N/A,#N/A N/A,#N/A N/A,#N/A N/A,946.2212,553.749,#N/A N/A,INTERNATIONAL PETROLEUM CORP,#N/A N/A,5.72,247.482,15.571,1364.641
IPCO CN Equity 2020,678.512,104.958,17.844,#N/A N/A,#N/A N/A,#N/A N/A,#N/A N/A,#N/A N/A,#N/A N/A,#N/A N/A,#N/A N/A,#N/A N/A,#N/A N/A,#N/A N/A,#N/A N/A,#N/A N/A,#N/A N/A,#N/A N/A,#N/A N/A,642.2596,324.164,#N/A N/A,INTERNATIONAL PETROLEUM CORP,#N/A N/A,2.81,303.171,6.498,1333.12
IPCO CN Equity 2021,730.512,127.077,14.867,#N/A N/A,#N/A N/A,#N/A N/A,#N/A N/A,#N/A N/A,0.014,#N/A N/A,#N/A N/A,#N/A N/A,#N/A N/A,#N/A N/A,#N/A N/A,#N/A N/A,#N/A N/A,#N/A N/A,14.853,949.0721,666.409,#N/A N/A,INTERNATIONAL PETROLEUM CORP,#N/A N/A,7.07,110.883,18.81,1273.674
IPCO CN Equity 2022,796.081,119.343,28.192,#N/A N/A,#N/A N/A,#N/A N/A,#N/A N/A,#N/A N/A,0.064,#N/A N/A,#N/A N/A,#N/A N/A,#N/A N/A,#N/A N/A,#N/A N/A,#N/A N/A,#N/A N/A,#N/A N/A,28.129,1354.1595,1135.958,#N/A N/A,INTERNATIONAL PETROLEUM CORP,#N/A N/A,15.4,305.41,487.24,1679.617
IPCO CN Equity 2023,865.305,122.524,18.934,#N/A N/A,#N/A N/A,#N/A N/A,#N/A N/A,#N/A N/A,0.084,#N/A N/A,#N/A N/A,#N/A N/A,#N/A N/A,#N/A N/A,#N/A N/A,#N/A N/A,#N/A N/A,#N/A N/A,18.85,1462.3524,853.906,#N/A N/A,INTERNATIONAL PETROLEUM CORP,#N/A N/A,15.77,443.379,517.074,2062.985
IPCO CN Equity 2024,784.812,179.676,21.939,#N/A N/A,#N/A N/A,#N/A N/A,#N/A N/A,#N/A N/A,0.211,#N/A N/A,#N/A N/A,#N/A N/A,#N/A N/A,#N/A N/A,#N/A N/A,#N/A N/A,#N/A N/A,#N/A N/A,21.728,1560.4005,797.783,#N/A N/A,INTERNATIONAL PETROLEUM CORP,#N/A N/A,16.81,443.784,246.593,1953.682
IPO CN Equity 2018,#N/A N/A,#N/A N/A,#N/A N/A,#N/A N/A,#N/A N/A,#N/A N/A,#N/A N/A,#N/A N/A,#N/A N/A,#N/A N/A,#N/A N/A,#N/A N/A,#N/A N/A,#N/A N/A,#N/A N/A,#N/A N/A,#N/A N/A,#N/A N/A,#N/A N/A,112.2915,76.419,66.8915,INPLAY OIL CORP,11.3187,5.88,45.4,0,314.021
IPO CN Equity 2019,#N/A N/A,#N/A N/A,#N/A N/A,#N/A N/A,#N/A N/A,#N/A N/A,#N/A N/A,#N/A N/A,#N/A N/A,#N/A N/A,#N/A N/A,#N/A N/A,#N/A N/A,#N/A N/A,#N/A N/A,#N/A N/A,#N/A N/A,#N/A N/A,#N/A N/A,99.7474,75.025,45.0494,INPLAY OIL CORP,11.3761,3.96,54.698,0,298.006
IPO CN Equity 2020,#N/A N/A,#N/A N/A,#N/A N/A,#N/A N/A,#N/A N/A,#N/A N/A,#N/A N/A,#N/A N/A,#N/A N/A,#N/A N/A,#N/A N/A,#N/A N/A,#N/A N/A,#N/A N/A,#N/A N/A,#N/A N/A,#N/A N/A,#N/A N/A,#N/A N/A,80.4253,41.934,16.0403,INPLAY OIL CORP,11.3761,1.41,64.385,0,211.035
IPO CN Equity 2021,#N/A N/A,#N/A N/A,#N/A N/A,#N/A N/A,#N/A N/A,#N/A N/A,#N/A N/A,#N/A N/A,#N/A N/A,#N/A N/A,#N/A N/A,#N/A N/A,#N/A N/A,#N/A N/A,#N/A N/A,#N/A N/A,#N/A N/A,#N/A N/A,#N/A N/A,267.0752,113.854,187.9482,INPLAY OIL CORP,11.6332,13.08,79.127,0,406.484
IPO CN Equity 2022,#N/A N/A,#N/A N/A,#N/A N/A,#N/A N/A,#N/A N/A,#N/A N/A,#N/A N/A,#N/A N/A,#N/A N/A,#N/A N/A,#N/A N/A,#N/A N/A,#N/A N/A,#N/A N/A,#N/A N/A,#N/A N/A,#N/A N/A,#N/A N/A,#N/A N/A,292.9964,238.59,263.4664,INPLAY OIL CORP,14.4826,18.18,29.53,0,430.911
IPO CN Equity 2023,#N/A N/A,#N/A N/A,#N/A N/A,#N/A N/A,#N/A N/A,#N/A N/A,#N/A N/A,#N/A N/A,#N/A N/A,#N/A N/A,#N/A N/A,#N/A N/A,#N/A N/A,#N/A N/A,#N/A N/A,#N/A N/A,#N/A N/A,#N/A N/A,#N/A N/A,250.8662,179.366,199.5802,INPLAY OIL CORP,14.8454,13.26,51.286,0,472.956
IPO CN Equity 2024,#N/A N/A,#N/A N/A,#N/A N/A,#N/A N/A,#N/A N/A,#N/A N/A,#N/A N/A,#N/A N/A,#N/A N/A,#N/A N/A,#N/A N/A,#N/A N/A,#N/A N/A,#N/A N/A,#N/A N/A,#N/A N/A,#N/A N/A,#N/A N/A,#N/A N/A,222.8995,153.713,155.9065,INPLAY OIL CORP,15.023,10.38,66.993,0,476.255
IOCL IN Equity 2018,18760,90,#N/A N/A,#N/A N/A,#N/A N/A,#N/A N/A,#N/A N/A,#N/A N/A,#N/A N/A,#N/A N/A,#N/A N/A,#N/A N/A,#N/A N/A,#N/A N/A,#N/A N/A,#N/A N/A,#N/A N/A,#N/A N/A,#N/A N/A,2271306.933,5155418.9,1715105.633,INDIAN OIL CORP LTD,14218.0372,117.73,621414.9,86725.8,2956757
IOCL IN Equity 2019,18690,50,#N/A N/A,#N/A N/A,#N/A N/A,#N/A N/A,#N/A N/A,#N/A N/A,#N/A N/A,#N/A N/A,#N/A N/A,#N/A N/A,#N/A N/A,#N/A N/A,#N/A N/A,#N/A N/A,#N/A N/A,#N/A N/A,#N/A N/A,2424163.98,6172514.1,1533095.78,INDIAN OIL CORP LTD,14161.7689,108.57,967650.4,95355.8,3351568.2
IOCL IN Equity 2020,18950,590,270860,#N/A N/A,#N/A N/A,#N/A N/A,#N/A N/A,#N/A N/A,#N/A N/A,#N/A N/A,#N/A N/A,#N/A N/A,#N/A N/A,270860,#N/A N/A,#N/A N/A,#N/A N/A,#N/A N/A,#N/A N/A,1969943.576,4843620,768666.076,INDIAN OIL CORP LTD,13771.5607,54.43,1297903.3,105388.5,3297368.3
IOCL IN Equity 2021,20210,700,241880,#N/A N/A,#N/A N/A,#N/A N/A,#N/A N/A,#N/A N/A,#N/A N/A,#N/A N/A,#N/A N/A,#N/A N/A,#N/A N/A,241880,#N/A N/A,#N/A N/A,#N/A N/A,#N/A N/A,#N/A N/A,1933196.297,3639496.7,864690.497,INDIAN OIL CORP LTD,13771.5607,61.23,1162873.1,104126.7,3549159.2
IOCL IN Equity 2022,20830,710,258141,#N/A N/A,#N/A N/A,140,#N/A N/A,1,#N/A N/A,#N/A N/A,#N/A N/A,#N/A N/A,#N/A N/A,258000,#N/A N/A,#N/A N/A,#N/A N/A,#N/A N/A,#N/A N/A,2359127.704,5850181.1,1119814.204,INDIAN OIL CORP LTD,13771.5607,79.3,1320195.9,96797.1,4106248.5
IOCL IN Equity 2023,20210,629.999,299923,#N/A N/A,#N/A N/A,121.4,22340,1.73,19.988,#N/A N/A,#N/A N/A,#N/A N/A,#N/A N/A,277440,#N/A N/A,#N/A N/A,#N/A N/A,#N/A N/A,#N/A N/A,2503459.57,8417559.1,1100044.47,INDIAN OIL CORP LTD,13771.5607,77.9,1489770.8,121296.7,4417184.8
IOCL IN Equity 2024,22008.9,757.588,348540,#N/A N/A,#N/A N/A,145.99,23560,3.9,20,#N/A N/A,#N/A N/A,#N/A N/A,#N/A N/A,324810,#N/A N/A,#N/A N/A,#N/A N/A,#N/A N/A,#N/A N/A,3611292.239,7763518.5,2368837.739,INDIAN OIL CORP LTD,13771.5607,167.75,1326275.6,131288.2,4823620
INA CZ Equity 2018,1830,80,#N/A N/A,#N/A N/A,#N/A N/A,#N/A N/A,#N/A N/A,#N/A N/A,#N/A N/A,#N/A N/A,#N/A N/A,#N/A N/A,#N/A N/A,#N/A N/A,#N/A N/A,#N/A N/A,#N/A N/A,#N/A N/A,#N/A N/A,4390.2051,#N/A N/A,4167.4962,INA INDUSTRIJA NAFTE DD,10,416.75,277.5234,56.009,2752.9365
INA CZ Equity 2019,1560,70,14184.2,#N/A N/A,#N/A N/A,#N/A N/A,#N/A N/A,#N/A N/A,0.659,#N/A N/A,#N/A N/A,#N/A N/A,#N/A N/A,13937.8,#N/A N/A,#N/A N/A,#N/A N/A,#N/A N/A,#N/A N/A,4521.9988,#N/A N/A,4140.9516,INA INDUSTRIJA NAFTE DD,10,414.095,465.0607,85.6062,2857.7875
INA CZ Equity 2020,1310,60,11608.4,#N/A N/A,#N/A N/A,#N/A N/A,#N/A N/A,#N/A N/A,0.133,#N/A N/A,#N/A N/A,#N/A N/A,#N/A N/A,11357.1,#N/A N/A,#N/A N/A,#N/A N/A,#N/A N/A,#N/A N/A,3972.3937,#N/A N/A,3716.2386,INA INDUSTRIJA NAFTE DD,10,371.624,317.7384,63.3088,2521.2025
INA CZ Equity 2021,1220,110,11892.3,#N/A N/A,#N/A N/A,#N/A N/A,#N/A N/A,#N/A N/A,0.039,#N/A N/A,#N/A N/A,#N/A N/A,#N/A N/A,11662,#N/A N/A,#N/A N/A,#N/A N/A,#N/A N/A,#N/A N/A,4922.1581,#N/A N/A,4645.2983,INA INDUSTRIJA NAFTE DD,10,464.53,456.5665,181.6975,2932.245
INA CZ Equity 2022,1270,80,12013.2,#N/A N/A,#N/A N/A,#N/A N/A,#N/A N/A,#N/A N/A,0.11,#N/A N/A,#N/A N/A,#N/A N/A,#N/A N/A,11841.4,#N/A N/A,#N/A N/A,#N/A N/A,#N/A N/A,#N/A N/A,4647.2891,#N/A N/A,4512.5755,INA INDUSTRIJA NAFTE DD,10,451.258,374.5438,242.75,3169.0225
INA CZ Equity 2023,1190,60,13110.8,171.163,#N/A N/A,#N/A N/A,#N/A N/A,658.053,0.093,#N/A N/A,#N/A N/A,#N/A N/A,#N/A N/A,12281.5,#N/A N/A,#N/A N/A,#N/A N/A,#N/A N/A,#N/A N/A,5267.832,#N/A N/A,5000,INA INDUSTRIJA NAFTE DD,10,500,415.494,150.86,3141.889
INA CZ Equity 2024,1120,90,13636.1,331.629,#N/A N/A,#N/A N/A,#N/A N/A,367.092,0.125,#N/A N/A,#N/A N/A,#N/A N/A,#N/A N/A,12937.2,#N/A N/A,#N/A N/A,#N/A N/A,#N/A N/A,#N/A N/A,5244.812,#N/A N/A,4720,INA INDUSTRIJA NAFTE DD,10,472,631.383,110.036,3341.782
I3E LN Equity 2018,#N/A N/A,#N/A N/A,#N/A N/A,#N/A N/A,#N/A N/A,#N/A N/A,#N/A N/A,#N/A N/A,#N/A N/A,#N/A N/A,#N/A N/A,#N/A N/A,#N/A N/A,#N/A N/A,#N/A N/A,#N/A N/A,#N/A N/A,#N/A N/A,#N/A N/A,16.1954,0,16.2019,GRAN TIERRA UK LTD,38.0568,39.234,0.5916,0.598,6.4767
I3E LN Equity 2019,#N/A N/A,#N/A N/A,#N/A N/A,#N/A N/A,#N/A N/A,#N/A N/A,#N/A N/A,#N/A N/A,#N/A N/A,#N/A N/A,#N/A N/A,#N/A N/A,#N/A N/A,#N/A N/A,#N/A N/A,#N/A N/A,#N/A N/A,#N/A N/A,#N/A N/A,5.5006,#N/A N/A,13.1956,GRAN TIERRA UK LTD,80.8694,12.25,0,19.07,65.911
I3E LN Equity 2020,#N/A N/A,#N/A N/A,#N/A N/A,#N/A N/A,#N/A N/A,#N/A N/A,#N/A N/A,#N/A N/A,#N/A N/A,#N/A N/A,#N/A N/A,#N/A N/A,#N/A N/A,#N/A N/A,#N/A N/A,#N/A N/A,#N/A N/A,#N/A N/A,#N/A N/A,#N/A N/A,12.991,39.7346,GRAN TIERRA UK LTD,309.8891,5.5,#N/A N/A,6.178,174.121
I3E LN Equity 2021,#N/A N/A,#N/A N/A,#N/A N/A,#N/A N/A,#N/A N/A,#N/A N/A,#N/A N/A,#N/A N/A,#N/A N/A,#N/A N/A,#N/A N/A,#N/A N/A,#N/A N/A,#N/A N/A,#N/A N/A,#N/A N/A,#N/A N/A,#N/A N/A,#N/A N/A,161.0119,86.763,150.3779,GRAN TIERRA UK LTD,883.6644,13.35,23.924,15.335,316.29
I3E LN Equity 2022,#N/A N/A,#N/A N/A,#N/A N/A,#N/A N/A,#N/A N/A,#N/A N/A,#N/A N/A,#N/A N/A,#N/A N/A,#N/A N/A,#N/A N/A,#N/A N/A,#N/A N/A,#N/A N/A,#N/A N/A,#N/A N/A,#N/A N/A,#N/A N/A,#N/A N/A,306.7343,208.436,294.0083,GRAN TIERRA UK LTD,1164.211,24.65,27.241,16.56,353.212
I3E LN Equity 2023,#N/A N/A,#N/A N/A,#N/A N/A,#N/A N/A,#N/A N/A,#N/A N/A,#N/A N/A,#N/A N/A,#N/A N/A,#N/A N/A,#N/A N/A,#N/A N/A,#N/A N/A,#N/A N/A,#N/A N/A,#N/A N/A,#N/A N/A,#N/A N/A,#N/A N/A,146.2171,146.314,135.1551,GRAN TIERRA UK LTD,1199.1557,11.24,34.569,23.507,316.594
I3E LN Equity 2024,#N/A N/A,#N/A N/A,#N/A N/A,#N/A N/A,#N/A N/A,#N/A N/A,#N/A N/A,#N/A N/A,#N/A N/A,#N/A N/A,#N/A N/A,#N/A N/A,#N/A N/A,#N/A N/A,#N/A N/A,#N/A N/A,#N/A N/A,#N/A N/A,#N/A N/A,#N/A N/A,#N/A N/A,#N/A N/A,GRAN TIERRA UK LTD,#N/A N/A,#N/A N/A,#N/A N/A,#N/A N/A,#N/A N/A
IMO CN Equity 2018,13100,750,#N/A N/A,#N/A N/A,#N/A N/A,#N/A N/A,#N/A N/A,#N/A N/A,#N/A N/A,#N/A N/A,#N/A N/A,#N/A N/A,#N/A N/A,#N/A N/A,#N/A N/A,#N/A N/A,#N/A N/A,#N/A N/A,#N/A N/A,31260.9234,35099,27068.9234,IMPERIAL OIL LTD,807.5,34.59,5180,988,41456
IMO CN Equity 2019,13100,790,#N/A N/A,#N/A N/A,#N/A N/A,#N/A N/A,#N/A N/A,#N/A N/A,#N/A N/A,#N/A N/A,#N/A N/A,#N/A N/A,#N/A N/A,#N/A N/A,#N/A N/A,#N/A N/A,#N/A N/A,#N/A N/A,#N/A N/A,29298.0337,34139,25553.0337,IMPERIAL OIL LTD,762.7,34.35,5463,1718,42187
IMO CN Equity 2020,13000,790,#N/A N/A,#N/A N/A,#N/A N/A,#N/A N/A,#N/A N/A,#N/A N/A,#N/A N/A,#N/A N/A,#N/A N/A,#N/A N/A,#N/A N/A,#N/A N/A,#N/A N/A,#N/A N/A,#N/A N/A,#N/A N/A,#N/A N/A,22340.3003,22388,17735.3003,IMPERIAL OIL LTD,735.3,24.16,5376,771,38031
IMO CN Equity 2021,13800,680,#N/A N/A,#N/A N/A,#N/A N/A,#N/A N/A,#N/A N/A,#N/A N/A,#N/A N/A,#N/A N/A,#N/A N/A,#N/A N/A,#N/A N/A,#N/A N/A,#N/A N/A,#N/A N/A,#N/A N/A,#N/A N/A,#N/A N/A,34206.0096,37590,30934.0096,IMPERIAL OIL LTD,713.2,45.62,5425,2153,40782
IMO CN Equity 2022,14200,730,#N/A N/A,#N/A N/A,#N/A N/A,#N/A N/A,#N/A N/A,#N/A N/A,#N/A N/A,#N/A N/A,#N/A N/A,#N/A N/A,#N/A N/A,#N/A N/A,#N/A N/A,#N/A N/A,#N/A N/A,#N/A N/A,#N/A N/A,39181.8904,59670,38524.8904,IMPERIAL OIL LTD,641.5,65.95,4406,3749,43524
IMO CN Equity 2023,#N/A N/A,#N/A N/A,#N/A N/A,#N/A N/A,#N/A N/A,#N/A N/A,#N/A N/A,#N/A N/A,#N/A N/A,#N/A N/A,#N/A N/A,#N/A N/A,#N/A N/A,#N/A N/A,#N/A N/A,#N/A N/A,#N/A N/A,#N/A N/A,#N/A N/A,43910.9768,50969,40444.9768,IMPERIAL OIL LTD,575.9,75.48,4330,864,41199
IMO CN Equity 2024,#N/A N/A,#N/A N/A,#N/A N/A,#N/A N/A,#N/A N/A,#N/A N/A,#N/A N/A,#N/A N/A,#N/A N/A,#N/A N/A,#N/A N/A,#N/A N/A,#N/A N/A,#N/A N/A,#N/A N/A,#N/A N/A,#N/A N/A,#N/A N/A,#N/A N/A,48128.2966,51532,45096.2966,IMPERIAL OIL LTD,530.6,88.59,4011,979,42938
ITH LN Equity 2018,#N/A N/A,#N/A N/A,#N/A N/A,#N/A N/A,#N/A N/A,#N/A N/A,#N/A N/A,#N/A N/A,#N/A N/A,#N/A N/A,#N/A N/A,#N/A N/A,#N/A N/A,#N/A N/A,#N/A N/A,#N/A N/A,#N/A N/A,#N/A N/A,#N/A N/A,#N/A N/A,#N/A N/A,#N/A N/A,ITHACA ENERGY PLC,#N/A N/A,#N/A N/A,#N/A N/A,#N/A N/A,#N/A N/A
ITH LN Equity 2019,#N/A N/A,#N/A N/A,#N/A N/A,#N/A N/A,#N/A N/A,#N/A N/A,#N/A N/A,#N/A N/A,#N/A N/A,#N/A N/A,#N/A N/A,#N/A N/A,#N/A N/A,#N/A N/A,#N/A N/A,#N/A N/A,#N/A N/A,#N/A N/A,#N/A N/A,#N/A N/A,#N/A N/A,#N/A N/A,ITHACA ENERGY PLC,#N/A N/A,#N/A N/A,2259.157,15.059,4995.781
ITH LN Equity 2020,#N/A N/A,#N/A N/A,#N/A N/A,#N/A N/A,#N/A N/A,#N/A N/A,#N/A N/A,#N/A N/A,#N/A N/A,#N/A N/A,#N/A N/A,#N/A N/A,#N/A N/A,#N/A N/A,#N/A N/A,#N/A N/A,#N/A N/A,#N/A N/A,#N/A N/A,#N/A N/A,#N/A N/A,#N/A N/A,ITHACA ENERGY PLC,#N/A N/A,#N/A N/A,1847.897,1.203,4264.965
ITH LN Equity 2021,497.362,0.567,#N/A N/A,#N/A N/A,#N/A N/A,#N/A N/A,#N/A N/A,#N/A N/A,#N/A N/A,#N/A N/A,#N/A N/A,#N/A N/A,#N/A N/A,#N/A N/A,#N/A N/A,#N/A N/A,#N/A N/A,#N/A N/A,#N/A N/A,#N/A N/A,#N/A N/A,#N/A N/A,ITHACA ENERGY PLC,1005.2,#N/A N/A,1395.181,44.849,4731.839
ITH LN Equity 2022,482.647,0.678,#N/A N/A,#N/A N/A,#N/A N/A,#N/A N/A,#N/A N/A,#N/A N/A,#N/A N/A,#N/A N/A,#N/A N/A,#N/A N/A,#N/A N/A,#N/A N/A,#N/A N/A,#N/A N/A,#N/A N/A,#N/A N/A,#N/A N/A,3242.9972,2598.482,2224.2302,ITHACA ENERGY PLC,1005.2,182.9,1272.589,253.822,6759.599
ITH LN Equity 2023,435.522,0.27,#N/A N/A,#N/A N/A,#N/A N/A,#N/A N/A,#N/A N/A,#N/A N/A,#N/A N/A,#N/A N/A,#N/A N/A,#N/A N/A,#N/A N/A,#N/A N/A,#N/A N/A,#N/A N/A,#N/A N/A,#N/A N/A,#N/A N/A,2482.3696,2319.811,1866.8756,ITHACA ENERGY PLC,1006.7,144.2,768.709,153.215,6246.613
ITH LN Equity 2024,501.72,0.326,#N/A N/A,#N/A N/A,#N/A N/A,#N/A N/A,#N/A N/A,#N/A N/A,#N/A N/A,#N/A N/A,#N/A N/A,#N/A N/A,#N/A N/A,#N/A N/A,#N/A N/A,#N/A N/A,#N/A N/A,#N/A N/A,#N/A N/A,2301.9455,1982,1401.9615,ITHACA ENERGY PLC,1164.3,110.4,1065.107,165.123,8274.986
