GEIECZ CH Equity 2018,#N/A N/A,#N/A N/A,#N/A N/A,#N/A N/A,#N/A N/A,#N/A N/A,#N/A N/A,#N/A N/A,#N/A N/A,#N/A N/A,#N/A N/A,#N/A N/A,#N/A N/A,#N/A N/A,#N/A N/A,#N/A N/A,#N/A N/A,#N/A N/A,#N/A N/A,#N/A N/A,#N/A N/A,#N/A N/A,GEMENG INTERNATIONAL ENERGY,10000,#N/A N/A,22692.8318,2048.458,46447.1365
GEIECZ CH Equity 2019,#N/A N/A,#N/A N/A,#N/A N/A,#N/A N/A,#N/A N/A,#N/A N/A,#N/A N/A,#N/A N/A,#N/A N/A,#N/A N/A,#N/A N/A,#N/A N/A,#N/A N/A,#N/A N/A,#N/A N/A,#N/A N/A,#N/A N/A,#N/A N/A,#N/A N/A,#N/A N/A,#N/A N/A,#N/A N/A,GEMENG INTERNATIONAL ENERGY,#N/A N/A,#N/A N/A,22648.6017,1787.9766,46101.5548
GEIECZ CH Equity 2020,#N/A N/A,#N/A N/A,#N/A N/A,#N/A N/A,#N/A N/A,#N/A N/A,#N/A N/A,#N/A N/A,#N/A N/A,#N/A N/A,#N/A N/A,#N/A N/A,#N/A N/A,#N/A N/A,#N/A N/A,#N/A N/A,#N/A N/A,#N/A N/A,#N/A N/A,#N/A N/A,#N/A N/A,#N/A N/A,GEMENG INTERNATIONAL ENERGY,#N/A N/A,#N/A N/A,23883.8014,2139.7008,49507.5675
GEIECZ CH Equity 2021,#N/A N/A,#N/A N/A,#N/A N/A,#N/A N/A,#N/A N/A,#N/A N/A,#N/A N/A,#N/A N/A,#N/A N/A,#N/A N/A,#N/A N/A,#N/A N/A,#N/A N/A,#N/A N/A,#N/A N/A,#N/A N/A,#N/A N/A,#N/A N/A,#N/A N/A,#N/A N/A,#N/A N/A,#N/A N/A,GEMENG INTERNATIONAL ENERGY,10000,#N/A N/A,20339.2574,2444.1192,43402.7928
GEIECZ CH Equity 2022,#N/A N/A,#N/A N/A,#N/A N/A,#N/A N/A,#N/A N/A,#N/A N/A,#N/A N/A,#N/A N/A,#N/A N/A,#N/A N/A,#N/A N/A,#N/A N/A,#N/A N/A,#N/A N/A,#N/A N/A,#N/A N/A,#N/A N/A,#N/A N/A,#N/A N/A,#N/A N/A,#N/A N/A,#N/A N/A,GEMENG INTERNATIONAL ENERGY,#N/A N/A,#N/A N/A,19269.7546,2723.8755,42581.5227
GEIECZ CH Equity 2023,#N/A N/A,#N/A N/A,#N/A N/A,#N/A N/A,#N/A N/A,#N/A N/A,#N/A N/A,#N/A N/A,#N/A N/A,#N/A N/A,#N/A N/A,#N/A N/A,#N/A N/A,#N/A N/A,#N/A N/A,#N/A N/A,#N/A N/A,#N/A N/A,#N/A N/A,#N/A N/A,#N/A N/A,#N/A N/A,GEMENG INTERNATIONAL ENERGY,#N/A N/A,#N/A N/A,19678.8183,1679.4506,41254.2455
GEIECZ CH Equity 2024,#N/A N/A,#N/A N/A,#N/A N/A,#N/A N/A,#N/A N/A,#N/A N/A,#N/A N/A,#N/A N/A,#N/A N/A,#N/A N/A,#N/A N/A,#N/A N/A,#N/A N/A,#N/A N/A,#N/A N/A,#N/A N/A,#N/A N/A,#N/A N/A,#N/A N/A,#N/A N/A,#N/A N/A,#N/A N/A,GEMENG INTERNATIONAL ENERGY,#N/A N/A,#N/A N/A,#N/A N/A,#N/A N/A,#N/A N/A
GRSM GR Equity 2018,#N/A N/A,#N/A N/A,#N/A N/A,#N/A N/A,#N/A N/A,#N/A N/A,#N/A N/A,#N/A N/A,#N/A N/A,#N/A N/A,#N/A N/A,#N/A N/A,#N/A N/A,#N/A N/A,#N/A N/A,#N/A N/A,#N/A N/A,#N/A N/A,#N/A N/A,#N/A N/A,#N/A N/A,#N/A N/A,GROSSKRAFTWERK MANNHEIM AG,#N/A N/A,#N/A N/A,929.62,1.298,1778.178
GRSM GR Equity 2019,#N/A N/A,#N/A N/A,#N/A N/A,#N/A N/A,#N/A N/A,#N/A N/A,#N/A N/A,#N/A N/A,#N/A N/A,#N/A N/A,#N/A N/A,#N/A N/A,#N/A N/A,#N/A N/A,#N/A N/A,#N/A N/A,#N/A N/A,#N/A N/A,#N/A N/A,#N/A N/A,#N/A N/A,#N/A N/A,GROSSKRAFTWERK MANNHEIM AG,#N/A N/A,#N/A N/A,818.903,7.028,1654.96
GRSM GR Equity 2020,#N/A N/A,#N/A N/A,#N/A N/A,#N/A N/A,#N/A N/A,#N/A N/A,#N/A N/A,#N/A N/A,#N/A N/A,#N/A N/A,#N/A N/A,#N/A N/A,#N/A N/A,#N/A N/A,#N/A N/A,#N/A N/A,#N/A N/A,#N/A N/A,#N/A N/A,#N/A N/A,#N/A N/A,#N/A N/A,GROSSKRAFTWERK MANNHEIM AG,#N/A N/A,#N/A N/A,674.87,0.336,1582.255
GRSM GR Equity 2021,#N/A N/A,#N/A N/A,#N/A N/A,#N/A N/A,#N/A N/A,#N/A N/A,#N/A N/A,#N/A N/A,#N/A N/A,#N/A N/A,#N/A N/A,#N/A N/A,#N/A N/A,#N/A N/A,#N/A N/A,#N/A N/A,#N/A N/A,#N/A N/A,#N/A N/A,#N/A N/A,#N/A N/A,#N/A N/A,GROSSKRAFTWERK MANNHEIM AG,#N/A N/A,#N/A N/A,554.488,0.264,1843.619
GRSM GR Equity 2022,#N/A N/A,#N/A N/A,#N/A N/A,#N/A N/A,#N/A N/A,#N/A N/A,#N/A N/A,#N/A N/A,#N/A N/A,#N/A N/A,#N/A N/A,#N/A N/A,#N/A N/A,#N/A N/A,#N/A N/A,#N/A N/A,#N/A N/A,#N/A N/A,#N/A N/A,#N/A N/A,#N/A N/A,#N/A N/A,GROSSKRAFTWERK MANNHEIM AG,#N/A N/A,#N/A N/A,412.796,36.182,1976.877
GRSM GR Equity 2023,#N/A N/A,#N/A N/A,#N/A N/A,#N/A N/A,#N/A N/A,#N/A N/A,#N/A N/A,#N/A N/A,#N/A N/A,#N/A N/A,#N/A N/A,#N/A N/A,#N/A N/A,#N/A N/A,#N/A N/A,#N/A N/A,#N/A N/A,#N/A N/A,#N/A N/A,#N/A N/A,#N/A N/A,#N/A N/A,GROSSKRAFTWERK MANNHEIM AG,#N/A N/A,#N/A N/A,325.466,0.177,1559.736
GRSM GR Equity 2024,#N/A N/A,#N/A N/A,#N/A N/A,#N/A N/A,#N/A N/A,#N/A N/A,#N/A N/A,#N/A N/A,#N/A N/A,#N/A N/A,#N/A N/A,#N/A N/A,#N/A N/A,#N/A N/A,#N/A N/A,#N/A N/A,#N/A N/A,#N/A N/A,#N/A N/A,#N/A N/A,#N/A N/A,#N/A N/A,GROSSKRAFTWERK MANNHEIM AG,#N/A N/A,#N/A N/A,134.65,5.05,1413.691
GEMS IJ Equity 2018,#N/A N/A,#N/A N/A,#N/A N/A,#N/A N/A,#N/A N/A,#N/A N/A,#N/A N/A,#N/A N/A,#N/A N/A,#N/A N/A,#N/A N/A,#N/A N/A,#N/A N/A,#N/A N/A,#N/A N/A,#N/A N/A,#N/A N/A,#N/A N/A,#N/A N/A,#N/A N/A,1045.059,#N/A N/A,GOLDEN ENERGY MINES TBK PT,5882.353,2550,120.8276,78.6988,701.0466
GEMS IJ Equity 2019,#N/A N/A,#N/A N/A,#N/A N/A,#N/A N/A,#N/A N/A,#N/A N/A,#N/A N/A,#N/A N/A,#N/A N/A,#N/A N/A,#N/A N/A,#N/A N/A,#N/A N/A,#N/A N/A,#N/A N/A,#N/A N/A,#N/A N/A,#N/A N/A,#N/A N/A,#N/A N/A,1107.464,#N/A N/A,GOLDEN ENERGY MINES TBK PT,5882.353,#N/A N/A,136.1355,134.5098,780.6462
GEMS IJ Equity 2020,#N/A N/A,#N/A N/A,#N/A N/A,#N/A N/A,#N/A N/A,#N/A N/A,#N/A N/A,#N/A N/A,#N/A N/A,#N/A N/A,#N/A N/A,#N/A N/A,#N/A N/A,#N/A N/A,#N/A N/A,#N/A N/A,#N/A N/A,#N/A N/A,#N/A N/A,#N/A N/A,1061.41,#N/A N/A,GOLDEN ENERGY MINES TBK PT,5882.353,#N/A N/A,149.2682,202.7821,813.7178
GEMS IJ Equity 2021,#N/A N/A,#N/A N/A,#N/A N/A,#N/A N/A,#N/A N/A,#N/A N/A,#N/A N/A,#N/A N/A,#N/A N/A,#N/A N/A,#N/A N/A,#N/A N/A,#N/A N/A,#N/A N/A,#N/A N/A,#N/A N/A,#N/A N/A,#N/A N/A,#N/A N/A,3200.1268,1585.954,3278.053,GOLDEN ENERGY MINES TBK PT,5882.353,7950,114.3529,193.5728,829.0269
GEMS IJ Equity 2022,#N/A N/A,#N/A N/A,#N/A N/A,#N/A N/A,#N/A N/A,#N/A N/A,#N/A N/A,#N/A N/A,#N/A N/A,#N/A N/A,#N/A N/A,#N/A N/A,#N/A N/A,#N/A N/A,#N/A N/A,#N/A N/A,#N/A N/A,#N/A N/A,#N/A N/A,2484.3488,2919.964,2674.3141,GOLDEN ENERGY MINES TBK PT,5882.353,7050,132.9954,329.6,1129.0868
GEMS IJ Equity 2023,#N/A N/A,#N/A N/A,#N/A N/A,#N/A N/A,#N/A N/A,#N/A N/A,#N/A N/A,#N/A N/A,#N/A N/A,#N/A N/A,#N/A N/A,#N/A N/A,#N/A N/A,#N/A N/A,#N/A N/A,#N/A N/A,#N/A N/A,#N/A N/A,#N/A N/A,2160.5724,#N/A N/A,2216.583,GOLDEN ENERGY MINES TBK PT,5882.353,5800,253.1228,318.495,1312.0422
GEMS IJ Equity 2024,#N/A N/A,#N/A N/A,#N/A N/A,#N/A N/A,#N/A N/A,#N/A N/A,#N/A N/A,#N/A N/A,#N/A N/A,#N/A N/A,#N/A N/A,#N/A N/A,#N/A N/A,#N/A N/A,#N/A N/A,#N/A N/A,#N/A N/A,#N/A N/A,#N/A N/A,3825.0745,#N/A N/A,3860.4077,GOLDEN ENERGY MINES TBK PT,5882.353,10625,282.627,326.929,1239.5719
GER SP Equity 2018,#N/A N/A,#N/A N/A,#N/A N/A,#N/A N/A,#N/A N/A,#N/A N/A,#N/A N/A,#N/A N/A,#N/A N/A,#N/A N/A,#N/A N/A,#N/A N/A,#N/A N/A,#N/A N/A,#N/A N/A,#N/A N/A,#N/A N/A,#N/A N/A,#N/A N/A,637.6887,1048.478,378.7547,GOLDEN ENERGY AND RESOURCES,2353.1,0.051,269.027,115.113,960.834
GER SP Equity 2019,#N/A N/A,#N/A N/A,#N/A N/A,#N/A N/A,#N/A N/A,#N/A N/A,#N/A N/A,#N/A N/A,#N/A N/A,#N/A N/A,#N/A N/A,#N/A N/A,#N/A N/A,#N/A N/A,#N/A N/A,#N/A N/A,#N/A N/A,#N/A N/A,#N/A N/A,534.9941,#N/A N/A,273.2721,GOLDEN ENERGY AND RESOURCES,2353.1,0.037,319.693,177.757,1106.028
GER SP Equity 2020,#N/A N/A,#N/A N/A,#N/A N/A,#N/A N/A,#N/A N/A,#N/A N/A,#N/A N/A,#N/A N/A,#N/A N/A,#N/A N/A,#N/A N/A,#N/A N/A,#N/A N/A,#N/A N/A,#N/A N/A,#N/A N/A,#N/A N/A,#N/A N/A,#N/A N/A,596.6495,#N/A N/A,286.7245,GOLDEN ENERGY AND RESOURCES,2353.1,0.037,381.992,264.724,1394.485
GER SP Equity 2021,#N/A N/A,#N/A N/A,#N/A N/A,#N/A N/A,#N/A N/A,#N/A N/A,#N/A N/A,#N/A N/A,#N/A N/A,#N/A N/A,#N/A N/A,#N/A N/A,#N/A N/A,#N/A N/A,#N/A N/A,#N/A N/A,#N/A N/A,#N/A N/A,#N/A N/A,685.811,1874.097,506.381,GOLDEN ENERGY AND RESOURCES,2353.1,0.067,409.432,396.34,1568.053
GER SP Equity 2022,#N/A N/A,#N/A N/A,#N/A N/A,#N/A N/A,#N/A N/A,#N/A N/A,#N/A N/A,#N/A N/A,#N/A N/A,#N/A N/A,#N/A N/A,#N/A N/A,#N/A N/A,#N/A N/A,#N/A N/A,#N/A N/A,#N/A N/A,#N/A N/A,#N/A N/A,2623.0673,#N/A N/A,1546.6083,GOLDEN ENERGY AND RESOURCES,2587.347,0.183,1336.137,973.49,4896.708
GER SP Equity 2023,#N/A N/A,#N/A N/A,#N/A N/A,#N/A N/A,#N/A N/A,#N/A N/A,#N/A N/A,#N/A N/A,#N/A N/A,#N/A N/A,#N/A N/A,#N/A N/A,#N/A N/A,#N/A N/A,#N/A N/A,#N/A N/A,#N/A N/A,#N/A N/A,#N/A N/A,#N/A N/A,#N/A N/A,#N/A N/A,GOLDEN ENERGY AND RESOURCES,#N/A N/A,#N/A N/A,#N/A N/A,#N/A N/A,#N/A N/A
GER SP Equity 2024,#N/A N/A,#N/A N/A,#N/A N/A,#N/A N/A,#N/A N/A,#N/A N/A,#N/A N/A,#N/A N/A,#N/A N/A,#N/A N/A,#N/A N/A,#N/A N/A,#N/A N/A,#N/A N/A,#N/A N/A,#N/A N/A,#N/A N/A,#N/A N/A,#N/A N/A,#N/A N/A,#N/A N/A,#N/A N/A,GOLDEN ENERGY AND RESOURCES,#N/A N/A,#N/A N/A,#N/A N/A,#N/A N/A,#N/A N/A
GEMS IJ Equity 2018,#N/A N/A,#N/A N/A,#N/A N/A,#N/A N/A,#N/A N/A,#N/A N/A,#N/A N/A,#N/A N/A,#N/A N/A,#N/A N/A,#N/A N/A,#N/A N/A,#N/A N/A,#N/A N/A,#N/A N/A,#N/A N/A,#N/A N/A,#N/A N/A,#N/A N/A,#N/A N/A,1045.059,#N/A N/A,GOLDEN ENERGY MINES TBK PT,5882.353,2550,120.8276,78.6988,701.0466
GEMS IJ Equity 2019,#N/A N/A,#N/A N/A,#N/A N/A,#N/A N/A,#N/A N/A,#N/A N/A,#N/A N/A,#N/A N/A,#N/A N/A,#N/A N/A,#N/A N/A,#N/A N/A,#N/A N/A,#N/A N/A,#N/A N/A,#N/A N/A,#N/A N/A,#N/A N/A,#N/A N/A,#N/A N/A,1107.464,#N/A N/A,GOLDEN ENERGY MINES TBK PT,5882.353,#N/A N/A,136.1355,134.5098,780.6462
GEMS IJ Equity 2020,#N/A N/A,#N/A N/A,#N/A N/A,#N/A N/A,#N/A N/A,#N/A N/A,#N/A N/A,#N/A N/A,#N/A N/A,#N/A N/A,#N/A N/A,#N/A N/A,#N/A N/A,#N/A N/A,#N/A N/A,#N/A N/A,#N/A N/A,#N/A N/A,#N/A N/A,#N/A N/A,1061.41,#N/A N/A,GOLDEN ENERGY MINES TBK PT,5882.353,#N/A N/A,149.2682,202.7821,813.7178
GEMS IJ Equity 2021,#N/A N/A,#N/A N/A,#N/A N/A,#N/A N/A,#N/A N/A,#N/A N/A,#N/A N/A,#N/A N/A,#N/A N/A,#N/A N/A,#N/A N/A,#N/A N/A,#N/A N/A,#N/A N/A,#N/A N/A,#N/A N/A,#N/A N/A,#N/A N/A,#N/A N/A,3200.1268,1585.954,3278.053,GOLDEN ENERGY MINES TBK PT,5882.353,7950,114.3529,193.5728,829.0269
GEMS IJ Equity 2022,#N/A N/A,#N/A N/A,#N/A N/A,#N/A N/A,#N/A N/A,#N/A N/A,#N/A N/A,#N/A N/A,#N/A N/A,#N/A N/A,#N/A N/A,#N/A N/A,#N/A N/A,#N/A N/A,#N/A N/A,#N/A N/A,#N/A N/A,#N/A N/A,#N/A N/A,2484.3488,2919.964,2674.3141,GOLDEN ENERGY MINES TBK PT,5882.353,7050,132.9954,329.6,1129.0868
GEMS IJ Equity 2023,#N/A N/A,#N/A N/A,#N/A N/A,#N/A N/A,#N/A N/A,#N/A N/A,#N/A N/A,#N/A N/A,#N/A N/A,#N/A N/A,#N/A N/A,#N/A N/A,#N/A N/A,#N/A N/A,#N/A N/A,#N/A N/A,#N/A N/A,#N/A N/A,#N/A N/A,2160.5724,#N/A N/A,2216.583,GOLDEN ENERGY MINES TBK PT,5882.353,5800,253.1228,318.495,1312.0422
GEMS IJ Equity 2024,#N/A N/A,#N/A N/A,#N/A N/A,#N/A N/A,#N/A N/A,#N/A N/A,#N/A N/A,#N/A N/A,#N/A N/A,#N/A N/A,#N/A N/A,#N/A N/A,#N/A N/A,#N/A N/A,#N/A N/A,#N/A N/A,#N/A N/A,#N/A N/A,#N/A N/A,3825.0745,#N/A N/A,3860.4077,GOLDEN ENERGY MINES TBK PT,5882.353,10625,282.627,326.929,1239.5719
GUOXINZ CH Equity 2018,#N/A N/A,#N/A N/A,#N/A N/A,#N/A N/A,#N/A N/A,#N/A N/A,#N/A N/A,#N/A N/A,#N/A N/A,#N/A N/A,#N/A N/A,#N/A N/A,#N/A N/A,#N/A N/A,#N/A N/A,#N/A N/A,#N/A N/A,#N/A N/A,#N/A N/A,#N/A N/A,#N/A N/A,#N/A N/A,JIANGSU GUOXIN INVESTMENT GR,#N/A N/A,#N/A N/A,52743.256,19757.1178,165672.3267
GUOXINZ CH Equity 2019,#N/A N/A,#N/A N/A,#N/A N/A,#N/A N/A,#N/A N/A,#N/A N/A,#N/A N/A,#N/A N/A,#N/A N/A,#N/A N/A,#N/A N/A,#N/A N/A,#N/A N/A,#N/A N/A,#N/A N/A,#N/A N/A,#N/A N/A,#N/A N/A,#N/A N/A,#N/A N/A,#N/A N/A,#N/A N/A,JIANGSU GUOXIN INVESTMENT GR,#N/A N/A,#N/A N/A,64044.2037,20437.6957,194244.4217
GUOXINZ CH Equity 2020,#N/A N/A,#N/A N/A,#N/A N/A,#N/A N/A,#N/A N/A,#N/A N/A,#N/A N/A,#N/A N/A,#N/A N/A,#N/A N/A,#N/A N/A,#N/A N/A,#N/A N/A,#N/A N/A,#N/A N/A,#N/A N/A,#N/A N/A,#N/A N/A,#N/A N/A,#N/A N/A,#N/A N/A,#N/A N/A,JIANGSU GUOXIN INVESTMENT GR,#N/A N/A,#N/A N/A,67389.5625,35636.3363,197124.1591
GUOXINZ CH Equity 2021,#N/A N/A,#N/A N/A,#N/A N/A,#N/A N/A,#N/A N/A,#N/A N/A,#N/A N/A,#N/A N/A,#N/A N/A,#N/A N/A,#N/A N/A,#N/A N/A,#N/A N/A,#N/A N/A,#N/A N/A,#N/A N/A,#N/A N/A,#N/A N/A,#N/A N/A,#N/A N/A,#N/A N/A,#N/A N/A,JIANGSU GUOXIN INVESTMENT GR,#N/A N/A,#N/A N/A,79634.3204,39649.6045,212817.0867
GUOXINZ CH Equity 2022,#N/A N/A,#N/A N/A,#N/A N/A,#N/A N/A,#N/A N/A,#N/A N/A,#N/A N/A,#N/A N/A,#N/A N/A,#N/A N/A,#N/A N/A,#N/A N/A,#N/A N/A,#N/A N/A,#N/A N/A,#N/A N/A,#N/A N/A,#N/A N/A,#N/A N/A,#N/A N/A,#N/A N/A,#N/A N/A,JIANGSU GUOXIN INVESTMENT GR,#N/A N/A,#N/A N/A,82083.3788,47036.7818,221047.6529
GUOXINZ CH Equity 2023,#N/A N/A,#N/A N/A,#N/A N/A,#N/A N/A,#N/A N/A,#N/A N/A,#N/A N/A,#N/A N/A,#N/A N/A,#N/A N/A,#N/A N/A,#N/A N/A,#N/A N/A,#N/A N/A,#N/A N/A,#N/A N/A,#N/A N/A,#N/A N/A,#N/A N/A,#N/A N/A,#N/A N/A,#N/A N/A,JIANGSU GUOXIN INVESTMENT GR,#N/A N/A,#N/A N/A,87442.2123,43123.2396,223639.7688
GUOXINZ CH Equity 2024,#N/A N/A,#N/A N/A,#N/A N/A,#N/A N/A,#N/A N/A,#N/A N/A,#N/A N/A,#N/A N/A,#N/A N/A,#N/A N/A,#N/A N/A,#N/A N/A,#N/A N/A,#N/A N/A,#N/A N/A,#N/A N/A,#N/A N/A,#N/A N/A,#N/A N/A,#N/A N/A,#N/A N/A,#N/A N/A,JIANGSU GUOXIN INVESTMENT GR,#N/A N/A,#N/A N/A,#N/A N/A,#N/A N/A,#N/A N/A
GUIPUZ CH Equity 2018,#N/A N/A,#N/A N/A,#N/A N/A,#N/A N/A,#N/A N/A,#N/A N/A,#N/A N/A,#N/A N/A,#N/A N/A,#N/A N/A,#N/A N/A,#N/A N/A,#N/A N/A,#N/A N/A,#N/A N/A,#N/A N/A,#N/A N/A,#N/A N/A,#N/A N/A,#N/A N/A,#N/A N/A,#N/A N/A,GUIZHOU PUAN DIGUA COAL INDU,#N/A N/A,#N/A N/A,#N/A N/A,#N/A N/A,#N/A N/A
GUIPUZ CH Equity 2019,#N/A N/A,#N/A N/A,#N/A N/A,#N/A N/A,#N/A N/A,#N/A N/A,#N/A N/A,#N/A N/A,#N/A N/A,#N/A N/A,#N/A N/A,#N/A N/A,#N/A N/A,#N/A N/A,#N/A N/A,#N/A N/A,#N/A N/A,#N/A N/A,#N/A N/A,#N/A N/A,#N/A N/A,#N/A N/A,GUIZHOU PUAN DIGUA COAL INDU,#N/A N/A,#N/A N/A,#N/A N/A,#N/A N/A,#N/A N/A
GUIPUZ CH Equity 2020,#N/A N/A,#N/A N/A,#N/A N/A,#N/A N/A,#N/A N/A,#N/A N/A,#N/A N/A,#N/A N/A,#N/A N/A,#N/A N/A,#N/A N/A,#N/A N/A,#N/A N/A,#N/A N/A,#N/A N/A,#N/A N/A,#N/A N/A,#N/A N/A,#N/A N/A,#N/A N/A,#N/A N/A,#N/A N/A,GUIZHOU PUAN DIGUA COAL INDU,#N/A N/A,#N/A N/A,#N/A N/A,#N/A N/A,#N/A N/A
GUIPUZ CH Equity 2021,#N/A N/A,#N/A N/A,#N/A N/A,#N/A N/A,#N/A N/A,#N/A N/A,#N/A N/A,#N/A N/A,#N/A N/A,#N/A N/A,#N/A N/A,#N/A N/A,#N/A N/A,#N/A N/A,#N/A N/A,#N/A N/A,#N/A N/A,#N/A N/A,#N/A N/A,#N/A N/A,#N/A N/A,#N/A N/A,GUIZHOU PUAN DIGUA COAL INDU,#N/A N/A,#N/A N/A,#N/A N/A,#N/A N/A,#N/A N/A
GUIPUZ CH Equity 2022,#N/A N/A,#N/A N/A,#N/A N/A,#N/A N/A,#N/A N/A,#N/A N/A,#N/A N/A,#N/A N/A,#N/A N/A,#N/A N/A,#N/A N/A,#N/A N/A,#N/A N/A,#N/A N/A,#N/A N/A,#N/A N/A,#N/A N/A,#N/A N/A,#N/A N/A,#N/A N/A,#N/A N/A,#N/A N/A,GUIZHOU PUAN DIGUA COAL INDU,#N/A N/A,#N/A N/A,#N/A N/A,#N/A N/A,#N/A N/A
GUIPUZ CH Equity 2023,#N/A N/A,#N/A N/A,#N/A N/A,#N/A N/A,#N/A N/A,#N/A N/A,#N/A N/A,#N/A N/A,#N/A N/A,#N/A N/A,#N/A N/A,#N/A N/A,#N/A N/A,#N/A N/A,#N/A N/A,#N/A N/A,#N/A N/A,#N/A N/A,#N/A N/A,#N/A N/A,#N/A N/A,#N/A N/A,GUIZHOU PUAN DIGUA COAL INDU,#N/A N/A,#N/A N/A,#N/A N/A,#N/A N/A,#N/A N/A
GUIPUZ CH Equity 2024,#N/A N/A,#N/A N/A,#N/A N/A,#N/A N/A,#N/A N/A,#N/A N/A,#N/A N/A,#N/A N/A,#N/A N/A,#N/A N/A,#N/A N/A,#N/A N/A,#N/A N/A,#N/A N/A,#N/A N/A,#N/A N/A,#N/A N/A,#N/A N/A,#N/A N/A,#N/A N/A,#N/A N/A,#N/A N/A,GUIZHOU PUAN DIGUA COAL INDU,#N/A N/A,#N/A N/A,#N/A N/A,#N/A N/A,#N/A N/A
GDJTNZ CH Equity 2018,#N/A N/A,#N/A N/A,#N/A N/A,#N/A N/A,#N/A N/A,#N/A N/A,#N/A N/A,#N/A N/A,#N/A N/A,#N/A N/A,#N/A N/A,#N/A N/A,#N/A N/A,#N/A N/A,#N/A N/A,#N/A N/A,#N/A N/A,#N/A N/A,#N/A N/A,#N/A N/A,#N/A N/A,#N/A N/A,GUODIAN CONSTRUCTION INVESTM,#N/A N/A,#N/A N/A,#N/A N/A,#N/A N/A,#N/A N/A
GDJTNZ CH Equity 2019,#N/A N/A,#N/A N/A,#N/A N/A,#N/A N/A,#N/A N/A,#N/A N/A,#N/A N/A,#N/A N/A,#N/A N/A,#N/A N/A,#N/A N/A,#N/A N/A,#N/A N/A,#N/A N/A,#N/A N/A,#N/A N/A,#N/A N/A,#N/A N/A,#N/A N/A,#N/A N/A,#N/A N/A,#N/A N/A,GUODIAN CONSTRUCTION INVESTM,#N/A N/A,#N/A N/A,#N/A N/A,#N/A N/A,#N/A N/A
GDJTNZ CH Equity 2020,#N/A N/A,#N/A N/A,#N/A N/A,#N/A N/A,#N/A N/A,#N/A N/A,#N/A N/A,#N/A N/A,#N/A N/A,#N/A N/A,#N/A N/A,#N/A N/A,#N/A N/A,#N/A N/A,#N/A N/A,#N/A N/A,#N/A N/A,#N/A N/A,#N/A N/A,#N/A N/A,#N/A N/A,#N/A N/A,GUODIAN CONSTRUCTION INVESTM,#N/A N/A,#N/A N/A,#N/A N/A,#N/A N/A,#N/A N/A
GDJTNZ CH Equity 2021,#N/A N/A,#N/A N/A,#N/A N/A,#N/A N/A,#N/A N/A,#N/A N/A,#N/A N/A,#N/A N/A,#N/A N/A,#N/A N/A,#N/A N/A,#N/A N/A,#N/A N/A,#N/A N/A,#N/A N/A,#N/A N/A,#N/A N/A,#N/A N/A,#N/A N/A,#N/A N/A,#N/A N/A,#N/A N/A,GUODIAN CONSTRUCTION INVESTM,#N/A N/A,#N/A N/A,#N/A N/A,#N/A N/A,#N/A N/A
GDJTNZ CH Equity 2022,#N/A N/A,#N/A N/A,#N/A N/A,#N/A N/A,#N/A N/A,#N/A N/A,#N/A N/A,#N/A N/A,#N/A N/A,#N/A N/A,#N/A N/A,#N/A N/A,#N/A N/A,#N/A N/A,#N/A N/A,#N/A N/A,#N/A N/A,#N/A N/A,#N/A N/A,#N/A N/A,#N/A N/A,#N/A N/A,GUODIAN CONSTRUCTION INVESTM,#N/A N/A,#N/A N/A,#N/A N/A,#N/A N/A,#N/A N/A
GDJTNZ CH Equity 2023,#N/A N/A,#N/A N/A,#N/A N/A,#N/A N/A,#N/A N/A,#N/A N/A,#N/A N/A,#N/A N/A,#N/A N/A,#N/A N/A,#N/A N/A,#N/A N/A,#N/A N/A,#N/A N/A,#N/A N/A,#N/A N/A,#N/A N/A,#N/A N/A,#N/A N/A,#N/A N/A,#N/A N/A,#N/A N/A,GUODIAN CONSTRUCTION INVESTM,#N/A N/A,#N/A N/A,#N/A N/A,#N/A N/A,#N/A N/A
GDJTNZ CH Equity 2024,#N/A N/A,#N/A N/A,#N/A N/A,#N/A N/A,#N/A N/A,#N/A N/A,#N/A N/A,#N/A N/A,#N/A N/A,#N/A N/A,#N/A N/A,#N/A N/A,#N/A N/A,#N/A N/A,#N/A N/A,#N/A N/A,#N/A N/A,#N/A N/A,#N/A N/A,#N/A N/A,#N/A N/A,#N/A N/A,GUODIAN CONSTRUCTION INVESTM,#N/A N/A,#N/A N/A,#N/A N/A,#N/A N/A,#N/A N/A
GDJTNZ CH Equity 2018,#N/A N/A,#N/A N/A,#N/A N/A,#N/A N/A,#N/A N/A,#N/A N/A,#N/A N/A,#N/A N/A,#N/A N/A,#N/A N/A,#N/A N/A,#N/A N/A,#N/A N/A,#N/A N/A,#N/A N/A,#N/A N/A,#N/A N/A,#N/A N/A,#N/A N/A,#N/A N/A,#N/A N/A,#N/A N/A,GUODIAN CONSTRUCTION INVESTM,#N/A N/A,#N/A N/A,#N/A N/A,#N/A N/A,#N/A N/A
GDJTNZ CH Equity 2019,#N/A N/A,#N/A N/A,#N/A N/A,#N/A N/A,#N/A N/A,#N/A N/A,#N/A N/A,#N/A N/A,#N/A N/A,#N/A N/A,#N/A N/A,#N/A N/A,#N/A N/A,#N/A N/A,#N/A N/A,#N/A N/A,#N/A N/A,#N/A N/A,#N/A N/A,#N/A N/A,#N/A N/A,#N/A N/A,GUODIAN CONSTRUCTION INVESTM,#N/A N/A,#N/A N/A,#N/A N/A,#N/A N/A,#N/A N/A
GDJTNZ CH Equity 2020,#N/A N/A,#N/A N/A,#N/A N/A,#N/A N/A,#N/A N/A,#N/A N/A,#N/A N/A,#N/A N/A,#N/A N/A,#N/A N/A,#N/A N/A,#N/A N/A,#N/A N/A,#N/A N/A,#N/A N/A,#N/A N/A,#N/A N/A,#N/A N/A,#N/A N/A,#N/A N/A,#N/A N/A,#N/A N/A,GUODIAN CONSTRUCTION INVESTM,#N/A N/A,#N/A N/A,#N/A N/A,#N/A N/A,#N/A N/A
GDJTNZ CH Equity 2021,#N/A N/A,#N/A N/A,#N/A N/A,#N/A N/A,#N/A N/A,#N/A N/A,#N/A N/A,#N/A N/A,#N/A N/A,#N/A N/A,#N/A N/A,#N/A N/A,#N/A N/A,#N/A N/A,#N/A N/A,#N/A N/A,#N/A N/A,#N/A N/A,#N/A N/A,#N/A N/A,#N/A N/A,#N/A N/A,GUODIAN CONSTRUCTION INVESTM,#N/A N/A,#N/A N/A,#N/A N/A,#N/A N/A,#N/A N/A
GDJTNZ CH Equity 2022,#N/A N/A,#N/A N/A,#N/A N/A,#N/A N/A,#N/A N/A,#N/A N/A,#N/A N/A,#N/A N/A,#N/A N/A,#N/A N/A,#N/A N/A,#N/A N/A,#N/A N/A,#N/A N/A,#N/A N/A,#N/A N/A,#N/A N/A,#N/A N/A,#N/A N/A,#N/A N/A,#N/A N/A,#N/A N/A,GUODIAN CONSTRUCTION INVESTM,#N/A N/A,#N/A N/A,#N/A N/A,#N/A N/A,#N/A N/A
GDJTNZ CH Equity 2023,#N/A N/A,#N/A N/A,#N/A N/A,#N/A N/A,#N/A N/A,#N/A N/A,#N/A N/A,#N/A N/A,#N/A N/A,#N/A N/A,#N/A N/A,#N/A N/A,#N/A N/A,#N/A N/A,#N/A N/A,#N/A N/A,#N/A N/A,#N/A N/A,#N/A N/A,#N/A N/A,#N/A N/A,#N/A N/A,GUODIAN CONSTRUCTION INVESTM,#N/A N/A,#N/A N/A,#N/A N/A,#N/A N/A,#N/A N/A
GDJTNZ CH Equity 2024,#N/A N/A,#N/A N/A,#N/A N/A,#N/A N/A,#N/A N/A,#N/A N/A,#N/A N/A,#N/A N/A,#N/A N/A,#N/A N/A,#N/A N/A,#N/A N/A,#N/A N/A,#N/A N/A,#N/A N/A,#N/A N/A,#N/A N/A,#N/A N/A,#N/A N/A,#N/A N/A,#N/A N/A,#N/A N/A,GUODIAN CONSTRUCTION INVESTM,#N/A N/A,#N/A N/A,#N/A N/A,#N/A N/A,#N/A N/A
GIP IN Equity 2018,#N/A N/A,#N/A N/A,#N/A N/A,#N/A N/A,#N/A N/A,#N/A N/A,#N/A N/A,#N/A N/A,#N/A N/A,#N/A N/A,#N/A N/A,#N/A N/A,#N/A N/A,#N/A N/A,#N/A N/A,#N/A N/A,#N/A N/A,#N/A N/A,#N/A N/A,18734.739,13639.468,14641.115,GUJARAT INDS POWER CO LTD,151.2512,96.8,4678.775,585.151,37857.759
GIP IN Equity 2019,#N/A N/A,#N/A N/A,#N/A N/A,#N/A N/A,#N/A N/A,#N/A N/A,#N/A N/A,#N/A N/A,#N/A N/A,#N/A N/A,#N/A N/A,#N/A N/A,#N/A N/A,#N/A N/A,#N/A N/A,#N/A N/A,#N/A N/A,#N/A N/A,#N/A N/A,12385.5215,#N/A N/A,10753.9595,GUJARAT INDS POWER CO LTD,151.2512,71.1,4254.602,2623.04,38313.79
GIP IN Equity 2020,#N/A N/A,#N/A N/A,#N/A N/A,#N/A N/A,#N/A N/A,#N/A N/A,#N/A N/A,#N/A N/A,#N/A N/A,#N/A N/A,#N/A N/A,#N/A N/A,#N/A N/A,#N/A N/A,#N/A N/A,#N/A N/A,#N/A N/A,#N/A N/A,#N/A N/A,7738.6933,#N/A N/A,7547.4343,GUJARAT INDS POWER CO LTD,151.2512,49.9,3908.917,3717.658,39298.083
GIP IN Equity 2021,#N/A N/A,#N/A N/A,#N/A N/A,#N/A N/A,#N/A N/A,#N/A N/A,#N/A N/A,#N/A N/A,#N/A N/A,#N/A N/A,#N/A N/A,#N/A N/A,#N/A N/A,#N/A N/A,#N/A N/A,#N/A N/A,#N/A N/A,#N/A N/A,#N/A N/A,13389.5605,#N/A N/A,11457.2775,GUJARAT INDS POWER CO LTD,151.2512,75.75,4795.694,2863.411,41287.384
GIP IN Equity 2022,#N/A N/A,#N/A N/A,#N/A N/A,#N/A N/A,#N/A N/A,#N/A N/A,#N/A N/A,#N/A N/A,#N/A N/A,#N/A N/A,#N/A N/A,#N/A N/A,#N/A N/A,#N/A N/A,#N/A N/A,#N/A N/A,#N/A N/A,#N/A N/A,#N/A N/A,13556.2348,11724.053,11109.3998,GUJARAT INDS POWER CO LTD,151.2512,73.45,5287.22,2840.385,44032.659
GIP IN Equity 2023,#N/A N/A,#N/A N/A,#N/A N/A,#N/A N/A,#N/A N/A,#N/A N/A,#N/A N/A,#N/A N/A,#N/A N/A,#N/A N/A,#N/A N/A,#N/A N/A,#N/A N/A,#N/A N/A,#N/A N/A,#N/A N/A,#N/A N/A,#N/A N/A,#N/A N/A,11855.1142,13555.649,11479.9652,GUJARAT INDS POWER CO LTD,151.2512,75.9,4933.129,4557.98,44870.41
GIP IN Equity 2024,#N/A N/A,#N/A N/A,#N/A N/A,#N/A N/A,#N/A N/A,#N/A N/A,#N/A N/A,#N/A N/A,#N/A N/A,#N/A N/A,#N/A N/A,#N/A N/A,#N/A N/A,#N/A N/A,#N/A N/A,#N/A N/A,#N/A N/A,#N/A N/A,#N/A N/A,24701.6242,13486.38,24661.5062,GUJARAT INDS POWER CO LTD,151.2512,163.05,6144.321,6104.203,52183.101
GMDC IN Equity 2018,#N/A N/A,#N/A N/A,#N/A N/A,#N/A N/A,#N/A N/A,#N/A N/A,#N/A N/A,#N/A N/A,#N/A N/A,#N/A N/A,#N/A N/A,#N/A N/A,#N/A N/A,#N/A N/A,#N/A N/A,#N/A N/A,#N/A N/A,#N/A N/A,#N/A N/A,38554.588,20699.668,39129.9,GUJARAT MINERAL DEV CORP LTD,318,123.05,0,575.312,53901.064
GMDC IN Equity 2019,#N/A N/A,#N/A N/A,#N/A N/A,#N/A N/A,#N/A N/A,#N/A N/A,#N/A N/A,#N/A N/A,#N/A N/A,#N/A N/A,#N/A N/A,#N/A N/A,#N/A N/A,#N/A N/A,#N/A N/A,#N/A N/A,#N/A N/A,#N/A N/A,#N/A N/A,24976.963,18796.782,25853.4,GUJARAT MINERAL DEV CORP LTD,318,81.3,0,876.437,52067.095
GMDC IN Equity 2020,#N/A N/A,#N/A N/A,#N/A N/A,#N/A N/A,#N/A N/A,#N/A N/A,#N/A N/A,#N/A N/A,#N/A N/A,#N/A N/A,#N/A N/A,#N/A N/A,#N/A N/A,#N/A N/A,#N/A N/A,#N/A N/A,#N/A N/A,#N/A N/A,#N/A N/A,9082.211,15209.485,10032.9,GUJARAT MINERAL DEV CORP LTD,318,31.55,3.019,953.708,50576.613
GMDC IN Equity 2021,#N/A N/A,#N/A N/A,#N/A N/A,#N/A N/A,#N/A N/A,#N/A N/A,#N/A N/A,#N/A N/A,#N/A N/A,#N/A N/A,#N/A N/A,#N/A N/A,#N/A N/A,#N/A N/A,#N/A N/A,#N/A N/A,#N/A N/A,#N/A N/A,#N/A N/A,14919.372,13392.384,17569.5,GUJARAT MINERAL DEV CORP LTD,318,55.25,8.128,2658.256,49676.18
GMDC IN Equity 2022,#N/A N/A,#N/A N/A,#N/A N/A,#N/A N/A,#N/A N/A,#N/A N/A,#N/A N/A,#N/A N/A,#N/A N/A,#N/A N/A,#N/A N/A,#N/A N/A,#N/A N/A,#N/A N/A,#N/A N/A,#N/A N/A,#N/A N/A,#N/A N/A,#N/A N/A,59460.001,27320.794,60340.5,GUJARAT MINERAL DEV CORP LTD,318,189.75,5.519,886.018,58821.507
GMDC IN Equity 2023,#N/A N/A,#N/A N/A,#N/A N/A,#N/A N/A,#N/A N/A,#N/A N/A,#N/A N/A,#N/A N/A,#N/A N/A,#N/A N/A,#N/A N/A,#N/A N/A,#N/A N/A,#N/A N/A,#N/A N/A,#N/A N/A,#N/A N/A,#N/A N/A,#N/A N/A,39310.556,35014.475,40258.8,GUJARAT MINERAL DEV CORP LTD,318,126.6,20.678,968.922,69511.821
GMDC IN Equity 2024,453.999,191.883,#N/A N/A,#N/A N/A,#N/A N/A,#N/A N/A,#N/A N/A,#N/A N/A,#N/A N/A,#N/A N/A,#N/A N/A,#N/A N/A,#N/A N/A,#N/A N/A,#N/A N/A,#N/A N/A,#N/A N/A,#N/A N/A,#N/A N/A,104316.665,24628.837,109376.1,GUJARAT MINERAL DEV CORP LTD,318,343.95,29.829,5089.264,73668.512
GIP IN Equity 2018,#N/A N/A,#N/A N/A,#N/A N/A,#N/A N/A,#N/A N/A,#N/A N/A,#N/A N/A,#N/A N/A,#N/A N/A,#N/A N/A,#N/A N/A,#N/A N/A,#N/A N/A,#N/A N/A,#N/A N/A,#N/A N/A,#N/A N/A,#N/A N/A,#N/A N/A,18734.739,13639.468,14641.115,GUJARAT INDS POWER CO LTD,151.2512,96.8,4678.775,585.151,37857.759
GIP IN Equity 2019,#N/A N/A,#N/A N/A,#N/A N/A,#N/A N/A,#N/A N/A,#N/A N/A,#N/A N/A,#N/A N/A,#N/A N/A,#N/A N/A,#N/A N/A,#N/A N/A,#N/A N/A,#N/A N/A,#N/A N/A,#N/A N/A,#N/A N/A,#N/A N/A,#N/A N/A,12385.5215,#N/A N/A,10753.9595,GUJARAT INDS POWER CO LTD,151.2512,71.1,4254.602,2623.04,38313.79
GIP IN Equity 2020,#N/A N/A,#N/A N/A,#N/A N/A,#N/A N/A,#N/A N/A,#N/A N/A,#N/A N/A,#N/A N/A,#N/A N/A,#N/A N/A,#N/A N/A,#N/A N/A,#N/A N/A,#N/A N/A,#N/A N/A,#N/A N/A,#N/A N/A,#N/A N/A,#N/A N/A,7738.6933,#N/A N/A,7547.4343,GUJARAT INDS POWER CO LTD,151.2512,49.9,3908.917,3717.658,39298.083
GIP IN Equity 2021,#N/A N/A,#N/A N/A,#N/A N/A,#N/A N/A,#N/A N/A,#N/A N/A,#N/A N/A,#N/A N/A,#N/A N/A,#N/A N/A,#N/A N/A,#N/A N/A,#N/A N/A,#N/A N/A,#N/A N/A,#N/A N/A,#N/A N/A,#N/A N/A,#N/A N/A,13389.5605,#N/A N/A,11457.2775,GUJARAT INDS POWER CO LTD,151.2512,75.75,4795.694,2863.411,41287.384
GIP IN Equity 2022,#N/A N/A,#N/A N/A,#N/A N/A,#N/A N/A,#N/A N/A,#N/A N/A,#N/A N/A,#N/A N/A,#N/A N/A,#N/A N/A,#N/A N/A,#N/A N/A,#N/A N/A,#N/A N/A,#N/A N/A,#N/A N/A,#N/A N/A,#N/A N/A,#N/A N/A,13556.2348,11724.053,11109.3998,GUJARAT INDS POWER CO LTD,151.2512,73.45,5287.22,2840.385,44032.659
GIP IN Equity 2023,#N/A N/A,#N/A N/A,#N/A N/A,#N/A N/A,#N/A N/A,#N/A N/A,#N/A N/A,#N/A N/A,#N/A N/A,#N/A N/A,#N/A N/A,#N/A N/A,#N/A N/A,#N/A N/A,#N/A N/A,#N/A N/A,#N/A N/A,#N/A N/A,#N/A N/A,11855.1142,13555.649,11479.9652,GUJARAT INDS POWER CO LTD,151.2512,75.9,4933.129,4557.98,44870.41
GIP IN Equity 2024,#N/A N/A,#N/A N/A,#N/A N/A,#N/A N/A,#N/A N/A,#N/A N/A,#N/A N/A,#N/A N/A,#N/A N/A,#N/A N/A,#N/A N/A,#N/A N/A,#N/A N/A,#N/A N/A,#N/A N/A,#N/A N/A,#N/A N/A,#N/A N/A,#N/A N/A,24701.6242,13486.38,24661.5062,GUJARAT INDS POWER CO LTD,151.2512,163.05,6144.321,6104.203,52183.101
GFEPZ CH Equity 2018,#N/A N/A,#N/A N/A,#N/A N/A,#N/A N/A,#N/A N/A,#N/A N/A,#N/A N/A,#N/A N/A,#N/A N/A,#N/A N/A,#N/A N/A,#N/A N/A,#N/A N/A,#N/A N/A,#N/A N/A,#N/A N/A,#N/A N/A,#N/A N/A,#N/A N/A,#N/A N/A,#N/A N/A,#N/A N/A,GUANGXI ENERGY GROUP CO LTD,#N/A N/A,#N/A N/A,6167.2344,2551.99,16298.4717
GFEPZ CH Equity 2019,#N/A N/A,#N/A N/A,#N/A N/A,#N/A N/A,#N/A N/A,#N/A N/A,#N/A N/A,#N/A N/A,#N/A N/A,#N/A N/A,#N/A N/A,#N/A N/A,#N/A N/A,#N/A N/A,#N/A N/A,#N/A N/A,#N/A N/A,#N/A N/A,#N/A N/A,#N/A N/A,#N/A N/A,#N/A N/A,GUANGXI ENERGY GROUP CO LTD,#N/A N/A,#N/A N/A,8083.5564,2408.6666,22411.6411
GFEPZ CH Equity 2020,#N/A N/A,#N/A N/A,#N/A N/A,#N/A N/A,#N/A N/A,#N/A N/A,#N/A N/A,#N/A N/A,#N/A N/A,#N/A N/A,#N/A N/A,#N/A N/A,#N/A N/A,#N/A N/A,#N/A N/A,#N/A N/A,#N/A N/A,#N/A N/A,#N/A N/A,#N/A N/A,#N/A N/A,#N/A N/A,GUANGXI ENERGY GROUP CO LTD,#N/A N/A,#N/A N/A,24783.295,4798.6519,45261.7377
GFEPZ CH Equity 2021,#N/A N/A,#N/A N/A,#N/A N/A,#N/A N/A,#N/A N/A,#N/A N/A,#N/A N/A,#N/A N/A,#N/A N/A,#N/A N/A,#N/A N/A,#N/A N/A,#N/A N/A,#N/A N/A,#N/A N/A,#N/A N/A,#N/A N/A,#N/A N/A,#N/A N/A,#N/A N/A,#N/A N/A,#N/A N/A,GUANGXI ENERGY GROUP CO LTD,#N/A N/A,#N/A N/A,31587.2884,5581.0634,49939.5425
GFEPZ CH Equity 2022,#N/A N/A,#N/A N/A,#N/A N/A,#N/A N/A,#N/A N/A,#N/A N/A,#N/A N/A,#N/A N/A,#N/A N/A,#N/A N/A,#N/A N/A,#N/A N/A,#N/A N/A,#N/A N/A,#N/A N/A,#N/A N/A,#N/A N/A,#N/A N/A,#N/A N/A,#N/A N/A,#N/A N/A,#N/A N/A,GUANGXI ENERGY GROUP CO LTD,#N/A N/A,#N/A N/A,31372.2402,4851.2718,50077.1428
GFEPZ CH Equity 2023,#N/A N/A,#N/A N/A,#N/A N/A,#N/A N/A,#N/A N/A,#N/A N/A,#N/A N/A,#N/A N/A,#N/A N/A,#N/A N/A,#N/A N/A,#N/A N/A,#N/A N/A,#N/A N/A,#N/A N/A,#N/A N/A,#N/A N/A,#N/A N/A,#N/A N/A,#N/A N/A,#N/A N/A,#N/A N/A,GUANGXI ENERGY GROUP CO LTD,#N/A N/A,#N/A N/A,30229.8433,4588.8045,52510.9185
GFEPZ CH Equity 2024,#N/A N/A,#N/A N/A,#N/A N/A,#N/A N/A,#N/A N/A,#N/A N/A,#N/A N/A,#N/A N/A,#N/A N/A,#N/A N/A,#N/A N/A,#N/A N/A,#N/A N/A,#N/A N/A,#N/A N/A,#N/A N/A,#N/A N/A,#N/A N/A,#N/A N/A,#N/A N/A,#N/A N/A,#N/A N/A,GUANGXI ENERGY GROUP CO LTD,7063.5287,#N/A N/A,#N/A N/A,#N/A N/A,#N/A N/A
GXINVZ CH Equity 2018,#N/A N/A,#N/A N/A,#N/A N/A,#N/A N/A,#N/A N/A,#N/A N/A,#N/A N/A,#N/A N/A,#N/A N/A,#N/A N/A,#N/A N/A,#N/A N/A,#N/A N/A,#N/A N/A,#N/A N/A,#N/A N/A,#N/A N/A,#N/A N/A,#N/A N/A,#N/A N/A,#N/A N/A,#N/A N/A,GUANGXI INVESTMENT GROUP CO,#N/A N/A,#N/A N/A,295485.3033,-20599.0538,431214.6242
GXINVZ CH Equity 2019,#N/A N/A,#N/A N/A,#N/A N/A,#N/A N/A,#N/A N/A,#N/A N/A,#N/A N/A,#N/A N/A,#N/A N/A,#N/A N/A,#N/A N/A,#N/A N/A,#N/A N/A,#N/A N/A,#N/A N/A,#N/A N/A,#N/A N/A,#N/A N/A,#N/A N/A,#N/A N/A,#N/A N/A,#N/A N/A,GUANGXI INVESTMENT GROUP CO,#N/A N/A,#N/A N/A,337443.6678,81491.3158,490899.2979
GXINVZ CH Equity 2020,#N/A N/A,#N/A N/A,#N/A N/A,#N/A N/A,#N/A N/A,#N/A N/A,#N/A N/A,#N/A N/A,#N/A N/A,#N/A N/A,#N/A N/A,#N/A N/A,#N/A N/A,#N/A N/A,#N/A N/A,#N/A N/A,#N/A N/A,#N/A N/A,#N/A N/A,#N/A N/A,#N/A N/A,#N/A N/A,GUANGXI INVESTMENT GROUP CO,#N/A N/A,#N/A N/A,408953.4099,108739.1881,597833.6451
GXINVZ CH Equity 2021,#N/A N/A,#N/A N/A,#N/A N/A,#N/A N/A,#N/A N/A,#N/A N/A,#N/A N/A,#N/A N/A,#N/A N/A,#N/A N/A,#N/A N/A,#N/A N/A,#N/A N/A,#N/A N/A,#N/A N/A,#N/A N/A,#N/A N/A,#N/A N/A,#N/A N/A,#N/A N/A,#N/A N/A,#N/A N/A,GUANGXI INVESTMENT GROUP CO,#N/A N/A,#N/A N/A,454677.3354,144634.4239,669047.707
GXINVZ CH Equity 2022,#N/A N/A,#N/A N/A,#N/A N/A,#N/A N/A,#N/A N/A,#N/A N/A,#N/A N/A,#N/A N/A,#N/A N/A,#N/A N/A,#N/A N/A,#N/A N/A,#N/A N/A,#N/A N/A,#N/A N/A,#N/A N/A,#N/A N/A,#N/A N/A,#N/A N/A,#N/A N/A,#N/A N/A,#N/A N/A,GUANGXI INVESTMENT GROUP CO,#N/A N/A,#N/A N/A,515823.9342,147838.2162,749376.0914
GXINVZ CH Equity 2023,#N/A N/A,#N/A N/A,#N/A N/A,#N/A N/A,#N/A N/A,#N/A N/A,#N/A N/A,#N/A N/A,#N/A N/A,#N/A N/A,#N/A N/A,#N/A N/A,#N/A N/A,#N/A N/A,#N/A N/A,#N/A N/A,#N/A N/A,#N/A N/A,#N/A N/A,#N/A N/A,#N/A N/A,#N/A N/A,GUANGXI INVESTMENT GROUP CO,#N/A N/A,#N/A N/A,578577.6118,144588.2612,805887.9083
GXINVZ CH Equity 2024,#N/A N/A,#N/A N/A,#N/A N/A,#N/A N/A,#N/A N/A,#N/A N/A,#N/A N/A,#N/A N/A,#N/A N/A,#N/A N/A,#N/A N/A,#N/A N/A,#N/A N/A,#N/A N/A,#N/A N/A,#N/A N/A,#N/A N/A,#N/A N/A,#N/A N/A,#N/A N/A,#N/A N/A,#N/A N/A,GUANGXI INVESTMENT GROUP CO,#N/A N/A,#N/A N/A,#N/A N/A,#N/A N/A,#N/A N/A
GPOWRZ CH Equity 2018,#N/A N/A,#N/A N/A,#N/A N/A,#N/A N/A,#N/A N/A,#N/A N/A,#N/A N/A,#N/A N/A,#N/A N/A,#N/A N/A,#N/A N/A,#N/A N/A,#N/A N/A,#N/A N/A,#N/A N/A,#N/A N/A,#N/A N/A,#N/A N/A,#N/A N/A,#N/A N/A,#N/A N/A,#N/A N/A,GUANGDONG ENERGY GROUP CO LT,#N/A N/A,#N/A N/A,56083.9663,12571.5218,145384.112
GPOWRZ CH Equity 2019,#N/A N/A,#N/A N/A,#N/A N/A,#N/A N/A,#N/A N/A,#N/A N/A,#N/A N/A,#N/A N/A,#N/A N/A,#N/A N/A,#N/A N/A,#N/A N/A,#N/A N/A,#N/A N/A,#N/A N/A,#N/A N/A,#N/A N/A,#N/A N/A,#N/A N/A,#N/A N/A,#N/A N/A,#N/A N/A,GUANGDONG ENERGY GROUP CO LT,#N/A N/A,#N/A N/A,57394.5036,9775.443,145624.9548
GPOWRZ CH Equity 2020,#N/A N/A,#N/A N/A,#N/A N/A,#N/A N/A,#N/A N/A,#N/A N/A,#N/A N/A,#N/A N/A,#N/A N/A,#N/A N/A,#N/A N/A,#N/A N/A,#N/A N/A,#N/A N/A,#N/A N/A,#N/A N/A,#N/A N/A,#N/A N/A,#N/A N/A,#N/A N/A,#N/A N/A,#N/A N/A,GUANGDONG ENERGY GROUP CO LT,#N/A N/A,#N/A N/A,62097.2091,6547.7873,159556.0536
GPOWRZ CH Equity 2021,#N/A N/A,#N/A N/A,#N/A N/A,#N/A N/A,#N/A N/A,#N/A N/A,#N/A N/A,#N/A N/A,#N/A N/A,#N/A N/A,#N/A N/A,#N/A N/A,#N/A N/A,#N/A N/A,#N/A N/A,#N/A N/A,#N/A N/A,#N/A N/A,#N/A N/A,#N/A N/A,#N/A N/A,#N/A N/A,GUANGDONG ENERGY GROUP CO LT,#N/A N/A,#N/A N/A,92977.5365,10924.2134,195409.1779
GPOWRZ CH Equity 2022,#N/A N/A,#N/A N/A,#N/A N/A,#N/A N/A,#N/A N/A,#N/A N/A,#N/A N/A,#N/A N/A,#N/A N/A,#N/A N/A,#N/A N/A,#N/A N/A,#N/A N/A,#N/A N/A,#N/A N/A,#N/A N/A,#N/A N/A,#N/A N/A,#N/A N/A,#N/A N/A,#N/A N/A,#N/A N/A,GUANGDONG ENERGY GROUP CO LT,#N/A N/A,#N/A N/A,116768.1717,12517.9474,227513.3842
GPOWRZ CH Equity 2023,#N/A N/A,#N/A N/A,#N/A N/A,#N/A N/A,#N/A N/A,#N/A N/A,#N/A N/A,#N/A N/A,#N/A N/A,#N/A N/A,#N/A N/A,#N/A N/A,#N/A N/A,#N/A N/A,#N/A N/A,#N/A N/A,#N/A N/A,#N/A N/A,#N/A N/A,#N/A N/A,#N/A N/A,#N/A N/A,GUANGDONG ENERGY GROUP CO LT,#N/A N/A,#N/A N/A,140889.6433,18035.4877,276114.8552
GPOWRZ CH Equity 2024,#N/A N/A,#N/A N/A,#N/A N/A,#N/A N/A,#N/A N/A,#N/A N/A,#N/A N/A,#N/A N/A,#N/A N/A,#N/A N/A,#N/A N/A,#N/A N/A,#N/A N/A,#N/A N/A,#N/A N/A,#N/A N/A,#N/A N/A,#N/A N/A,#N/A N/A,#N/A N/A,#N/A N/A,#N/A N/A,GUANGDONG ENERGY GROUP CO LT,#N/A N/A,#N/A N/A,#N/A N/A,#N/A N/A,#N/A N/A
GHIHCZ CH Equity 2018,#N/A N/A,#N/A N/A,#N/A N/A,#N/A N/A,#N/A N/A,#N/A N/A,#N/A N/A,#N/A N/A,#N/A N/A,#N/A N/A,#N/A N/A,#N/A N/A,#N/A N/A,#N/A N/A,#N/A N/A,#N/A N/A,#N/A N/A,#N/A N/A,#N/A N/A,#N/A N/A,#N/A N/A,#N/A N/A,GUANGDONG HENGJIAN INVESTMEN,#N/A N/A,#N/A N/A,87702.0062,16408.6013,278783.0266
GHIHCZ CH Equity 2019,#N/A N/A,#N/A N/A,#N/A N/A,#N/A N/A,#N/A N/A,#N/A N/A,#N/A N/A,#N/A N/A,#N/A N/A,#N/A N/A,#N/A N/A,#N/A N/A,#N/A N/A,#N/A N/A,#N/A N/A,#N/A N/A,#N/A N/A,#N/A N/A,#N/A N/A,#N/A N/A,#N/A N/A,#N/A N/A,GUANGDONG HENGJIAN INVESTMEN,20717,#N/A N/A,97304.5145,15503.6941,290230.0998
GHIHCZ CH Equity 2020,#N/A N/A,#N/A N/A,#N/A N/A,#N/A N/A,#N/A N/A,#N/A N/A,#N/A N/A,#N/A N/A,#N/A N/A,#N/A N/A,#N/A N/A,#N/A N/A,#N/A N/A,#N/A N/A,#N/A N/A,#N/A N/A,#N/A N/A,#N/A N/A,#N/A N/A,#N/A N/A,#N/A N/A,#N/A N/A,GUANGDONG HENGJIAN INVESTMEN,#N/A N/A,#N/A N/A,103342.4765,15973.4981,310240.6707
GHIHCZ CH Equity 2021,#N/A N/A,#N/A N/A,#N/A N/A,#N/A N/A,#N/A N/A,#N/A N/A,#N/A N/A,#N/A N/A,#N/A N/A,#N/A N/A,#N/A N/A,#N/A N/A,#N/A N/A,#N/A N/A,#N/A N/A,#N/A N/A,#N/A N/A,#N/A N/A,#N/A N/A,#N/A N/A,#N/A N/A,#N/A N/A,GUANGDONG HENGJIAN INVESTMEN,#N/A N/A,#N/A N/A,145762.6971,23894.5661,354323.5842
GHIHCZ CH Equity 2022,#N/A N/A,#N/A N/A,#N/A N/A,#N/A N/A,#N/A N/A,#N/A N/A,#N/A N/A,#N/A N/A,#N/A N/A,#N/A N/A,#N/A N/A,#N/A N/A,#N/A N/A,#N/A N/A,#N/A N/A,#N/A N/A,#N/A N/A,#N/A N/A,#N/A N/A,#N/A N/A,#N/A N/A,#N/A N/A,GUANGDONG HENGJIAN INVESTMEN,#N/A N/A,#N/A N/A,168311.9166,22495.8381,410193.2841
GHIHCZ CH Equity 2023,#N/A N/A,#N/A N/A,#N/A N/A,#N/A N/A,#N/A N/A,#N/A N/A,#N/A N/A,#N/A N/A,#N/A N/A,#N/A N/A,#N/A N/A,#N/A N/A,#N/A N/A,#N/A N/A,#N/A N/A,#N/A N/A,#N/A N/A,#N/A N/A,#N/A N/A,#N/A N/A,#N/A N/A,#N/A N/A,GUANGDONG HENGJIAN INVESTMEN,#N/A N/A,#N/A N/A,181343.9691,26444.5972,458926.0424
GHIHCZ CH Equity 2024,#N/A N/A,#N/A N/A,#N/A N/A,#N/A N/A,#N/A N/A,#N/A N/A,#N/A N/A,#N/A N/A,#N/A N/A,#N/A N/A,#N/A N/A,#N/A N/A,#N/A N/A,#N/A N/A,#N/A N/A,#N/A N/A,#N/A N/A,#N/A N/A,#N/A N/A,#N/A N/A,#N/A N/A,#N/A N/A,GUANGDONG HENGJIAN INVESTMEN,#N/A N/A,#N/A N/A,#N/A N/A,#N/A N/A,#N/A N/A
GRSM GR Equity 2018,#N/A N/A,#N/A N/A,#N/A N/A,#N/A N/A,#N/A N/A,#N/A N/A,#N/A N/A,#N/A N/A,#N/A N/A,#N/A N/A,#N/A N/A,#N/A N/A,#N/A N/A,#N/A N/A,#N/A N/A,#N/A N/A,#N/A N/A,#N/A N/A,#N/A N/A,#N/A N/A,#N/A N/A,#N/A N/A,GROSSKRAFTWERK MANNHEIM AG,#N/A N/A,#N/A N/A,929.62,1.298,1778.178
GRSM GR Equity 2019,#N/A N/A,#N/A N/A,#N/A N/A,#N/A N/A,#N/A N/A,#N/A N/A,#N/A N/A,#N/A N/A,#N/A N/A,#N/A N/A,#N/A N/A,#N/A N/A,#N/A N/A,#N/A N/A,#N/A N/A,#N/A N/A,#N/A N/A,#N/A N/A,#N/A N/A,#N/A N/A,#N/A N/A,#N/A N/A,GROSSKRAFTWERK MANNHEIM AG,#N/A N/A,#N/A N/A,818.903,7.028,1654.96
GRSM GR Equity 2020,#N/A N/A,#N/A N/A,#N/A N/A,#N/A N/A,#N/A N/A,#N/A N/A,#N/A N/A,#N/A N/A,#N/A N/A,#N/A N/A,#N/A N/A,#N/A N/A,#N/A N/A,#N/A N/A,#N/A N/A,#N/A N/A,#N/A N/A,#N/A N/A,#N/A N/A,#N/A N/A,#N/A N/A,#N/A N/A,GROSSKRAFTWERK MANNHEIM AG,#N/A N/A,#N/A N/A,674.87,0.336,1582.255
GRSM GR Equity 2021,#N/A N/A,#N/A N/A,#N/A N/A,#N/A N/A,#N/A N/A,#N/A N/A,#N/A N/A,#N/A N/A,#N/A N/A,#N/A N/A,#N/A N/A,#N/A N/A,#N/A N/A,#N/A N/A,#N/A N/A,#N/A N/A,#N/A N/A,#N/A N/A,#N/A N/A,#N/A N/A,#N/A N/A,#N/A N/A,GROSSKRAFTWERK MANNHEIM AG,#N/A N/A,#N/A N/A,554.488,0.264,1843.619
GRSM GR Equity 2022,#N/A N/A,#N/A N/A,#N/A N/A,#N/A N/A,#N/A N/A,#N/A N/A,#N/A N/A,#N/A N/A,#N/A N/A,#N/A N/A,#N/A N/A,#N/A N/A,#N/A N/A,#N/A N/A,#N/A N/A,#N/A N/A,#N/A N/A,#N/A N/A,#N/A N/A,#N/A N/A,#N/A N/A,#N/A N/A,GROSSKRAFTWERK MANNHEIM AG,#N/A N/A,#N/A N/A,412.796,36.182,1976.877
GRSM GR Equity 2023,#N/A N/A,#N/A N/A,#N/A N/A,#N/A N/A,#N/A N/A,#N/A N/A,#N/A N/A,#N/A N/A,#N/A N/A,#N/A N/A,#N/A N/A,#N/A N/A,#N/A N/A,#N/A N/A,#N/A N/A,#N/A N/A,#N/A N/A,#N/A N/A,#N/A N/A,#N/A N/A,#N/A N/A,#N/A N/A,GROSSKRAFTWERK MANNHEIM AG,#N/A N/A,#N/A N/A,325.466,0.177,1559.736
GRSM GR Equity 2024,#N/A N/A,#N/A N/A,#N/A N/A,#N/A N/A,#N/A N/A,#N/A N/A,#N/A N/A,#N/A N/A,#N/A N/A,#N/A N/A,#N/A N/A,#N/A N/A,#N/A N/A,#N/A N/A,#N/A N/A,#N/A N/A,#N/A N/A,#N/A N/A,#N/A N/A,#N/A N/A,#N/A N/A,#N/A N/A,GROSSKRAFTWERK MANNHEIM AG,#N/A N/A,#N/A N/A,134.65,5.05,1413.691
GND SJ Equity 2018,119.017,15.41,35.183,0.23,#N/A N/A,25.63,#N/A N/A,0.78,1.392,7.15,#N/A N/A,#N/A N/A,#N/A N/A,#N/A N/A,#N/A N/A,#N/A N/A,#N/A N/A,#N/A N/A,#N/A N/A,2996.3392,3423.534,4183.6482,GRINDROD LTD,751.877,615,5662.752,6902.341,27574.483
GND SJ Equity 2019,21.781,11.235,44.443,#N/A N/A,#N/A N/A,#N/A N/A,#N/A N/A,#N/A N/A,#N/A N/A,#N/A N/A,#N/A N/A,#N/A N/A,#N/A N/A,#N/A N/A,#N/A N/A,#N/A N/A,#N/A N/A,#N/A N/A,#N/A N/A,2316.3895,3873.058,3421.8285,GRINDROD LTD,680.442,503,6175.005,7208.791,27724.027
GND SJ Equity 2020,26.637,10.263,6.872,#N/A N/A,#N/A N/A,#N/A N/A,#N/A N/A,#N/A N/A,#N/A N/A,#N/A N/A,#N/A N/A,#N/A N/A,#N/A N/A,#N/A N/A,#N/A N/A,#N/A N/A,#N/A N/A,#N/A N/A,#N/A N/A,3423.3943,3751.156,3391.2063,GRINDROD LTD,676.64,505,4498.383,4316.061,23604.61
GND SJ Equity 2021,19.357,11.409,8.033,#N/A N/A,#N/A N/A,#N/A N/A,#N/A N/A,#N/A N/A,#N/A N/A,#N/A N/A,#N/A N/A,#N/A N/A,#N/A N/A,#N/A N/A,#N/A N/A,#N/A N/A,#N/A N/A,#N/A N/A,#N/A N/A,670.3226,#N/A N/A,3299.3136,GRINDROD LTD,670.933,495,3859.159,6443.446,25151.52
GND SJ Equity 2022,22.611,9.956,9.658,#N/A N/A,#N/A N/A,#N/A N/A,#N/A N/A,#N/A N/A,#N/A N/A,#N/A N/A,#N/A N/A,#N/A N/A,#N/A N/A,#N/A N/A,#N/A N/A,#N/A N/A,#N/A N/A,#N/A N/A,#N/A N/A,6520.627,5883.735,6672.96,GRINDROD LTD,666.86,1000,2515.095,2605.514,13829.498
GND SJ Equity 2023,23.658,13.991,9.935,#N/A N/A,#N/A N/A,#N/A N/A,#N/A N/A,#N/A N/A,#N/A N/A,#N/A N/A,#N/A N/A,#N/A N/A,#N/A N/A,#N/A N/A,#N/A N/A,#N/A N/A,#N/A N/A,#N/A N/A,#N/A N/A,7699.6476,4845.572,7652.5296,GRINDROD LTD,667.223,1146,2622.863,2522.245,14572.072
GND SJ Equity 2024,24.665,18.126,14.558,#N/A N/A,#N/A N/A,#N/A N/A,#N/A N/A,#N/A N/A,#N/A N/A,#N/A N/A,#N/A N/A,#N/A N/A,#N/A N/A,#N/A N/A,#N/A N/A,#N/A N/A,#N/A N/A,#N/A N/A,#N/A N/A,8213.386,4976.24,7988.084,GRINDROD LTD,667.339,1196,2794.592,2515.085,14760.554
GMRPUI IN Equity 2018,#N/A N/A,#N/A N/A,#N/A N/A,#N/A N/A,#N/A N/A,#N/A N/A,#N/A N/A,#N/A N/A,#N/A N/A,#N/A N/A,#N/A N/A,#N/A N/A,#N/A N/A,#N/A N/A,#N/A N/A,#N/A N/A,#N/A N/A,#N/A N/A,#N/A N/A,#N/A N/A,#N/A N/A,#N/A N/A,GMR POWER AND URBAN INFRA LT,#N/A N/A,#N/A N/A,#N/A N/A,#N/A N/A,#N/A N/A
GMRPUI IN Equity 2019,#N/A N/A,#N/A N/A,#N/A N/A,#N/A N/A,#N/A N/A,#N/A N/A,#N/A N/A,#N/A N/A,#N/A N/A,#N/A N/A,#N/A N/A,#N/A N/A,#N/A N/A,#N/A N/A,#N/A N/A,#N/A N/A,#N/A N/A,#N/A N/A,#N/A N/A,#N/A N/A,#N/A N/A,#N/A N/A,GMR POWER AND URBAN INFRA LT,#N/A N/A,#N/A N/A,#N/A N/A,#N/A N/A,#N/A N/A
GMRPUI IN Equity 2020,#N/A N/A,#N/A N/A,#N/A N/A,#N/A N/A,#N/A N/A,#N/A N/A,#N/A N/A,#N/A N/A,#N/A N/A,#N/A N/A,#N/A N/A,#N/A N/A,#N/A N/A,#N/A N/A,#N/A N/A,#N/A N/A,#N/A N/A,#N/A N/A,#N/A N/A,#N/A N/A,#N/A N/A,#N/A N/A,GMR POWER AND URBAN INFRA LT,#N/A N/A,#N/A N/A,#N/A N/A,#N/A N/A,#N/A N/A
GMRPUI IN Equity 2021,#N/A N/A,#N/A N/A,#N/A N/A,#N/A N/A,#N/A N/A,#N/A N/A,#N/A N/A,#N/A N/A,#N/A N/A,#N/A N/A,#N/A N/A,#N/A N/A,#N/A N/A,#N/A N/A,#N/A N/A,#N/A N/A,#N/A N/A,#N/A N/A,#N/A N/A,#N/A N/A,#N/A N/A,#N/A N/A,GMR POWER AND URBAN INFRA LT,#N/A N/A,#N/A N/A,#N/A N/A,#N/A N/A,#N/A N/A
GMRPUI IN Equity 2022,#N/A N/A,#N/A N/A,#N/A N/A,#N/A N/A,#N/A N/A,#N/A N/A,#N/A N/A,#N/A N/A,#N/A N/A,#N/A N/A,#N/A N/A,#N/A N/A,#N/A N/A,#N/A N/A,#N/A N/A,#N/A N/A,#N/A N/A,#N/A N/A,#N/A N/A,117900.4761,38359.8,20280.7761,GMR POWER AND URBAN INFRA LT,603.5945,33.6,104131.1,5830.5,140726.4
GMRPUI IN Equity 2023,#N/A N/A,#N/A N/A,#N/A N/A,#N/A N/A,#N/A N/A,#N/A N/A,#N/A N/A,#N/A N/A,#N/A N/A,#N/A N/A,#N/A N/A,#N/A N/A,#N/A N/A,#N/A N/A,#N/A N/A,#N/A N/A,#N/A N/A,#N/A N/A,#N/A N/A,79989.3327,55246.9,9627.3327,GMR POWER AND URBAN INFRA LT,603.5945,15.95,82157.4,10594.2,118025.3
GMRPUI IN Equity 2024,#N/A N/A,#N/A N/A,#N/A N/A,#N/A N/A,#N/A N/A,#N/A N/A,#N/A N/A,#N/A N/A,#N/A N/A,#N/A N/A,#N/A N/A,#N/A N/A,#N/A N/A,#N/A N/A,#N/A N/A,#N/A N/A,#N/A N/A,#N/A N/A,#N/A N/A,154780.0255,44889.8,25864.0255,GMR POWER AND URBAN INFRA LT,603.5945,42.85,138756.1,9189.2,194687
GMRPUI IN Equity 2018,#N/A N/A,#N/A N/A,#N/A N/A,#N/A N/A,#N/A N/A,#N/A N/A,#N/A N/A,#N/A N/A,#N/A N/A,#N/A N/A,#N/A N/A,#N/A N/A,#N/A N/A,#N/A N/A,#N/A N/A,#N/A N/A,#N/A N/A,#N/A N/A,#N/A N/A,#N/A N/A,#N/A N/A,#N/A N/A,GMR POWER AND URBAN INFRA LT,#N/A N/A,#N/A N/A,#N/A N/A,#N/A N/A,#N/A N/A
GMRPUI IN Equity 2019,#N/A N/A,#N/A N/A,#N/A N/A,#N/A N/A,#N/A N/A,#N/A N/A,#N/A N/A,#N/A N/A,#N/A N/A,#N/A N/A,#N/A N/A,#N/A N/A,#N/A N/A,#N/A N/A,#N/A N/A,#N/A N/A,#N/A N/A,#N/A N/A,#N/A N/A,#N/A N/A,#N/A N/A,#N/A N/A,GMR POWER AND URBAN INFRA LT,#N/A N/A,#N/A N/A,#N/A N/A,#N/A N/A,#N/A N/A
GMRPUI IN Equity 2020,#N/A N/A,#N/A N/A,#N/A N/A,#N/A N/A,#N/A N/A,#N/A N/A,#N/A N/A,#N/A N/A,#N/A N/A,#N/A N/A,#N/A N/A,#N/A N/A,#N/A N/A,#N/A N/A,#N/A N/A,#N/A N/A,#N/A N/A,#N/A N/A,#N/A N/A,#N/A N/A,#N/A N/A,#N/A N/A,GMR POWER AND URBAN INFRA LT,#N/A N/A,#N/A N/A,#N/A N/A,#N/A N/A,#N/A N/A
GMRPUI IN Equity 2021,#N/A N/A,#N/A N/A,#N/A N/A,#N/A N/A,#N/A N/A,#N/A N/A,#N/A N/A,#N/A N/A,#N/A N/A,#N/A N/A,#N/A N/A,#N/A N/A,#N/A N/A,#N/A N/A,#N/A N/A,#N/A N/A,#N/A N/A,#N/A N/A,#N/A N/A,#N/A N/A,#N/A N/A,#N/A N/A,GMR POWER AND URBAN INFRA LT,#N/A N/A,#N/A N/A,#N/A N/A,#N/A N/A,#N/A N/A
GMRPUI IN Equity 2022,#N/A N/A,#N/A N/A,#N/A N/A,#N/A N/A,#N/A N/A,#N/A N/A,#N/A N/A,#N/A N/A,#N/A N/A,#N/A N/A,#N/A N/A,#N/A N/A,#N/A N/A,#N/A N/A,#N/A N/A,#N/A N/A,#N/A N/A,#N/A N/A,#N/A N/A,117900.4761,38359.8,20280.7761,GMR POWER AND URBAN INFRA LT,603.5945,33.6,104131.1,5830.5,140726.4
GMRPUI IN Equity 2023,#N/A N/A,#N/A N/A,#N/A N/A,#N/A N/A,#N/A N/A,#N/A N/A,#N/A N/A,#N/A N/A,#N/A N/A,#N/A N/A,#N/A N/A,#N/A N/A,#N/A N/A,#N/A N/A,#N/A N/A,#N/A N/A,#N/A N/A,#N/A N/A,#N/A N/A,79989.3327,55246.9,9627.3327,GMR POWER AND URBAN INFRA LT,603.5945,15.95,82157.4,10594.2,118025.3
GMRPUI IN Equity 2024,#N/A N/A,#N/A N/A,#N/A N/A,#N/A N/A,#N/A N/A,#N/A N/A,#N/A N/A,#N/A N/A,#N/A N/A,#N/A N/A,#N/A N/A,#N/A N/A,#N/A N/A,#N/A N/A,#N/A N/A,#N/A N/A,#N/A N/A,#N/A N/A,#N/A N/A,154780.0255,44889.8,25864.0255,GMR POWER AND URBAN INFRA LT,603.5945,42.85,138756.1,9189.2,194687
GLTR LI Equity 2018,166.129,2.589,#N/A N/A,#N/A N/A,#N/A N/A,#N/A N/A,#N/A N/A,#N/A N/A,#N/A N/A,#N/A N/A,#N/A N/A,#N/A N/A,#N/A N/A,#N/A N/A,#N/A N/A,#N/A N/A,#N/A N/A,#N/A N/A,#N/A N/A,136807.2725,60859,112310.8715,GLOBALTRA-SPONS GDR REG S,178.741,9.06,25728.911,7129.918,91217.322
GLTR LI Equity 2019,161.299,1.69,#N/A N/A,#N/A N/A,#N/A N/A,#N/A N/A,#N/A N/A,#N/A N/A,#N/A N/A,#N/A N/A,#N/A N/A,#N/A N/A,#N/A N/A,#N/A N/A,#N/A N/A,#N/A N/A,#N/A N/A,#N/A N/A,#N/A N/A,128893.2057,68840,98141.4177,GLOBALTRA-SPONS GDR REG S,178.741,8.85,31626.101,6521.543,99574.549
GLTR LI Equity 2020,138.198,1.474,#N/A N/A,#N/A N/A,#N/A N/A,#N/A N/A,#N/A N/A,#N/A N/A,#N/A N/A,#N/A N/A,#N/A N/A,#N/A N/A,#N/A N/A,#N/A N/A,#N/A N/A,#N/A N/A,#N/A N/A,#N/A N/A,#N/A N/A,113634.7058,54934,79266.5878,GLOBALTRA-SPONS GDR REG S,178.705,5.98,33419.835,4978.322,98327.207
GLTR LI Equity 2021,153.871,1.551,#N/A N/A,#N/A N/A,#N/A N/A,#N/A N/A,#N/A N/A,#N/A N/A,#N/A N/A,#N/A N/A,#N/A N/A,#N/A N/A,#N/A N/A,#N/A N/A,#N/A N/A,#N/A N/A,#N/A N/A,#N/A N/A,#N/A N/A,144846.8783,58492,114283.6853,GLOBALTRA-SPONS GDR REG S,178.664,8.52,37160.043,12854.707,108284.996
GLTR LI Equity 2022,140.352,1.56,#N/A N/A,#N/A N/A,#N/A N/A,#N/A N/A,#N/A N/A,#N/A N/A,#N/A N/A,#N/A N/A,#N/A N/A,#N/A N/A,#N/A N/A,#N/A N/A,#N/A N/A,#N/A N/A,#N/A N/A,#N/A N/A,#N/A N/A,#N/A N/A,#N/A N/A,#N/A N/A,GLOBALTRA-SPONS GDR REG S,178.382,0.88,24843.446,16052.345,110154.102
GLTR LI Equity 2023,136.865,1.54,#N/A N/A,#N/A N/A,#N/A N/A,#N/A N/A,#N/A N/A,#N/A N/A,#N/A N/A,#N/A N/A,#N/A N/A,#N/A N/A,#N/A N/A,#N/A N/A,#N/A N/A,#N/A N/A,#N/A N/A,#N/A N/A,#N/A N/A,#N/A N/A,#N/A N/A,#N/A N/A,GLOBALTRA-SPONS GDR REG S,178.318,#N/A N/A,18473.191,42776.832,130385.766
GLTR LI Equity 2024,#N/A N/A,#N/A N/A,#N/A N/A,#N/A N/A,#N/A N/A,#N/A N/A,#N/A N/A,#N/A N/A,#N/A N/A,#N/A N/A,#N/A N/A,#N/A N/A,#N/A N/A,#N/A N/A,#N/A N/A,#N/A N/A,#N/A N/A,#N/A N/A,#N/A N/A,#N/A N/A,#N/A N/A,#N/A N/A,GLOBALTRA-SPONS GDR REG S,172.893,#N/A N/A,9065.464,46080.128,148522.253
GLOW TB Equity 2018,11534.9,#N/A N/A,#N/A N/A,#N/A N/A,#N/A N/A,#N/A N/A,#N/A N/A,#N/A N/A,#N/A N/A,#N/A N/A,#N/A N/A,#N/A N/A,#N/A N/A,#N/A N/A,#N/A N/A,#N/A N/A,#N/A N/A,#N/A N/A,#N/A N/A,166186.627,52686.931,130194.9881,GLOW ENERGY PCL,1462.865,89,36397.2223,10042.1519,104428.0603
GLOW TB Equity 2019,#N/A N/A,#N/A N/A,#N/A N/A,#N/A N/A,#N/A N/A,#N/A N/A,#N/A N/A,#N/A N/A,#N/A N/A,#N/A N/A,#N/A N/A,#N/A N/A,#N/A N/A,#N/A N/A,#N/A N/A,#N/A N/A,#N/A N/A,#N/A N/A,#N/A N/A,#N/A N/A,#N/A N/A,#N/A N/A,GLOW ENERGY PCL,#N/A N/A,#N/A N/A,#N/A N/A,#N/A N/A,#N/A N/A
GLOW TB Equity 2020,#N/A N/A,#N/A N/A,#N/A N/A,#N/A N/A,#N/A N/A,#N/A N/A,#N/A N/A,#N/A N/A,#N/A N/A,#N/A N/A,#N/A N/A,#N/A N/A,#N/A N/A,#N/A N/A,#N/A N/A,#N/A N/A,#N/A N/A,#N/A N/A,#N/A N/A,#N/A N/A,#N/A N/A,#N/A N/A,GLOW ENERGY PCL,#N/A N/A,#N/A N/A,#N/A N/A,#N/A N/A,#N/A N/A
GLOW TB Equity 2021,#N/A N/A,#N/A N/A,#N/A N/A,#N/A N/A,#N/A N/A,#N/A N/A,#N/A N/A,#N/A N/A,#N/A N/A,#N/A N/A,#N/A N/A,#N/A N/A,#N/A N/A,#N/A N/A,#N/A N/A,#N/A N/A,#N/A N/A,#N/A N/A,#N/A N/A,#N/A N/A,#N/A N/A,#N/A N/A,GLOW ENERGY PCL,#N/A N/A,#N/A N/A,#N/A N/A,#N/A N/A,#N/A N/A
GLOW TB Equity 2022,#N/A N/A,#N/A N/A,#N/A N/A,#N/A N/A,#N/A N/A,#N/A N/A,#N/A N/A,#N/A N/A,#N/A N/A,#N/A N/A,#N/A N/A,#N/A N/A,#N/A N/A,#N/A N/A,#N/A N/A,#N/A N/A,#N/A N/A,#N/A N/A,#N/A N/A,#N/A N/A,#N/A N/A,#N/A N/A,GLOW ENERGY PCL,#N/A N/A,#N/A N/A,#N/A N/A,#N/A N/A,#N/A N/A
GLOW TB Equity 2023,#N/A N/A,#N/A N/A,#N/A N/A,#N/A N/A,#N/A N/A,#N/A N/A,#N/A N/A,#N/A N/A,#N/A N/A,#N/A N/A,#N/A N/A,#N/A N/A,#N/A N/A,#N/A N/A,#N/A N/A,#N/A N/A,#N/A N/A,#N/A N/A,#N/A N/A,#N/A N/A,#N/A N/A,#N/A N/A,GLOW ENERGY PCL,#N/A N/A,#N/A N/A,#N/A N/A,#N/A N/A,#N/A N/A
GLOW TB Equity 2024,#N/A N/A,#N/A N/A,#N/A N/A,#N/A N/A,#N/A N/A,#N/A N/A,#N/A N/A,#N/A N/A,#N/A N/A,#N/A N/A,#N/A N/A,#N/A N/A,#N/A N/A,#N/A N/A,#N/A N/A,#N/A N/A,#N/A N/A,#N/A N/A,#N/A N/A,#N/A N/A,#N/A N/A,#N/A N/A,GLOW ENERGY PCL,#N/A N/A,#N/A N/A,#N/A N/A,#N/A N/A,#N/A N/A
GPSC TB Equity 2018,11905.1,17.631,495.331,0,0,341.067,0.07,0,0.904,0,#N/A N/A,0,#N/A N/A,#N/A N/A,#N/A N/A,#N/A N/A,#N/A N/A,#N/A N/A,153.29,102590.334,24777.4047,87650.6085,GLOBAL POWER SYNERGY PCL,1681.8421,52.116,17504.0179,4921.4056,64439.0234
GPSC TB Equity 2019,11198.8,12.645,322.001,0,0,321.555,0.112,0,0.334,0,#N/A N/A,0,#N/A N/A,#N/A N/A,#N/A N/A,#N/A N/A,#N/A N/A,#N/A N/A,#N/A N/A,337109.0486,66562.497,241791.7932,GLOBAL POWER SYNERGY PCL,1802,85.75,106087.8567,20053.2805,252016.6158
GPSC TB Equity 2020,11177.9,20.522,327.078,0,0,326.913,0.096,0,0.069,0,#N/A N/A,0,0,0,#N/A N/A,#N/A N/A,#N/A N/A,#N/A N/A,#N/A N/A,301266.0247,69577.9765,207955.0408,GLOBAL POWER SYNERGY PCL,2819,73.75,107168.2103,22823.2064,256656.3184
GPSC TB Equity 2021,11844.9,22.726,1393.96,0,0,1386.33,1.913,5.208,0.004,0,#N/A N/A,0.505,#N/A N/A,#N/A N/A,#N/A N/A,#N/A N/A,#N/A N/A,#N/A N/A,#N/A N/A,354355.0223,74873,250250.9813,GLOBAL POWER SYNERGY PCL,2819,88.75,112271.376,17580.5959,270795.9132
GPSC TB Equity 2022,12680.8,27.851,1555.1,0,0,1550.32,0,4.686,0.088,0,#N/A N/A,0,#N/A N/A,#N/A N/A,#N/A N/A,#N/A N/A,#N/A N/A,#N/A N/A,#N/A N/A,332485.6967,123685.0967,205840.2438,GLOBAL POWER SYNERGY PCL,2819,73,131274.8431,14999.6532,288810.0934
GPSC TB Equity 2023,8543.5,29.142,1051.28,0,0,1046.46,0,4.731,0.086,0,#N/A N/A,0,#N/A N/A,#N/A N/A,#N/A N/A,#N/A N/A,#N/A N/A,#N/A N/A,#N/A N/A,266268.5669,90303.2732,136756.8743,GLOBAL POWER SYNERGY PCL,2819,48.5,130809.6197,13842.3783,285889.4972
GPSC TB Equity 2024,11655.2,25.021,2357.07,#N/A N/A,#N/A N/A,#N/A N/A,#N/A N/A,#N/A N/A,#N/A N/A,#N/A N/A,#N/A N/A,#N/A N/A,#N/A N/A,#N/A N/A,#N/A N/A,#N/A N/A,#N/A N/A,#N/A N/A,#N/A N/A,226860.0415,90730,107854.6483,GLOBAL POWER SYNERGY PCL,2819,38.25,133493.3445,26072.0243,288136.0488
GLEN LN Equity 2018,18488,11810,313070,782,#N/A N/A,930,661,#N/A N/A,#N/A N/A,#N/A N/A,#N/A N/A,661,11180,296246,#N/A N/A,#N/A N/A,#N/A N/A,2546,#N/A N/A,83960.6315,219754,51367.6315,GLENCORE PLC,14151.826,291.35,34994,2046,128672
GLEN LN Equity 2019,20663,13200,512039,11763,2244,4918,5661,#N/A N/A,#N/A N/A,#N/A N/A,#N/A N/A,3391,17883,431312,#N/A N/A,#N/A N/A,#N/A N/A,34868,#N/A N/A,75697.1368,215111,41591.1368,GLENCORE PLC,13684.091,235.35,37043,1899,124076
GLEN LN Equity 2020,16426,10299,408125,9241,1373,4253,5015,#N/A N/A,#N/A N/A,#N/A N/A,#N/A N/A,2823,16620,333992,#N/A N/A,#N/A N/A,#N/A N/A,34808,#N/A N/A,75126.4158,142338,42380.4158,GLENCORE PLC,13216.886,233,37479,1498,118000
GLEN LN Equity 2021,17128,11792,407316,9909,1946,4651,5203,#N/A N/A,#N/A N/A,#N/A N/A,#N/A N/A,3068,17395,330891,#N/A N/A,#N/A N/A,#N/A N/A,34253,#N/A N/A,94850.5589,203751,66464.5589,GLENCORE PLC,13204.101,374.95,34641,3241,127510
GLEN LN Equity 2022,17378,11746,363349,10700,1560,4734,5199,#N/A N/A,#N/A N/A,#N/A N/A,#N/A N/A,2562,13902,293317,#N/A N/A,#N/A N/A,#N/A N/A,31374,1,107969.7096,255984,85306.7096,GLENCORE PLC,13042.304,552.4,28777,1923,132583
GLEN LN Equity 2023,18089,9556,401842,12544,1847,4298,5568,#N/A N/A,#N/A N/A,#N/A N/A,#N/A N/A,2644,15328,324888,#N/A N/A,#N/A N/A,#N/A N/A,34725,#N/A N/A,98322.8227,217829,73349.8227,GLENCORE PLC,12425.821,472.1,32241,1925,123869
GLEN LN Equity 2024,16177,10403,389318,11820,1931,4857,5053,#N/A N/A,#N/A N/A,#N/A N/A,#N/A N/A,2457,15951,313300,#N/A N/A,#N/A N/A,#N/A N/A,33949,#N/A N/A,84495.2978,230944,53786.2978,GLENCORE PLC,12152.042,353.4,38107,2389,130460
GERL SP Equity 2018,#N/A N/A,#N/A N/A,#N/A N/A,#N/A N/A,#N/A N/A,#N/A N/A,#N/A N/A,#N/A N/A,#N/A N/A,#N/A N/A,#N/A N/A,#N/A N/A,#N/A N/A,#N/A N/A,#N/A N/A,#N/A N/A,#N/A N/A,#N/A N/A,#N/A N/A,260.7996,299.2418,172.4709,GEO ENERGY RESOURCES LTD,1337.5197,0.168,290.7389,202.5904,548.5827
GERL SP Equity 2019,#N/A N/A,#N/A N/A,#N/A N/A,#N/A N/A,#N/A N/A,#N/A N/A,#N/A N/A,#N/A N/A,#N/A N/A,#N/A N/A,#N/A N/A,#N/A N/A,#N/A N/A,#N/A N/A,#N/A N/A,#N/A N/A,#N/A N/A,#N/A N/A,#N/A N/A,287.0442,249.1089,147.7739,GEO ENERGY RESOURCES LTD,1399.2731,0.142,278.3227,138.9962,491.3162
GERL SP Equity 2020,#N/A N/A,#N/A N/A,#N/A N/A,#N/A N/A,#N/A N/A,#N/A N/A,#N/A N/A,#N/A N/A,#N/A N/A,#N/A N/A,#N/A N/A,#N/A N/A,#N/A N/A,#N/A N/A,#N/A N/A,#N/A N/A,#N/A N/A,#N/A N/A,#N/A N/A,201.7115,#N/A N/A,194.8583,GEO ENERGY RESOURCES LTD,1399.2731,0.184,59.3318,52.6622,372.116
GERL SP Equity 2021,8.104,0.191,117.45,117.45,#N/A N/A,#N/A N/A,#N/A N/A,#N/A N/A,#N/A N/A,#N/A N/A,#N/A N/A,#N/A N/A,#N/A N/A,#N/A N/A,#N/A N/A,#N/A N/A,#N/A N/A,#N/A N/A,#N/A N/A,164.7226,#N/A N/A,350.2568,GEO ENERGY RESOURCES LTD,1405.3483,0.335,3.7384,190.5952,525.7109
GERL SP Equity 2022,2.367,0.232,130.903,130.903,#N/A N/A,#N/A N/A,#N/A N/A,#N/A N/A,#N/A N/A,#N/A N/A,#N/A N/A,#N/A N/A,#N/A N/A,#N/A N/A,#N/A N/A,#N/A N/A,#N/A N/A,#N/A N/A,#N/A N/A,110.2385,#N/A N/A,339.9856,GEO ENERGY RESOURCES LTD,1407.8884,0.325,3.4152,234.0828,563.0261
GERL SP Equity 2023,1.152,0.351,148.282,147.905,#N/A N/A,0.365,#N/A N/A,0.012,#N/A N/A,#N/A N/A,#N/A N/A,#N/A N/A,#N/A N/A,#N/A N/A,#N/A N/A,#N/A N/A,#N/A N/A,#N/A N/A,#N/A N/A,563.6591,488.9747,368.9569,GEO ENERGY RESOURCES LTD,1393.4463,0.35,250.0054,135.8041,937.3677
GERL SP Equity 2024,2.605,0.411,162.364,168.768,#N/A N/A,0.523,#N/A N/A,0.007,#N/A N/A,#N/A N/A,#N/A N/A,#N/A N/A,#N/A N/A,#N/A N/A,#N/A N/A,#N/A N/A,#N/A N/A,#N/A N/A,#N/A N/A,511.5422,#N/A N/A,305.1899,GEO ENERGY RESOURCES LTD,1399.8412,0.295,233.8744,118.0731,1017.8656
GEIECZ CH Equity 2018,#N/A N/A,#N/A N/A,#N/A N/A,#N/A N/A,#N/A N/A,#N/A N/A,#N/A N/A,#N/A N/A,#N/A N/A,#N/A N/A,#N/A N/A,#N/A N/A,#N/A N/A,#N/A N/A,#N/A N/A,#N/A N/A,#N/A N/A,#N/A N/A,#N/A N/A,#N/A N/A,#N/A N/A,#N/A N/A,GEMENG INTERNATIONAL ENERGY,10000,#N/A N/A,22692.8318,2048.458,46447.1365
GEIECZ CH Equity 2019,#N/A N/A,#N/A N/A,#N/A N/A,#N/A N/A,#N/A N/A,#N/A N/A,#N/A N/A,#N/A N/A,#N/A N/A,#N/A N/A,#N/A N/A,#N/A N/A,#N/A N/A,#N/A N/A,#N/A N/A,#N/A N/A,#N/A N/A,#N/A N/A,#N/A N/A,#N/A N/A,#N/A N/A,#N/A N/A,GEMENG INTERNATIONAL ENERGY,#N/A N/A,#N/A N/A,22648.6017,1787.9766,46101.5548
GEIECZ CH Equity 2020,#N/A N/A,#N/A N/A,#N/A N/A,#N/A N/A,#N/A N/A,#N/A N/A,#N/A N/A,#N/A N/A,#N/A N/A,#N/A N/A,#N/A N/A,#N/A N/A,#N/A N/A,#N/A N/A,#N/A N/A,#N/A N/A,#N/A N/A,#N/A N/A,#N/A N/A,#N/A N/A,#N/A N/A,#N/A N/A,GEMENG INTERNATIONAL ENERGY,#N/A N/A,#N/A N/A,23883.8014,2139.7008,49507.5675
GEIECZ CH Equity 2021,#N/A N/A,#N/A N/A,#N/A N/A,#N/A N/A,#N/A N/A,#N/A N/A,#N/A N/A,#N/A N/A,#N/A N/A,#N/A N/A,#N/A N/A,#N/A N/A,#N/A N/A,#N/A N/A,#N/A N/A,#N/A N/A,#N/A N/A,#N/A N/A,#N/A N/A,#N/A N/A,#N/A N/A,#N/A N/A,GEMENG INTERNATIONAL ENERGY,10000,#N/A N/A,20339.2574,2444.1192,43402.7928
GEIECZ CH Equity 2022,#N/A N/A,#N/A N/A,#N/A N/A,#N/A N/A,#N/A N/A,#N/A N/A,#N/A N/A,#N/A N/A,#N/A N/A,#N/A N/A,#N/A N/A,#N/A N/A,#N/A N/A,#N/A N/A,#N/A N/A,#N/A N/A,#N/A N/A,#N/A N/A,#N/A N/A,#N/A N/A,#N/A N/A,#N/A N/A,GEMENG INTERNATIONAL ENERGY,#N/A N/A,#N/A N/A,19269.7546,2723.8755,42581.5227
GEIECZ CH Equity 2023,#N/A N/A,#N/A N/A,#N/A N/A,#N/A N/A,#N/A N/A,#N/A N/A,#N/A N/A,#N/A N/A,#N/A N/A,#N/A N/A,#N/A N/A,#N/A N/A,#N/A N/A,#N/A N/A,#N/A N/A,#N/A N/A,#N/A N/A,#N/A N/A,#N/A N/A,#N/A N/A,#N/A N/A,#N/A N/A,GEMENG INTERNATIONAL ENERGY,#N/A N/A,#N/A N/A,19678.8183,1679.4506,41254.2455
GEIECZ CH Equity 2024,#N/A N/A,#N/A N/A,#N/A N/A,#N/A N/A,#N/A N/A,#N/A N/A,#N/A N/A,#N/A N/A,#N/A N/A,#N/A N/A,#N/A N/A,#N/A N/A,#N/A N/A,#N/A N/A,#N/A N/A,#N/A N/A,#N/A N/A,#N/A N/A,#N/A N/A,#N/A N/A,#N/A N/A,#N/A N/A,GEMENG INTERNATIONAL ENERGY,#N/A N/A,#N/A N/A,#N/A N/A,#N/A N/A,#N/A N/A
GCM LN Equity 2018,#N/A N/A,#N/A N/A,#N/A N/A,#N/A N/A,#N/A N/A,#N/A N/A,#N/A N/A,#N/A N/A,#N/A N/A,#N/A N/A,#N/A N/A,#N/A N/A,#N/A N/A,#N/A N/A,#N/A N/A,#N/A N/A,#N/A N/A,#N/A N/A,#N/A N/A,20.0589,#N/A N/A,19.2259,GCM RESOURCES PLC,87.903,24.6,1.279,0.446,41.143
GCM LN Equity 2019,#N/A N/A,#N/A N/A,#N/A N/A,#N/A N/A,#N/A N/A,#N/A N/A,#N/A N/A,#N/A N/A,#N/A N/A,#N/A N/A,#N/A N/A,#N/A N/A,#N/A N/A,#N/A N/A,#N/A N/A,#N/A N/A,#N/A N/A,#N/A N/A,#N/A N/A,22.9188,#N/A N/A,20.9608,GCM RESOURCES PLC,98.177,21.25,2.343,0.385,41.677
GCM LN Equity 2020,#N/A N/A,#N/A N/A,#N/A N/A,#N/A N/A,#N/A N/A,#N/A N/A,#N/A N/A,#N/A N/A,#N/A N/A,#N/A N/A,#N/A N/A,#N/A N/A,#N/A N/A,#N/A N/A,#N/A N/A,#N/A N/A,#N/A N/A,#N/A N/A,#N/A N/A,22.0528,#N/A N/A,18.8538,GCM RESOURCES PLC,104.676,16.75,3.268,0.069,41.758
GCM LN Equity 2021,#N/A N/A,#N/A N/A,#N/A N/A,#N/A N/A,#N/A N/A,#N/A N/A,#N/A N/A,#N/A N/A,#N/A N/A,#N/A N/A,#N/A N/A,#N/A N/A,#N/A N/A,#N/A N/A,#N/A N/A,#N/A N/A,#N/A N/A,#N/A N/A,#N/A N/A,13.3171,#N/A N/A,9.7691,GCM RESOURCES PLC,121.733,7.1,4.265,0.717,42.976
GCM LN Equity 2022,#N/A N/A,#N/A N/A,#N/A N/A,#N/A N/A,#N/A N/A,#N/A N/A,#N/A N/A,#N/A N/A,#N/A N/A,#N/A N/A,#N/A N/A,#N/A N/A,#N/A N/A,#N/A N/A,#N/A N/A,#N/A N/A,#N/A N/A,#N/A N/A,#N/A N/A,9.9484,#N/A N/A,6.1984,GCM RESOURCES PLC,151.246,3.4,4.711,0.961,44.161
GCM LN Equity 2023,#N/A N/A,#N/A N/A,#N/A N/A,#N/A N/A,#N/A N/A,#N/A N/A,#N/A N/A,#N/A N/A,#N/A N/A,#N/A N/A,#N/A N/A,#N/A N/A,#N/A N/A,#N/A N/A,#N/A N/A,#N/A N/A,#N/A N/A,#N/A N/A,#N/A N/A,9.3312,#N/A N/A,4.6692,GCM RESOURCES PLC,184.48,2.25,5.205,0.543,43.977
GCM LN Equity 2024,#N/A N/A,#N/A N/A,#N/A N/A,#N/A N/A,#N/A N/A,#N/A N/A,#N/A N/A,#N/A N/A,#N/A N/A,#N/A N/A,#N/A N/A,#N/A N/A,#N/A N/A,#N/A N/A,#N/A N/A,#N/A N/A,#N/A N/A,#N/A N/A,#N/A N/A,19.4935,#N/A N/A,15.4765,GCM RESOURCES PLC,228.271,5.6,5.675,1.658,45.511
GEPIGZ CH Equity 2018,#N/A N/A,#N/A N/A,#N/A N/A,#N/A N/A,#N/A N/A,#N/A N/A,#N/A N/A,#N/A N/A,#N/A N/A,#N/A N/A,#N/A N/A,#N/A N/A,#N/A N/A,#N/A N/A,#N/A N/A,#N/A N/A,#N/A N/A,#N/A N/A,#N/A N/A,#N/A N/A,#N/A N/A,#N/A N/A,GANSU PROVINCE ELECTRIC POWE,3620,#N/A N/A,39131.6763,4151.7192,77563.1714
GEPIGZ CH Equity 2019,#N/A N/A,#N/A N/A,#N/A N/A,#N/A N/A,#N/A N/A,#N/A N/A,#N/A N/A,#N/A N/A,#N/A N/A,#N/A N/A,#N/A N/A,#N/A N/A,#N/A N/A,#N/A N/A,#N/A N/A,#N/A N/A,#N/A N/A,#N/A N/A,#N/A N/A,#N/A N/A,#N/A N/A,#N/A N/A,GANSU PROVINCE ELECTRIC POWE,3620,#N/A N/A,40152.1455,3953.991,78738.4693
GEPIGZ CH Equity 2020,#N/A N/A,#N/A N/A,#N/A N/A,#N/A N/A,#N/A N/A,#N/A N/A,#N/A N/A,#N/A N/A,#N/A N/A,#N/A N/A,#N/A N/A,#N/A N/A,#N/A N/A,#N/A N/A,#N/A N/A,#N/A N/A,#N/A N/A,#N/A N/A,#N/A N/A,#N/A N/A,#N/A N/A,#N/A N/A,GANSU PROVINCE ELECTRIC POWE,#N/A N/A,#N/A N/A,40978.7919,4262.3577,79726.5422
GEPIGZ CH Equity 2021,#N/A N/A,#N/A N/A,#N/A N/A,#N/A N/A,#N/A N/A,#N/A N/A,#N/A N/A,#N/A N/A,#N/A N/A,#N/A N/A,#N/A N/A,#N/A N/A,#N/A N/A,#N/A N/A,#N/A N/A,#N/A N/A,#N/A N/A,#N/A N/A,#N/A N/A,#N/A N/A,#N/A N/A,#N/A N/A,GANSU PROVINCE ELECTRIC POWE,#N/A N/A,#N/A N/A,40925.5249,3604.3838,79705.3764
GEPIGZ CH Equity 2022,#N/A N/A,#N/A N/A,#N/A N/A,#N/A N/A,#N/A N/A,#N/A N/A,#N/A N/A,#N/A N/A,#N/A N/A,#N/A N/A,#N/A N/A,#N/A N/A,#N/A N/A,#N/A N/A,#N/A N/A,#N/A N/A,#N/A N/A,#N/A N/A,#N/A N/A,#N/A N/A,#N/A N/A,#N/A N/A,GANSU PROVINCE ELECTRIC POWE,#N/A N/A,#N/A N/A,43529.2432,5322.9983,85328.3972
GEPIGZ CH Equity 2023,#N/A N/A,#N/A N/A,#N/A N/A,#N/A N/A,#N/A N/A,#N/A N/A,#N/A N/A,#N/A N/A,#N/A N/A,#N/A N/A,#N/A N/A,#N/A N/A,#N/A N/A,#N/A N/A,#N/A N/A,#N/A N/A,#N/A N/A,#N/A N/A,#N/A N/A,#N/A N/A,#N/A N/A,#N/A N/A,GANSU PROVINCE ELECTRIC POWE,#N/A N/A,#N/A N/A,46047.4861,7798.4229,88450.8914
GEPIGZ CH Equity 2024,#N/A N/A,#N/A N/A,#N/A N/A,#N/A N/A,#N/A N/A,#N/A N/A,#N/A N/A,#N/A N/A,#N/A N/A,#N/A N/A,#N/A N/A,#N/A N/A,#N/A N/A,#N/A N/A,#N/A N/A,#N/A N/A,#N/A N/A,#N/A N/A,#N/A N/A,#N/A N/A,#N/A N/A,#N/A N/A,GANSU PROVINCE ELECTRIC POWE,#N/A N/A,#N/A N/A,#N/A N/A,#N/A N/A,#N/A N/A
GRSM GR Equity 2018,#N/A N/A,#N/A N/A,#N/A N/A,#N/A N/A,#N/A N/A,#N/A N/A,#N/A N/A,#N/A N/A,#N/A N/A,#N/A N/A,#N/A N/A,#N/A N/A,#N/A N/A,#N/A N/A,#N/A N/A,#N/A N/A,#N/A N/A,#N/A N/A,#N/A N/A,#N/A N/A,#N/A N/A,#N/A N/A,GROSSKRAFTWERK MANNHEIM AG,#N/A N/A,#N/A N/A,929.62,1.298,1778.178
GRSM GR Equity 2019,#N/A N/A,#N/A N/A,#N/A N/A,#N/A N/A,#N/A N/A,#N/A N/A,#N/A N/A,#N/A N/A,#N/A N/A,#N/A N/A,#N/A N/A,#N/A N/A,#N/A N/A,#N/A N/A,#N/A N/A,#N/A N/A,#N/A N/A,#N/A N/A,#N/A N/A,#N/A N/A,#N/A N/A,#N/A N/A,GROSSKRAFTWERK MANNHEIM AG,#N/A N/A,#N/A N/A,818.903,7.028,1654.96
GRSM GR Equity 2020,#N/A N/A,#N/A N/A,#N/A N/A,#N/A N/A,#N/A N/A,#N/A N/A,#N/A N/A,#N/A N/A,#N/A N/A,#N/A N/A,#N/A N/A,#N/A N/A,#N/A N/A,#N/A N/A,#N/A N/A,#N/A N/A,#N/A N/A,#N/A N/A,#N/A N/A,#N/A N/A,#N/A N/A,#N/A N/A,GROSSKRAFTWERK MANNHEIM AG,#N/A N/A,#N/A N/A,674.87,0.336,1582.255
GRSM GR Equity 2021,#N/A N/A,#N/A N/A,#N/A N/A,#N/A N/A,#N/A N/A,#N/A N/A,#N/A N/A,#N/A N/A,#N/A N/A,#N/A N/A,#N/A N/A,#N/A N/A,#N/A N/A,#N/A N/A,#N/A N/A,#N/A N/A,#N/A N/A,#N/A N/A,#N/A N/A,#N/A N/A,#N/A N/A,#N/A N/A,GROSSKRAFTWERK MANNHEIM AG,#N/A N/A,#N/A N/A,554.488,0.264,1843.619
GRSM GR Equity 2022,#N/A N/A,#N/A N/A,#N/A N/A,#N/A N/A,#N/A N/A,#N/A N/A,#N/A N/A,#N/A N/A,#N/A N/A,#N/A N/A,#N/A N/A,#N/A N/A,#N/A N/A,#N/A N/A,#N/A N/A,#N/A N/A,#N/A N/A,#N/A N/A,#N/A N/A,#N/A N/A,#N/A N/A,#N/A N/A,GROSSKRAFTWERK MANNHEIM AG,#N/A N/A,#N/A N/A,412.796,36.182,1976.877
GRSM GR Equity 2023,#N/A N/A,#N/A N/A,#N/A N/A,#N/A N/A,#N/A N/A,#N/A N/A,#N/A N/A,#N/A N/A,#N/A N/A,#N/A N/A,#N/A N/A,#N/A N/A,#N/A N/A,#N/A N/A,#N/A N/A,#N/A N/A,#N/A N/A,#N/A N/A,#N/A N/A,#N/A N/A,#N/A N/A,#N/A N/A,GROSSKRAFTWERK MANNHEIM AG,#N/A N/A,#N/A N/A,325.466,0.177,1559.736
GRSM GR Equity 2024,#N/A N/A,#N/A N/A,#N/A N/A,#N/A N/A,#N/A N/A,#N/A N/A,#N/A N/A,#N/A N/A,#N/A N/A,#N/A N/A,#N/A N/A,#N/A N/A,#N/A N/A,#N/A N/A,#N/A N/A,#N/A N/A,#N/A N/A,#N/A N/A,#N/A N/A,#N/A N/A,#N/A N/A,#N/A N/A,GROSSKRAFTWERK MANNHEIM AG,#N/A N/A,#N/A N/A,134.65,5.05,1413.691
GLO LN Equity 2018,6899.1,#N/A N/A,#N/A N/A,#N/A N/A,#N/A N/A,#N/A N/A,#N/A N/A,#N/A N/A,#N/A N/A,#N/A N/A,#N/A N/A,#N/A N/A,#N/A N/A,#N/A N/A,#N/A N/A,#N/A N/A,#N/A N/A,#N/A N/A,#N/A N/A,4587.1032,1253,1538.8032,CONTOURGLOBAL LTD,670.7,180,3560,696.9,5147.9
GLO LN Equity 2019,7741.71,#N/A N/A,#N/A N/A,#N/A N/A,#N/A N/A,#N/A N/A,#N/A N/A,#N/A N/A,#N/A N/A,#N/A N/A,#N/A N/A,#N/A N/A,#N/A N/A,#N/A N/A,#N/A N/A,#N/A N/A,#N/A N/A,#N/A N/A,#N/A N/A,5570.6897,1330.2,1868.0897,CONTOURGLOBAL LTD,670.7,210,4095.8,558.5,5876.9
GLO LN Equity 2020,8522.81,19.957,#N/A N/A,#N/A N/A,#N/A N/A,#N/A N/A,#N/A N/A,#N/A N/A,#N/A N/A,#N/A N/A,#N/A N/A,#N/A N/A,#N/A N/A,#N/A N/A,#N/A N/A,#N/A N/A,#N/A N/A,#N/A N/A,#N/A N/A,5590.1189,1410.7,1968.5189,CONTOURGLOBAL LTD,666.6,215,4863.2,1396.9,6370.8
GLO LN Equity 2021,12396.8,29.903,2023.88,208.078,33.019,1490.89,5.189,5.304,0.761,2.577,#N/A N/A,#N/A N/A,36.596,26.092,#N/A N/A,#N/A N/A,#N/A N/A,215.373,#N/A N/A,5731.7482,2151.9,1737.5482,CONTOURGLOBAL LTD,656.3,191.4,4201.8,369.1,6192.4
GLO LN Equity 2022,13740.2,29.334,2077.24,167.742,60.034,1642.2,1.833,5.632,0.758,1.952,#N/A N/A,#N/A N/A,28.829,24.469,#N/A N/A,#N/A N/A,#N/A N/A,143.8,#N/A N/A,5487.0018,2828.3,2020.9018,CONTOURGLOBAL LTD,644.5455,251,3840.3,509.6,6262.1
GLO LN Equity 2023,#N/A N/A,#N/A N/A,#N/A N/A,#N/A N/A,#N/A N/A,#N/A N/A,#N/A N/A,#N/A N/A,#N/A N/A,#N/A N/A,#N/A N/A,#N/A N/A,#N/A N/A,#N/A N/A,#N/A N/A,#N/A N/A,#N/A N/A,#N/A N/A,#N/A N/A,#N/A N/A,#N/A N/A,#N/A N/A,CONTOURGLOBAL LTD,#N/A N/A,#N/A N/A,#N/A N/A,#N/A N/A,#N/A N/A
GLO LN Equity 2024,#N/A N/A,#N/A N/A,#N/A N/A,#N/A N/A,#N/A N/A,#N/A N/A,#N/A N/A,#N/A N/A,#N/A N/A,#N/A N/A,#N/A N/A,#N/A N/A,#N/A N/A,#N/A N/A,#N/A N/A,#N/A N/A,#N/A N/A,#N/A N/A,#N/A N/A,#N/A N/A,#N/A N/A,#N/A N/A,CONTOURGLOBAL LTD,660.6643,#N/A N/A,4270.1,387.3,5329.7
GDJTNZ CH Equity 2018,#N/A N/A,#N/A N/A,#N/A N/A,#N/A N/A,#N/A N/A,#N/A N/A,#N/A N/A,#N/A N/A,#N/A N/A,#N/A N/A,#N/A N/A,#N/A N/A,#N/A N/A,#N/A N/A,#N/A N/A,#N/A N/A,#N/A N/A,#N/A N/A,#N/A N/A,#N/A N/A,#N/A N/A,#N/A N/A,GUODIAN CONSTRUCTION INVESTM,#N/A N/A,#N/A N/A,#N/A N/A,#N/A N/A,#N/A N/A
GDJTNZ CH Equity 2019,#N/A N/A,#N/A N/A,#N/A N/A,#N/A N/A,#N/A N/A,#N/A N/A,#N/A N/A,#N/A N/A,#N/A N/A,#N/A N/A,#N/A N/A,#N/A N/A,#N/A N/A,#N/A N/A,#N/A N/A,#N/A N/A,#N/A N/A,#N/A N/A,#N/A N/A,#N/A N/A,#N/A N/A,#N/A N/A,GUODIAN CONSTRUCTION INVESTM,#N/A N/A,#N/A N/A,#N/A N/A,#N/A N/A,#N/A N/A
GDJTNZ CH Equity 2020,#N/A N/A,#N/A N/A,#N/A N/A,#N/A N/A,#N/A N/A,#N/A N/A,#N/A N/A,#N/A N/A,#N/A N/A,#N/A N/A,#N/A N/A,#N/A N/A,#N/A N/A,#N/A N/A,#N/A N/A,#N/A N/A,#N/A N/A,#N/A N/A,#N/A N/A,#N/A N/A,#N/A N/A,#N/A N/A,GUODIAN CONSTRUCTION INVESTM,#N/A N/A,#N/A N/A,#N/A N/A,#N/A N/A,#N/A N/A
GDJTNZ CH Equity 2021,#N/A N/A,#N/A N/A,#N/A N/A,#N/A N/A,#N/A N/A,#N/A N/A,#N/A N/A,#N/A N/A,#N/A N/A,#N/A N/A,#N/A N/A,#N/A N/A,#N/A N/A,#N/A N/A,#N/A N/A,#N/A N/A,#N/A N/A,#N/A N/A,#N/A N/A,#N/A N/A,#N/A N/A,#N/A N/A,GUODIAN CONSTRUCTION INVESTM,#N/A N/A,#N/A N/A,#N/A N/A,#N/A N/A,#N/A N/A
GDJTNZ CH Equity 2022,#N/A N/A,#N/A N/A,#N/A N/A,#N/A N/A,#N/A N/A,#N/A N/A,#N/A N/A,#N/A N/A,#N/A N/A,#N/A N/A,#N/A N/A,#N/A N/A,#N/A N/A,#N/A N/A,#N/A N/A,#N/A N/A,#N/A N/A,#N/A N/A,#N/A N/A,#N/A N/A,#N/A N/A,#N/A N/A,GUODIAN CONSTRUCTION INVESTM,#N/A N/A,#N/A N/A,#N/A N/A,#N/A N/A,#N/A N/A
GDJTNZ CH Equity 2023,#N/A N/A,#N/A N/A,#N/A N/A,#N/A N/A,#N/A N/A,#N/A N/A,#N/A N/A,#N/A N/A,#N/A N/A,#N/A N/A,#N/A N/A,#N/A N/A,#N/A N/A,#N/A N/A,#N/A N/A,#N/A N/A,#N/A N/A,#N/A N/A,#N/A N/A,#N/A N/A,#N/A N/A,#N/A N/A,GUODIAN CONSTRUCTION INVESTM,#N/A N/A,#N/A N/A,#N/A N/A,#N/A N/A,#N/A N/A
GDJTNZ CH Equity 2024,#N/A N/A,#N/A N/A,#N/A N/A,#N/A N/A,#N/A N/A,#N/A N/A,#N/A N/A,#N/A N/A,#N/A N/A,#N/A N/A,#N/A N/A,#N/A N/A,#N/A N/A,#N/A N/A,#N/A N/A,#N/A N/A,#N/A N/A,#N/A N/A,#N/A N/A,#N/A N/A,#N/A N/A,#N/A N/A,GUODIAN CONSTRUCTION INVESTM,#N/A N/A,#N/A N/A,#N/A N/A,#N/A N/A,#N/A N/A
GDJSUZ CH Equity 2018,#N/A N/A,#N/A N/A,#N/A N/A,#N/A N/A,#N/A N/A,#N/A N/A,#N/A N/A,#N/A N/A,#N/A N/A,#N/A N/A,#N/A N/A,#N/A N/A,#N/A N/A,#N/A N/A,#N/A N/A,#N/A N/A,#N/A N/A,#N/A N/A,#N/A N/A,#N/A N/A,#N/A N/A,#N/A N/A,NATIONAL ENERGY GROUP JIANGS,#N/A N/A,#N/A N/A,7620.4682,793.2636,20935.534
GDJSUZ CH Equity 2019,#N/A N/A,#N/A N/A,#N/A N/A,#N/A N/A,#N/A N/A,#N/A N/A,#N/A N/A,#N/A N/A,#N/A N/A,#N/A N/A,#N/A N/A,#N/A N/A,#N/A N/A,#N/A N/A,#N/A N/A,#N/A N/A,#N/A N/A,#N/A N/A,#N/A N/A,#N/A N/A,#N/A N/A,#N/A N/A,NATIONAL ENERGY GROUP JIANGS,#N/A N/A,#N/A N/A,6209.0659,583.1631,19612.5117
GDJSUZ CH Equity 2020,#N/A N/A,#N/A N/A,#N/A N/A,#N/A N/A,#N/A N/A,#N/A N/A,#N/A N/A,#N/A N/A,#N/A N/A,#N/A N/A,#N/A N/A,#N/A N/A,#N/A N/A,#N/A N/A,#N/A N/A,#N/A N/A,#N/A N/A,#N/A N/A,#N/A N/A,#N/A N/A,#N/A N/A,#N/A N/A,NATIONAL ENERGY GROUP JIANGS,#N/A N/A,#N/A N/A,7986.7586,954.742,31116.2487
GDJSUZ CH Equity 2021,#N/A N/A,#N/A N/A,#N/A N/A,#N/A N/A,#N/A N/A,#N/A N/A,#N/A N/A,#N/A N/A,#N/A N/A,#N/A N/A,#N/A N/A,#N/A N/A,#N/A N/A,#N/A N/A,#N/A N/A,#N/A N/A,#N/A N/A,#N/A N/A,#N/A N/A,#N/A N/A,#N/A N/A,#N/A N/A,NATIONAL ENERGY GROUP JIANGS,#N/A N/A,#N/A N/A,7737.8853,315.9653,31552.7853
GDJSUZ CH Equity 2022,#N/A N/A,#N/A N/A,#N/A N/A,#N/A N/A,#N/A N/A,#N/A N/A,#N/A N/A,#N/A N/A,#N/A N/A,#N/A N/A,#N/A N/A,#N/A N/A,#N/A N/A,#N/A N/A,#N/A N/A,#N/A N/A,#N/A N/A,#N/A N/A,#N/A N/A,#N/A N/A,#N/A N/A,#N/A N/A,NATIONAL ENERGY GROUP JIANGS,#N/A N/A,#N/A N/A,10354.2785,1194.2755,32842.9731
GDJSUZ CH Equity 2023,#N/A N/A,#N/A N/A,#N/A N/A,#N/A N/A,#N/A N/A,#N/A N/A,#N/A N/A,#N/A N/A,#N/A N/A,#N/A N/A,#N/A N/A,#N/A N/A,#N/A N/A,#N/A N/A,#N/A N/A,#N/A N/A,#N/A N/A,#N/A N/A,#N/A N/A,#N/A N/A,#N/A N/A,#N/A N/A,NATIONAL ENERGY GROUP JIANGS,#N/A N/A,#N/A N/A,9201.4192,976.6478,35200.2284
GDJSUZ CH Equity 2024,#N/A N/A,#N/A N/A,#N/A N/A,#N/A N/A,#N/A N/A,#N/A N/A,#N/A N/A,#N/A N/A,#N/A N/A,#N/A N/A,#N/A N/A,#N/A N/A,#N/A N/A,#N/A N/A,#N/A N/A,#N/A N/A,#N/A N/A,#N/A N/A,#N/A N/A,#N/A N/A,#N/A N/A,#N/A N/A,NATIONAL ENERGY GROUP JIANGS,#N/A N/A,#N/A N/A,8008.6918,653.8944,33915.2425
GPOWRZ CH Equity 2018,#N/A N/A,#N/A N/A,#N/A N/A,#N/A N/A,#N/A N/A,#N/A N/A,#N/A N/A,#N/A N/A,#N/A N/A,#N/A N/A,#N/A N/A,#N/A N/A,#N/A N/A,#N/A N/A,#N/A N/A,#N/A N/A,#N/A N/A,#N/A N/A,#N/A N/A,#N/A N/A,#N/A N/A,#N/A N/A,GUANGDONG ENERGY GROUP CO LT,#N/A N/A,#N/A N/A,56083.9663,12571.5218,145384.112
GPOWRZ CH Equity 2019,#N/A N/A,#N/A N/A,#N/A N/A,#N/A N/A,#N/A N/A,#N/A N/A,#N/A N/A,#N/A N/A,#N/A N/A,#N/A N/A,#N/A N/A,#N/A N/A,#N/A N/A,#N/A N/A,#N/A N/A,#N/A N/A,#N/A N/A,#N/A N/A,#N/A N/A,#N/A N/A,#N/A N/A,#N/A N/A,GUANGDONG ENERGY GROUP CO LT,#N/A N/A,#N/A N/A,57394.5036,9775.443,145624.9548
GPOWRZ CH Equity 2020,#N/A N/A,#N/A N/A,#N/A N/A,#N/A N/A,#N/A N/A,#N/A N/A,#N/A N/A,#N/A N/A,#N/A N/A,#N/A N/A,#N/A N/A,#N/A N/A,#N/A N/A,#N/A N/A,#N/A N/A,#N/A N/A,#N/A N/A,#N/A N/A,#N/A N/A,#N/A N/A,#N/A N/A,#N/A N/A,GUANGDONG ENERGY GROUP CO LT,#N/A N/A,#N/A N/A,62097.2091,6547.7873,159556.0536
GPOWRZ CH Equity 2021,#N/A N/A,#N/A N/A,#N/A N/A,#N/A N/A,#N/A N/A,#N/A N/A,#N/A N/A,#N/A N/A,#N/A N/A,#N/A N/A,#N/A N/A,#N/A N/A,#N/A N/A,#N/A N/A,#N/A N/A,#N/A N/A,#N/A N/A,#N/A N/A,#N/A N/A,#N/A N/A,#N/A N/A,#N/A N/A,GUANGDONG ENERGY GROUP CO LT,#N/A N/A,#N/A N/A,92977.5365,10924.2134,195409.1779
GPOWRZ CH Equity 2022,#N/A N/A,#N/A N/A,#N/A N/A,#N/A N/A,#N/A N/A,#N/A N/A,#N/A N/A,#N/A N/A,#N/A N/A,#N/A N/A,#N/A N/A,#N/A N/A,#N/A N/A,#N/A N/A,#N/A N/A,#N/A N/A,#N/A N/A,#N/A N/A,#N/A N/A,#N/A N/A,#N/A N/A,#N/A N/A,GUANGDONG ENERGY GROUP CO LT,#N/A N/A,#N/A N/A,116768.1717,12517.9474,227513.3842
GPOWRZ CH Equity 2023,#N/A N/A,#N/A N/A,#N/A N/A,#N/A N/A,#N/A N/A,#N/A N/A,#N/A N/A,#N/A N/A,#N/A N/A,#N/A N/A,#N/A N/A,#N/A N/A,#N/A N/A,#N/A N/A,#N/A N/A,#N/A N/A,#N/A N/A,#N/A N/A,#N/A N/A,#N/A N/A,#N/A N/A,#N/A N/A,GUANGDONG ENERGY GROUP CO LT,#N/A N/A,#N/A N/A,140889.6433,18035.4877,276114.8552
GPOWRZ CH Equity 2024,#N/A N/A,#N/A N/A,#N/A N/A,#N/A N/A,#N/A N/A,#N/A N/A,#N/A N/A,#N/A N/A,#N/A N/A,#N/A N/A,#N/A N/A,#N/A N/A,#N/A N/A,#N/A N/A,#N/A N/A,#N/A N/A,#N/A N/A,#N/A N/A,#N/A N/A,#N/A N/A,#N/A N/A,#N/A N/A,GUANGDONG ENERGY GROUP CO LT,#N/A N/A,#N/A N/A,#N/A N/A,#N/A N/A,#N/A N/A
GAS VN Equity 2018,#N/A N/A,#N/A N/A,#N/A N/A,#N/A N/A,#N/A N/A,#N/A N/A,#N/A N/A,#N/A N/A,#N/A N/A,#N/A N/A,#N/A N/A,#N/A N/A,#N/A N/A,#N/A N/A,#N/A N/A,#N/A N/A,#N/A N/A,#N/A N/A,#N/A N/A,144119951.4,75611546.2,165748070,PETROVIETNAM GAS JSC,2342.6511,70751.634,4885610.08,28308099.46,62614420.25
GAS VN Equity 2019,#N/A N/A,#N/A N/A,#N/A N/A,#N/A N/A,#N/A N/A,#N/A N/A,#N/A N/A,#N/A N/A,#N/A N/A,#N/A N/A,#N/A N/A,#N/A N/A,#N/A N/A,#N/A N/A,#N/A N/A,#N/A N/A,#N/A N/A,#N/A N/A,#N/A N/A,153850288.5,75005297.2,179337115,PETROVIETNAM GAS JSC,2342.6748,76552.288,2796497.85,29390889.17,62178787.39
GAS VN Equity 2020,#N/A N/A,#N/A N/A,#N/A N/A,#N/A N/A,#N/A N/A,#N/A N/A,#N/A N/A,#N/A N/A,#N/A N/A,#N/A N/A,#N/A N/A,#N/A N/A,#N/A N/A,#N/A N/A,#N/A N/A,#N/A N/A,#N/A N/A,#N/A N/A,#N/A N/A,142942979.6,64134965.5,165748070,PETROVIETNAM GAS JSC,2342.6748,70751.634,2981337.249,26850483.06,63208401.03
GAS VN Equity 2021,#N/A N/A,#N/A N/A,#N/A N/A,#N/A N/A,#N/A N/A,#N/A N/A,#N/A N/A,#N/A N/A,#N/A N/A,#N/A N/A,#N/A N/A,#N/A N/A,#N/A N/A,#N/A N/A,#N/A N/A,#N/A N/A,#N/A N/A,#N/A N/A,#N/A N/A,163115167.4,78992156.1,184121990,PETROVIETNAM GAS JSC,2342.6748,78594.771,7994860.452,30100156.39,78768074.69
GAS VN Equity 2022,#N/A N/A,#N/A N/A,#N/A N/A,#N/A N/A,#N/A N/A,#N/A N/A,#N/A N/A,#N/A N/A,#N/A N/A,#N/A N/A,#N/A N/A,#N/A N/A,#N/A N/A,#N/A N/A,#N/A N/A,#N/A N/A,#N/A N/A,#N/A N/A,#N/A N/A,167388937.2,100723549.2,194265925,PETROVIETNAM GAS JSC,2342.6748,82924.837,6082959.749,34275836.43,82662652.37
GAS VN Equity 2023,#N/A N/A,#N/A N/A,#N/A N/A,#N/A N/A,#N/A N/A,#N/A N/A,#N/A N/A,#N/A N/A,#N/A N/A,#N/A N/A,#N/A N/A,#N/A N/A,#N/A N/A,#N/A N/A,#N/A N/A,#N/A N/A,#N/A N/A,#N/A N/A,#N/A N/A,139775491.5,89953906.51,173403858.4,PETROVIETNAM GAS JSC,2342.6746,74019.608,5875284.294,40753540.71,87754455.33
GAS VN Equity 2024,#N/A N/A,#N/A N/A,#N/A N/A,#N/A N/A,#N/A N/A,#N/A N/A,#N/A N/A,#N/A N/A,#N/A N/A,#N/A N/A,#N/A N/A,#N/A N/A,#N/A N/A,#N/A N/A,#N/A N/A,#N/A N/A,#N/A N/A,#N/A N/A,#N/A N/A,131021806.3,103564126.6,159536025.8,PETROVIETNAM GAS JSC,2342.6729,68100,3224581.856,33062014.71,81854881.41
GMXRQ US Equity 2018,#N/A N/A,#N/A N/A,#N/A N/A,#N/A N/A,#N/A N/A,#N/A N/A,#N/A N/A,#N/A N/A,#N/A N/A,#N/A N/A,#N/A N/A,#N/A N/A,#N/A N/A,#N/A N/A,#N/A N/A,#N/A N/A,#N/A N/A,#N/A N/A,#N/A N/A,#N/A N/A,#N/A N/A,#N/A N/A,THUNDERBIRD RESOURCES EQUITY,#N/A N/A,#N/A N/A,#N/A N/A,#N/A N/A,#N/A N/A
GMXRQ US Equity 2019,#N/A N/A,#N/A N/A,#N/A N/A,#N/A N/A,#N/A N/A,#N/A N/A,#N/A N/A,#N/A N/A,#N/A N/A,#N/A N/A,#N/A N/A,#N/A N/A,#N/A N/A,#N/A N/A,#N/A N/A,#N/A N/A,#N/A N/A,#N/A N/A,#N/A N/A,#N/A N/A,#N/A N/A,#N/A N/A,THUNDERBIRD RESOURCES EQUITY,#N/A N/A,#N/A N/A,#N/A N/A,#N/A N/A,#N/A N/A
GMXRQ US Equity 2020,#N/A N/A,#N/A N/A,#N/A N/A,#N/A N/A,#N/A N/A,#N/A N/A,#N/A N/A,#N/A N/A,#N/A N/A,#N/A N/A,#N/A N/A,#N/A N/A,#N/A N/A,#N/A N/A,#N/A N/A,#N/A N/A,#N/A N/A,#N/A N/A,#N/A N/A,#N/A N/A,#N/A N/A,#N/A N/A,THUNDERBIRD RESOURCES EQUITY,#N/A N/A,#N/A N/A,#N/A N/A,#N/A N/A,#N/A N/A
GMXRQ US Equity 2021,#N/A N/A,#N/A N/A,#N/A N/A,#N/A N/A,#N/A N/A,#N/A N/A,#N/A N/A,#N/A N/A,#N/A N/A,#N/A N/A,#N/A N/A,#N/A N/A,#N/A N/A,#N/A N/A,#N/A N/A,#N/A N/A,#N/A N/A,#N/A N/A,#N/A N/A,#N/A N/A,#N/A N/A,#N/A N/A,THUNDERBIRD RESOURCES EQUITY,#N/A N/A,#N/A N/A,#N/A N/A,#N/A N/A,#N/A N/A
GMXRQ US Equity 2022,#N/A N/A,#N/A N/A,#N/A N/A,#N/A N/A,#N/A N/A,#N/A N/A,#N/A N/A,#N/A N/A,#N/A N/A,#N/A N/A,#N/A N/A,#N/A N/A,#N/A N/A,#N/A N/A,#N/A N/A,#N/A N/A,#N/A N/A,#N/A N/A,#N/A N/A,#N/A N/A,#N/A N/A,#N/A N/A,THUNDERBIRD RESOURCES EQUITY,#N/A N/A,#N/A N/A,#N/A N/A,#N/A N/A,#N/A N/A
GMXRQ US Equity 2023,#N/A N/A,#N/A N/A,#N/A N/A,#N/A N/A,#N/A N/A,#N/A N/A,#N/A N/A,#N/A N/A,#N/A N/A,#N/A N/A,#N/A N/A,#N/A N/A,#N/A N/A,#N/A N/A,#N/A N/A,#N/A N/A,#N/A N/A,#N/A N/A,#N/A N/A,#N/A N/A,#N/A N/A,#N/A N/A,THUNDERBIRD RESOURCES EQUITY,#N/A N/A,#N/A N/A,#N/A N/A,#N/A N/A,#N/A N/A
GMXRQ US Equity 2024,#N/A N/A,#N/A N/A,#N/A N/A,#N/A N/A,#N/A N/A,#N/A N/A,#N/A N/A,#N/A N/A,#N/A N/A,#N/A N/A,#N/A N/A,#N/A N/A,#N/A N/A,#N/A N/A,#N/A N/A,#N/A N/A,#N/A N/A,#N/A N/A,#N/A N/A,#N/A N/A,#N/A N/A,#N/A N/A,THUNDERBIRD RESOURCES EQUITY,#N/A N/A,#N/A N/A,#N/A N/A,#N/A N/A,#N/A N/A
GMKN RU Equity 2018,9611.3,327,#N/A N/A,#N/A N/A,#N/A N/A,#N/A N/A,#N/A N/A,#N/A N/A,#N/A N/A,#N/A N/A,#N/A N/A,#N/A N/A,#N/A N/A,#N/A N/A,#N/A N/A,#N/A N/A,#N/A N/A,#N/A N/A,#N/A N/A,36881.067,11670,29663.067,MMC NORILSK NICKEL PJSC,15824.5476,#N/A N/A,8439,1471,15251
GMKN RU Equity 2019,9500,450,1987,#N/A N/A,#N/A N/A,#N/A N/A,#N/A N/A,#N/A N/A,#N/A N/A,#N/A N/A,#N/A N/A,137,1850,#N/A N/A,#N/A N/A,#N/A N/A,#N/A N/A,#N/A N/A,#N/A N/A,56296.7896,13563,48762.7896,MMC NORILSK NICKEL PJSC,15824.5476,#N/A N/A,9844,2784,19474
GMKN RU Equity 2020,9200,490,2629,#N/A N/A,#N/A N/A,#N/A N/A,#N/A N/A,#N/A N/A,#N/A N/A,#N/A N/A,#N/A N/A,183,2446,#N/A N/A,#N/A N/A,#N/A N/A,#N/A N/A,#N/A N/A,#N/A N/A,55669.1527,15545,50318.1527,MMC NORILSK NICKEL PJSC,15824.5476,#N/A N/A,9896,5191,20706
GMKN RU Equity 2021,9820,490,3110,#N/A N/A,#N/A N/A,#N/A N/A,#N/A N/A,#N/A N/A,#N/A N/A,#N/A N/A,#N/A N/A,180,2930,#N/A N/A,#N/A N/A,#N/A N/A,#N/A N/A,#N/A N/A,#N/A N/A,51352.926,17852,45372.926,MMC NORILSK NICKEL PJSC,15550.283,#N/A N/A,10461,5581,23435
GMKN RU Equity 2022,0.007,0.001,0.001,#N/A N/A,#N/A N/A,#N/A N/A,0.001,#N/A N/A,#N/A N/A,#N/A N/A,#N/A N/A,#N/A N/A,#N/A N/A,#N/A N/A,#N/A N/A,#N/A N/A,#N/A N/A,#N/A N/A,#N/A N/A,43222.3621,16876,31945.3621,MMC NORILSK NICKEL PJSC,15286.3397,#N/A N/A,11717,1882,25795
GMKN RU Equity 2023,0.007,0.001,0.006,#N/A N/A,#N/A N/A,#N/A N/A,0.001,#N/A N/A,#N/A N/A,#N/A N/A,#N/A N/A,0,0.005,#N/A N/A,#N/A N/A,#N/A N/A,#N/A N/A,#N/A N/A,#N/A N/A,36910.2541,14409,27621.2541,MMC NORILSK NICKEL PJSC,15286.3397,#N/A N/A,10232,2142,23580
GMKN RU Equity 2024,#N/A N/A,#N/A N/A,#N/A N/A,#N/A N/A,#N/A N/A,#N/A N/A,#N/A N/A,#N/A N/A,#N/A N/A,#N/A N/A,#N/A N/A,#N/A N/A,#N/A N/A,#N/A N/A,#N/A N/A,#N/A N/A,#N/A N/A,#N/A N/A,#N/A N/A,#N/A N/A,12535,#N/A N/A,MMC NORILSK NICKEL PJSC,15286.3397,#N/A N/A,10408,1891,23170
GAZP RM Equity 2018,120090,8198.07,#N/A N/A,#N/A N/A,#N/A N/A,#N/A N/A,#N/A N/A,#N/A N/A,#N/A N/A,#N/A N/A,#N/A N/A,#N/A N/A,#N/A N/A,#N/A N/A,#N/A N/A,#N/A N/A,#N/A N/A,#N/A N/A,#N/A N/A,6443516.5,8224177,3396494.5,GAZPROM PJSC,22100,153.5,3863822,1292944,20810440
GAZP RM Equity 2019,117097,6077.83,1154540,#N/A N/A,#N/A N/A,#N/A N/A,#N/A N/A,#N/A N/A,#N/A N/A,#N/A N/A,#N/A N/A,#N/A N/A,#N/A N/A,1154540,#N/A N/A,#N/A N/A,#N/A N/A,#N/A N/A,#N/A N/A,8823794,7659623,6062578,GAZPROM PJSC,22500,256.4,4111417,1861055,21882348
GAZP RM Equity 2020,100971,4762.91,1078490,#N/A N/A,#N/A N/A,#N/A N/A,#N/A N/A,#N/A N/A,#N/A N/A,#N/A N/A,#N/A N/A,#N/A N/A,#N/A N/A,1078490,#N/A N/A,#N/A N/A,#N/A N/A,#N/A N/A,#N/A N/A,9254617.05,6321559,5029055.05,GAZPROM PJSC,23645,212.69,5160554,1501781,23352185
GAZP RM Equity 2021,#N/A N/A,#N/A N/A,#N/A N/A,#N/A N/A,#N/A N/A,#N/A N/A,#N/A N/A,#N/A N/A,#N/A N/A,#N/A N/A,#N/A N/A,#N/A N/A,#N/A N/A,#N/A N/A,#N/A N/A,#N/A N/A,#N/A N/A,#N/A N/A,#N/A N/A,11058661.6,10241353,8116855.6,GAZPROM PJSC,23645,343.28,5167411,2840665,27047230
GAZP RM Equity 2022,#N/A N/A,#N/A N/A,#N/A N/A,#N/A N/A,#N/A N/A,#N/A N/A,#N/A N/A,#N/A N/A,#N/A N/A,#N/A N/A,#N/A N/A,#N/A N/A,#N/A N/A,#N/A N/A,#N/A N/A,#N/A N/A,#N/A N/A,#N/A N/A,#N/A N/A,8266538.4,#N/A N/A,3847514.4,GAZPROM PJSC,23644,162.72,5336972,1614096,26128929
GAZP RM Equity 2023,#N/A N/A,#N/A N/A,#N/A N/A,#N/A N/A,#N/A N/A,#N/A N/A,#N/A N/A,#N/A N/A,#N/A N/A,#N/A N/A,#N/A N/A,#N/A N/A,#N/A N/A,#N/A N/A,#N/A N/A,#N/A N/A,#N/A N/A,#N/A N/A,#N/A N/A,9347205.05,#N/A N/A,3780599.05,GAZPROM PJSC,23645,159.89,7049748,2286149,28713748
GAZP RM Equity 2024,#N/A N/A,#N/A N/A,#N/A N/A,#N/A N/A,#N/A N/A,#N/A N/A,#N/A N/A,#N/A N/A,#N/A N/A,#N/A N/A,#N/A N/A,#N/A N/A,#N/A N/A,#N/A N/A,#N/A N/A,#N/A N/A,#N/A N/A,#N/A N/A,#N/A N/A,#N/A N/A,#N/A N/A,#N/A N/A,GAZPROM PJSC,23645,115.63,7182685,1463666,30698255
GASX CN Equity 2018,#N/A N/A,#N/A N/A,#N/A N/A,#N/A N/A,#N/A N/A,#N/A N/A,#N/A N/A,#N/A N/A,#N/A N/A,#N/A N/A,#N/A N/A,#N/A N/A,#N/A N/A,#N/A N/A,#N/A N/A,#N/A N/A,#N/A N/A,#N/A N/A,#N/A N/A,1.2274,#N/A N/A,2.8444,NG ENERGY INTERNATIONAL CORP,24.2202,0.16,0,1.617,29.9789
GASX CN Equity 2019,#N/A N/A,#N/A N/A,#N/A N/A,#N/A N/A,#N/A N/A,#N/A N/A,#N/A N/A,#N/A N/A,#N/A N/A,#N/A N/A,#N/A N/A,#N/A N/A,#N/A N/A,#N/A N/A,#N/A N/A,#N/A N/A,#N/A N/A,#N/A N/A,#N/A N/A,5.6719,#N/A N/A,5.8129,NG ENERGY INTERNATIONAL CORP,26.4848,0.25,1.2822,1.4232,10.3902
GASX CN Equity 2020,#N/A N/A,#N/A N/A,#N/A N/A,#N/A N/A,#N/A N/A,#N/A N/A,#N/A N/A,#N/A N/A,#N/A N/A,#N/A N/A,#N/A N/A,#N/A N/A,#N/A N/A,#N/A N/A,#N/A N/A,#N/A N/A,#N/A N/A,#N/A N/A,#N/A N/A,68.06,#N/A N/A,65.261,NG ENERGY INTERNATIONAL CORP,49.9234,0.93,4.0078,1.2088,14.4733
GASX CN Equity 2021,#N/A N/A,#N/A N/A,#N/A N/A,#N/A N/A,#N/A N/A,#N/A N/A,#N/A N/A,#N/A N/A,#N/A N/A,#N/A N/A,#N/A N/A,#N/A N/A,#N/A N/A,#N/A N/A,#N/A N/A,#N/A N/A,#N/A N/A,#N/A N/A,#N/A N/A,216.162,#N/A N/A,219.0202,NG ENERGY INTERNATIONAL CORP,106.9088,2.31,2.9908,5.849,23.1458
GASX CN Equity 2022,#N/A N/A,#N/A N/A,#N/A N/A,#N/A N/A,#N/A N/A,#N/A N/A,#N/A N/A,#N/A N/A,#N/A N/A,#N/A N/A,#N/A N/A,#N/A N/A,#N/A N/A,#N/A N/A,#N/A N/A,#N/A N/A,#N/A N/A,#N/A N/A,#N/A N/A,136.3206,1.451,87.8537,NG ENERGY INTERNATIONAL CORP,123.9575,0.95,55.4292,6.9622,83.1467
GASX CN Equity 2023,#N/A N/A,#N/A N/A,#N/A N/A,#N/A N/A,#N/A N/A,#N/A N/A,#N/A N/A,#N/A N/A,#N/A N/A,#N/A N/A,#N/A N/A,#N/A N/A,#N/A N/A,#N/A N/A,#N/A N/A,#N/A N/A,#N/A N/A,#N/A N/A,#N/A N/A,182.9186,10.0676,103.0334,NG ENERGY INTERNATIONAL CORP,129.5758,0.99,81.1796,1.2944,106.857
GASX CN Equity 2024,#N/A N/A,#N/A N/A,#N/A N/A,#N/A N/A,#N/A N/A,#N/A N/A,#N/A N/A,#N/A N/A,#N/A N/A,#N/A N/A,#N/A N/A,#N/A N/A,#N/A N/A,#N/A N/A,#N/A N/A,#N/A N/A,#N/A N/A,#N/A N/A,#N/A N/A,213.6401,31.8073,194.9361,NG ENERGY INTERNATIONAL CORP,213.746,1.1,26.8895,8.1855,113.4689
GPOR US Equity 2018,#N/A N/A,#N/A N/A,#N/A N/A,#N/A N/A,#N/A N/A,#N/A N/A,#N/A N/A,#N/A N/A,#N/A N/A,#N/A N/A,#N/A N/A,#N/A N/A,#N/A N/A,#N/A N/A,#N/A N/A,#N/A N/A,#N/A N/A,#N/A N/A,#N/A N/A,#N/A N/A,#N/A N/A,#N/A N/A,GULFPORT ENERGY CORP,174.6758,#N/A N/A,2087.416,52.297,6051.036
GPOR US Equity 2019,#N/A N/A,#N/A N/A,#N/A N/A,#N/A N/A,#N/A N/A,#N/A N/A,#N/A N/A,#N/A N/A,#N/A N/A,#N/A N/A,#N/A N/A,#N/A N/A,#N/A N/A,#N/A N/A,#N/A N/A,#N/A N/A,#N/A N/A,#N/A N/A,#N/A N/A,#N/A N/A,#N/A N/A,#N/A N/A,GULFPORT ENERGY CORP,160.3411,#N/A N/A,2036.089,6.06,3882.819
GPOR US Equity 2020,354.529,0.862,#N/A N/A,#N/A N/A,#N/A N/A,#N/A N/A,#N/A N/A,#N/A N/A,#N/A N/A,#N/A N/A,#N/A N/A,#N/A N/A,#N/A N/A,#N/A N/A,#N/A N/A,#N/A N/A,#N/A N/A,#N/A N/A,#N/A N/A,#N/A N/A,#N/A N/A,#N/A N/A,GULFPORT ENERGY CORP,160.2313,#N/A N/A,253.743,89.861,2539.871
GPOR US Equity 2021,304.795,0.69,#N/A N/A,#N/A N/A,#N/A N/A,#N/A N/A,#N/A N/A,#N/A N/A,#N/A N/A,#N/A N/A,#N/A N/A,#N/A N/A,#N/A N/A,#N/A N/A,#N/A N/A,#N/A N/A,#N/A N/A,#N/A N/A,#N/A N/A,12350.328,808.802,11582.424,GULFPORT ENERGY CORP,181.379,72.03,713.268,3.26,2168.232
GPOR US Equity 2022,290.613,0.753,#N/A N/A,#N/A N/A,#N/A N/A,#N/A N/A,#N/A N/A,#N/A N/A,#N/A N/A,#N/A N/A,#N/A N/A,#N/A N/A,#N/A N/A,#N/A N/A,#N/A N/A,#N/A N/A,#N/A N/A,#N/A N/A,#N/A N/A,2172.1408,1331.112,1406.2368,GULFPORT ENERGY CORP,20.185,73.64,720.868,7.259,2534.479
GPOR US Equity 2023,275.1,1.188,#N/A N/A,#N/A N/A,#N/A N/A,#N/A N/A,#N/A N/A,#N/A N/A,#N/A N/A,#N/A N/A,#N/A N/A,#N/A N/A,#N/A N/A,#N/A N/A,#N/A N/A,#N/A N/A,#N/A N/A,#N/A N/A,#N/A N/A,3161.526,1791.702,2437.56,GULFPORT ENERGY CORP,18.645,133.2,681.681,1.929,3267.613
GPOR US Equity 2024,#N/A N/A,#N/A N/A,#N/A N/A,#N/A N/A,#N/A N/A,#N/A N/A,#N/A N/A,#N/A N/A,#N/A N/A,#N/A N/A,#N/A N/A,#N/A N/A,#N/A N/A,#N/A N/A,#N/A N/A,#N/A N/A,#N/A N/A,#N/A N/A,#N/A N/A,4023.591,958.131,3278.76,GULFPORT ENERGY CORP,18.05,184.2,708.956,1.473,2865.697
GUJS IN Equity 2018,#N/A N/A,#N/A N/A,#N/A N/A,#N/A N/A,#N/A N/A,#N/A N/A,#N/A N/A,#N/A N/A,#N/A N/A,#N/A N/A,#N/A N/A,#N/A N/A,#N/A N/A,#N/A N/A,#N/A N/A,#N/A N/A,#N/A N/A,#N/A N/A,#N/A N/A,167639.9777,72610.465,106846.4657,GUJARAT STATE PETRONET LTD,563.7449,189.5,53860.442,1621.233,119626.404
GUJS IN Equity 2019,#N/A N/A,#N/A N/A,#N/A N/A,#N/A N/A,#N/A N/A,#N/A N/A,#N/A N/A,#N/A N/A,#N/A N/A,#N/A N/A,#N/A N/A,#N/A N/A,#N/A N/A,#N/A N/A,#N/A N/A,#N/A N/A,#N/A N/A,#N/A N/A,#N/A N/A,159581.418,93451.207,107549.337,GUJARAT STATE PETRONET LTD,563.9056,190.7,45790.884,3866.381,124614.547
GUJS IN Equity 2020,#N/A N/A,#N/A N/A,#N/A N/A,#N/A N/A,#N/A N/A,#N/A N/A,#N/A N/A,#N/A N/A,#N/A N/A,#N/A N/A,#N/A N/A,#N/A N/A,#N/A N/A,#N/A N/A,#N/A N/A,#N/A N/A,#N/A N/A,#N/A N/A,#N/A N/A,141967.774,124704.69,97279.259,GUJARAT STATE PETRONET LTD,564.0441,172.45,36927.976,7444.174,133501.678
GUJS IN Equity 2021,#N/A N/A,#N/A N/A,#N/A N/A,#N/A N/A,#N/A N/A,#N/A N/A,#N/A N/A,#N/A N/A,#N/A N/A,#N/A N/A,#N/A N/A,#N/A N/A,#N/A N/A,#N/A N/A,#N/A N/A,#N/A N/A,#N/A N/A,#N/A N/A,#N/A N/A,191287.4846,115353.602,154227.1796,GUJARAT STATE PETRONET LTD,564.1771,273.35,20028.501,3646.483,141687.15
GUJS IN Equity 2022,0.189,7.315,0.485,#N/A N/A,#N/A N/A,#N/A N/A,#N/A N/A,#N/A N/A,#N/A N/A,#N/A N/A,#N/A N/A,#N/A N/A,#N/A N/A,#N/A N/A,#N/A N/A,#N/A N/A,#N/A N/A,#N/A N/A,#N/A N/A,178338.439,183219.731,146158.957,GUJARAT STATE PETRONET LTD,564.2114,259.05,7128.441,935.734,152940.371
GUJS IN Equity 2023,0.142,8.158,0.582,#N/A N/A,#N/A N/A,#N/A N/A,#N/A N/A,#N/A N/A,#N/A N/A,#N/A N/A,#N/A N/A,#N/A N/A,#N/A N/A,#N/A N/A,#N/A N/A,#N/A N/A,#N/A N/A,#N/A N/A,#N/A N/A,175300.5796,186633.46,149516.0146,GUJARAT STATE PETRONET LTD,564.2114,265,1493.858,8103.685,173159.056
GUJS IN Equity 2024,8.2,6.33,0.623,#N/A N/A,#N/A N/A,#N/A N/A,#N/A N/A,#N/A N/A,#N/A N/A,#N/A N/A,#N/A N/A,#N/A N/A,#N/A N/A,#N/A N/A,#N/A N/A,#N/A N/A,#N/A N/A,#N/A N/A,#N/A N/A,224119.5825,178976.212,201141.3555,GUJARAT STATE PETRONET LTD,564.2114,356.5,1396.138,13995.613,190558.426
GSPC IN Equity 2018,#N/A N/A,#N/A N/A,#N/A N/A,#N/A N/A,#N/A N/A,#N/A N/A,#N/A N/A,#N/A N/A,#N/A N/A,#N/A N/A,#N/A N/A,#N/A N/A,#N/A N/A,#N/A N/A,#N/A N/A,#N/A N/A,#N/A N/A,#N/A N/A,#N/A N/A,#N/A N/A,#N/A N/A,#N/A N/A,GUJARAT STATE PETROLEUM CORP,#N/A N/A,#N/A N/A,189013.9,6164.8,207221.5
GSPC IN Equity 2019,#N/A N/A,#N/A N/A,#N/A N/A,#N/A N/A,#N/A N/A,#N/A N/A,#N/A N/A,#N/A N/A,#N/A N/A,#N/A N/A,#N/A N/A,#N/A N/A,#N/A N/A,#N/A N/A,#N/A N/A,#N/A N/A,#N/A N/A,#N/A N/A,#N/A N/A,#N/A N/A,#N/A N/A,#N/A N/A,GUJARAT STATE PETROLEUM CORP,#N/A N/A,#N/A N/A,108572.6,9113.2,202804.7
GSPC IN Equity 2020,#N/A N/A,#N/A N/A,#N/A N/A,#N/A N/A,#N/A N/A,#N/A N/A,#N/A N/A,#N/A N/A,#N/A N/A,#N/A N/A,#N/A N/A,#N/A N/A,#N/A N/A,#N/A N/A,#N/A N/A,#N/A N/A,#N/A N/A,#N/A N/A,#N/A N/A,#N/A N/A,#N/A N/A,#N/A N/A,GUJARAT STATE PETROLEUM CORP,#N/A N/A,#N/A N/A,87166.2,14862.2,206105.5
GSPC IN Equity 2021,#N/A N/A,#N/A N/A,#N/A N/A,#N/A N/A,#N/A N/A,#N/A N/A,#N/A N/A,#N/A N/A,#N/A N/A,#N/A N/A,#N/A N/A,#N/A N/A,#N/A N/A,#N/A N/A,#N/A N/A,#N/A N/A,#N/A N/A,#N/A N/A,#N/A N/A,#N/A N/A,#N/A N/A,#N/A N/A,GUJARAT STATE PETROLEUM CORP,#N/A N/A,#N/A N/A,63386.7,9324.9,210136.5
GSPC IN Equity 2022,#N/A N/A,#N/A N/A,#N/A N/A,#N/A N/A,#N/A N/A,#N/A N/A,#N/A N/A,#N/A N/A,#N/A N/A,#N/A N/A,#N/A N/A,#N/A N/A,#N/A N/A,#N/A N/A,#N/A N/A,#N/A N/A,#N/A N/A,#N/A N/A,#N/A N/A,#N/A N/A,#N/A N/A,#N/A N/A,GUJARAT STATE PETROLEUM CORP,#N/A N/A,#N/A N/A,45678.3,9014.2,232747.9
GSPC IN Equity 2023,#N/A N/A,#N/A N/A,#N/A N/A,#N/A N/A,#N/A N/A,#N/A N/A,#N/A N/A,#N/A N/A,#N/A N/A,#N/A N/A,#N/A N/A,#N/A N/A,#N/A N/A,#N/A N/A,#N/A N/A,#N/A N/A,#N/A N/A,#N/A N/A,#N/A N/A,#N/A N/A,#N/A N/A,#N/A N/A,GUJARAT STATE PETROLEUM CORP,#N/A N/A,#N/A N/A,2158.5,18856.9,238552.9
GSPC IN Equity 2024,#N/A N/A,#N/A N/A,#N/A N/A,#N/A N/A,#N/A N/A,#N/A N/A,#N/A N/A,#N/A N/A,#N/A N/A,#N/A N/A,#N/A N/A,#N/A N/A,#N/A N/A,#N/A N/A,#N/A N/A,#N/A N/A,#N/A N/A,#N/A N/A,#N/A N/A,#N/A N/A,#N/A N/A,#N/A N/A,GUJARAT STATE PETROLEUM CORP,#N/A N/A,#N/A N/A,#N/A N/A,#N/A N/A,#N/A N/A
GZDGCZ CH Equity 2018,#N/A N/A,#N/A N/A,#N/A N/A,#N/A N/A,#N/A N/A,#N/A N/A,#N/A N/A,#N/A N/A,#N/A N/A,#N/A N/A,#N/A N/A,#N/A N/A,#N/A N/A,#N/A N/A,#N/A N/A,#N/A N/A,#N/A N/A,#N/A N/A,#N/A N/A,#N/A N/A,#N/A N/A,#N/A N/A,GUANGZHOU INDUSTRIAL INVESTM,#N/A N/A,#N/A N/A,31347.6906,16353.1878,73879.0056
GZDGCZ CH Equity 2019,#N/A N/A,#N/A N/A,#N/A N/A,#N/A N/A,#N/A N/A,#N/A N/A,#N/A N/A,#N/A N/A,#N/A N/A,#N/A N/A,#N/A N/A,#N/A N/A,#N/A N/A,#N/A N/A,#N/A N/A,#N/A N/A,#N/A N/A,#N/A N/A,#N/A N/A,#N/A N/A,#N/A N/A,#N/A N/A,GUANGZHOU INDUSTRIAL INVESTM,#N/A N/A,#N/A N/A,33892.7297,12496.7175,79206.3719
GZDGCZ CH Equity 2020,#N/A N/A,#N/A N/A,#N/A N/A,#N/A N/A,#N/A N/A,#N/A N/A,#N/A N/A,#N/A N/A,#N/A N/A,#N/A N/A,#N/A N/A,#N/A N/A,#N/A N/A,#N/A N/A,#N/A N/A,#N/A N/A,#N/A N/A,#N/A N/A,#N/A N/A,#N/A N/A,#N/A N/A,#N/A N/A,GUANGZHOU INDUSTRIAL INVESTM,#N/A N/A,#N/A N/A,41439.1828,15190.8841,98929.008
GZDGCZ CH Equity 2021,#N/A N/A,#N/A N/A,#N/A N/A,#N/A N/A,#N/A N/A,#N/A N/A,#N/A N/A,#N/A N/A,#N/A N/A,#N/A N/A,#N/A N/A,#N/A N/A,#N/A N/A,#N/A N/A,#N/A N/A,#N/A N/A,#N/A N/A,#N/A N/A,#N/A N/A,#N/A N/A,#N/A N/A,#N/A N/A,GUANGZHOU INDUSTRIAL INVESTM,#N/A N/A,#N/A N/A,63880.6223,24601.5704,136631.8848
GZDGCZ CH Equity 2022,#N/A N/A,#N/A N/A,#N/A N/A,#N/A N/A,#N/A N/A,#N/A N/A,#N/A N/A,#N/A N/A,#N/A N/A,#N/A N/A,#N/A N/A,#N/A N/A,#N/A N/A,#N/A N/A,#N/A N/A,#N/A N/A,#N/A N/A,#N/A N/A,#N/A N/A,#N/A N/A,#N/A N/A,#N/A N/A,GUANGZHOU INDUSTRIAL INVESTM,#N/A N/A,#N/A N/A,67970.3134,25742.8114,153586.8885
GZDGCZ CH Equity 2023,#N/A N/A,#N/A N/A,#N/A N/A,#N/A N/A,#N/A N/A,#N/A N/A,#N/A N/A,#N/A N/A,#N/A N/A,#N/A N/A,#N/A N/A,#N/A N/A,#N/A N/A,#N/A N/A,#N/A N/A,#N/A N/A,#N/A N/A,#N/A N/A,#N/A N/A,#N/A N/A,#N/A N/A,#N/A N/A,GUANGZHOU INDUSTRIAL INVESTM,#N/A N/A,#N/A N/A,78045.1471,21387.6362,155840.7007
GZDGCZ CH Equity 2024,#N/A N/A,#N/A N/A,#N/A N/A,#N/A N/A,#N/A N/A,#N/A N/A,#N/A N/A,#N/A N/A,#N/A N/A,#N/A N/A,#N/A N/A,#N/A N/A,#N/A N/A,#N/A N/A,#N/A N/A,#N/A N/A,#N/A N/A,#N/A N/A,#N/A N/A,#N/A N/A,#N/A N/A,#N/A N/A,GUANGZHOU INDUSTRIAL INVESTM,#N/A N/A,#N/A N/A,#N/A N/A,#N/A N/A,#N/A N/A
GFR US Equity 2018,#N/A N/A,#N/A N/A,#N/A N/A,#N/A N/A,#N/A N/A,#N/A N/A,#N/A N/A,#N/A N/A,#N/A N/A,#N/A N/A,#N/A N/A,#N/A N/A,#N/A N/A,#N/A N/A,#N/A N/A,#N/A N/A,#N/A N/A,#N/A N/A,#N/A N/A,#N/A N/A,#N/A N/A,#N/A N/A,GREENFIRE RESOURCES LTD,#N/A N/A,#N/A N/A,#N/A N/A,#N/A N/A,#N/A N/A
GFR US Equity 2019,#N/A N/A,#N/A N/A,#N/A N/A,#N/A N/A,#N/A N/A,#N/A N/A,#N/A N/A,#N/A N/A,#N/A N/A,#N/A N/A,#N/A N/A,#N/A N/A,#N/A N/A,#N/A N/A,#N/A N/A,#N/A N/A,#N/A N/A,#N/A N/A,#N/A N/A,#N/A N/A,#N/A N/A,#N/A N/A,GREENFIRE RESOURCES LTD,#N/A N/A,#N/A N/A,#N/A N/A,#N/A N/A,#N/A N/A
GFR US Equity 2020,#N/A N/A,#N/A N/A,#N/A N/A,#N/A N/A,#N/A N/A,#N/A N/A,#N/A N/A,#N/A N/A,#N/A N/A,#N/A N/A,#N/A N/A,#N/A N/A,#N/A N/A,#N/A N/A,#N/A N/A,#N/A N/A,#N/A N/A,#N/A N/A,#N/A N/A,#N/A N/A,#N/A N/A,#N/A N/A,GREENFIRE RESOURCES LTD,#N/A N/A,#N/A N/A,0,0,0
GFR US Equity 2021,#N/A N/A,#N/A N/A,#N/A N/A,#N/A N/A,#N/A N/A,#N/A N/A,#N/A N/A,#N/A N/A,#N/A N/A,#N/A N/A,#N/A N/A,#N/A N/A,#N/A N/A,#N/A N/A,#N/A N/A,#N/A N/A,#N/A N/A,#N/A N/A,#N/A N/A,#N/A N/A,#N/A N/A,#N/A N/A,GREENFIRE RESOURCES LTD,#N/A N/A,9.87,325.569,60.869,1129.08
GFR US Equity 2022,#N/A N/A,#N/A N/A,#N/A N/A,#N/A N/A,#N/A N/A,#N/A N/A,#N/A N/A,#N/A N/A,#N/A N/A,#N/A N/A,#N/A N/A,#N/A N/A,#N/A N/A,#N/A N/A,#N/A N/A,#N/A N/A,#N/A N/A,#N/A N/A,#N/A N/A,#N/A N/A,#N/A N/A,#N/A N/A,GREENFIRE RESOURCES LTD,#N/A N/A,10.14,254.506,35.363,1174.258
GFR US Equity 2023,#N/A N/A,#N/A N/A,#N/A N/A,#N/A N/A,#N/A N/A,#N/A N/A,#N/A N/A,#N/A N/A,#N/A N/A,#N/A N/A,#N/A N/A,#N/A N/A,#N/A N/A,#N/A N/A,#N/A N/A,#N/A N/A,#N/A N/A,#N/A N/A,#N/A N/A,709.5408,#N/A N/A,442.7158,GREENFIRE RESOURCES LTD,54.4251,4.86,376.35,109.525,1173.483
GFR US Equity 2024,#N/A N/A,#N/A N/A,#N/A N/A,#N/A N/A,#N/A N/A,#N/A N/A,#N/A N/A,#N/A N/A,#N/A N/A,#N/A N/A,#N/A N/A,#N/A N/A,#N/A N/A,#N/A N/A,#N/A N/A,#N/A N/A,#N/A N/A,#N/A N/A,#N/A N/A,958.8736,763.46,697.3626,GREENFIRE RESOURCES LTD,68.6425,7.06,328.93,67.419,1257.471
GTE US Equity 2018,590.24,#N/A N/A,#N/A N/A,#N/A N/A,#N/A N/A,#N/A N/A,#N/A N/A,#N/A N/A,#N/A N/A,#N/A N/A,#N/A N/A,#N/A N/A,#N/A N/A,#N/A N/A,#N/A N/A,#N/A N/A,#N/A N/A,#N/A N/A,#N/A N/A,1155.6125,613.431,839.9615,GRAN TIERRA ENERGY INC,39.093,21.7,399.415,83.764,1676.584
GTE US Equity 2019,450.884,25.875,#N/A N/A,#N/A N/A,#N/A N/A,#N/A N/A,#N/A N/A,#N/A N/A,#N/A N/A,#N/A N/A,#N/A N/A,#N/A N/A,#N/A N/A,#N/A N/A,#N/A N/A,#N/A N/A,#N/A N/A,#N/A N/A,#N/A N/A,1070.8232,570.983,473.4062,GRAN TIERRA ENERGY INC,37.6495,12.9,700.459,103.042,2044.664
GTE US Equity 2020,169.712,22.584,#N/A N/A,#N/A N/A,#N/A N/A,#N/A N/A,#N/A N/A,#N/A N/A,#N/A N/A,#N/A N/A,#N/A N/A,#N/A N/A,#N/A N/A,#N/A N/A,#N/A N/A,#N/A N/A,#N/A N/A,#N/A N/A,#N/A N/A,846.2679,237.838,133.5079,GRAN TIERRA ENERGY INC,36.6982,3.638,774.77,62.01,1201.725
GTE US Equity 2021,197.447,12.101,#N/A N/A,#N/A N/A,#N/A N/A,#N/A N/A,#N/A N/A,#N/A N/A,#N/A N/A,#N/A N/A,#N/A N/A,#N/A N/A,#N/A N/A,#N/A N/A,#N/A N/A,#N/A N/A,#N/A N/A,#N/A N/A,#N/A N/A,907.7157,473.722,279.4337,GRAN TIERRA ENERGY INC,36.7023,7.611,654.391,26.109,1189.111
GTE US Equity 2022,258.406,19.982,#N/A N/A,#N/A N/A,#N/A N/A,#N/A N/A,#N/A N/A,#N/A N/A,#N/A N/A,#N/A N/A,#N/A N/A,#N/A N/A,#N/A N/A,#N/A N/A,#N/A N/A,#N/A N/A,#N/A N/A,#N/A N/A,#N/A N/A,805.4096,711.388,342.6896,GRAN TIERRA ENERGY INC,36.4455,9.9,589.593,126.873,1335.61
GTE US Equity 2023,273.975,40.413,#N/A N/A,#N/A N/A,#N/A N/A,#N/A N/A,#N/A N/A,#N/A N/A,#N/A N/A,#N/A N/A,#N/A N/A,#N/A N/A,#N/A N/A,#N/A N/A,#N/A N/A,#N/A N/A,#N/A N/A,#N/A N/A,#N/A N/A,639.2563,636.957,181.8703,GRAN TIERRA ENERGY INC,33.4698,5.64,519.532,62.146,1326.289
GTE US Equity 2024,496.969,226.534,#N/A N/A,#N/A N/A,#N/A N/A,#N/A N/A,#N/A N/A,#N/A N/A,#N/A N/A,#N/A N/A,#N/A N/A,#N/A N/A,#N/A N/A,#N/A N/A,#N/A N/A,#N/A N/A,#N/A N/A,#N/A N/A,#N/A N/A,903.63,621.849,260.079,GRAN TIERRA ENERGY INC,32.0429,7.23,746.93,103.379,1654.787
GPRK US Equity 2018,282.726,#N/A N/A,#N/A N/A,#N/A N/A,#N/A N/A,#N/A N/A,#N/A N/A,#N/A N/A,#N/A N/A,#N/A N/A,#N/A N/A,#N/A N/A,#N/A N/A,#N/A N/A,#N/A N/A,#N/A N/A,#N/A N/A,#N/A N/A,#N/A N/A,1154.2582,601.2,835.8812,GEOPARK LTD,60.8547,13.7649,447.002,128.625,862.66
GPRK US Equity 2019,323.422,0.023,10.356,#N/A N/A,#N/A N/A,#N/A N/A,#N/A N/A,#N/A N/A,#N/A N/A,#N/A N/A,#N/A N/A,#N/A N/A,#N/A N/A,#N/A N/A,#N/A N/A,#N/A N/A,#N/A N/A,#N/A N/A,10.3563,1647.0716,628.9,1307.6036,GEOPARK LTD,60.4584,22.012,450.662,111.194,852.132
GPRK US Equity 2020,355.153,0.125,6781.31,9.563,#N/A N/A,0.008,6.07,0.938,1.972,#N/A N/A,#N/A N/A,15.183,522.777,6224.7998,#N/A N/A,#N/A N/A,#N/A N/A,#N/A N/A,#N/A N/A,1397.7747,393.7,792.7767,GEOPARK LTD,60.6682,12.99,806.933,201.935,960.266
GPRK US Equity 2021,421.002,0.101,5431.01,27.753,#N/A N/A,16.757,3.343,1.59,1.107,#N/A N/A,#N/A N/A,11.291,415.015,4954.1602,#N/A N/A,#N/A N/A,#N/A N/A,#N/A N/A,#N/A N/A,1283.0934,688.5,689.7254,GEOPARK LTD,60.9011,11.45,694.836,101.468,895.741
GPRK US Equity 2022,269.879,22.401,5762.76,24.659,#N/A N/A,19.814,4.666,1.549,2.168,#N/A N/A,#N/A N/A,9.493,432.889,5267.52,#N/A N/A,#N/A N/A,#N/A N/A,#N/A N/A,#N/A N/A,1291.1099,1049.6,890.2599,GEOPARK LTD,59.33,15.45,529.693,128.843,973.975
GPRK US Equity 2023,182.345,68.224,4873.74,177.201,#N/A N/A,11.95,3.988,16.396,3.1,#N/A N/A,#N/A N/A,5.485,528.675,4126.9399,#N/A N/A,#N/A N/A,#N/A N/A,#N/A N/A,#N/A N/A,874.3998,756.6,474.1568,GEOPARK LTD,56.118,8.57,533.279,133.036,1016.549
GPRK US Equity 2024,182.618,81.008,4358.01,128.869,#N/A N/A,#N/A N/A,3.556,17.881,1.984,#N/A N/A,#N/A N/A,11.765,480.627,3705.98,#N/A N/A,#N/A N/A,#N/A N/A,#N/A N/A,#N/A N/A,718.4804,660.8,475.0624,GEOPARK LTD,52.4877,9.27,540.256,296.838,1200.055
GEL US Equity 2018,#N/A N/A,#N/A N/A,#N/A N/A,#N/A N/A,#N/A N/A,#N/A N/A,#N/A N/A,#N/A N/A,#N/A N/A,#N/A N/A,#N/A N/A,#N/A N/A,#N/A N/A,#N/A N/A,#N/A N/A,#N/A N/A,#N/A N/A,#N/A N/A,#N/A N/A,6436.4632,2912.77,2264.0382,GENESIS ENERGY L.P.,122.579,18.47,3432.463,10.3,6479.071
GEL US Equity 2019,#N/A N/A,#N/A N/A,#N/A N/A,#N/A N/A,#N/A N/A,#N/A N/A,#N/A N/A,#N/A N/A,#N/A N/A,#N/A N/A,#N/A N/A,#N/A N/A,#N/A N/A,#N/A N/A,#N/A N/A,#N/A N/A,#N/A N/A,#N/A N/A,#N/A N/A,6995.3774,2480.82,2510.4224,GENESIS ENERGY L.P.,122.579,20.48,3602.553,29.128,6597.641
GEL US Equity 2020,#N/A N/A,#N/A N/A,#N/A N/A,#N/A N/A,#N/A N/A,#N/A N/A,#N/A N/A,#N/A N/A,#N/A N/A,#N/A N/A,#N/A N/A,#N/A N/A,#N/A N/A,#N/A N/A,#N/A N/A,#N/A N/A,#N/A N/A,#N/A N/A,#N/A N/A,5218.8179,1824.655,761.2169,GENESIS ENERGY L.P.,122.579,6.21,3548.687,21.282,5933.619
GEL US Equity 2021,#N/A N/A,#N/A N/A,#N/A N/A,#N/A N/A,#N/A N/A,#N/A N/A,#N/A N/A,#N/A N/A,#N/A N/A,#N/A N/A,#N/A N/A,#N/A N/A,#N/A N/A,#N/A N/A,#N/A N/A,#N/A N/A,#N/A N/A,#N/A N/A,#N/A N/A,5758.5904,2125.476,1312.8234,GENESIS ENERGY L.P.,122.579,10.71,3121.325,19.987,5905.801
GEL US Equity 2022,#N/A N/A,#N/A N/A,#N/A N/A,#N/A N/A,#N/A N/A,#N/A N/A,#N/A N/A,#N/A N/A,#N/A N/A,#N/A N/A,#N/A N/A,#N/A N/A,#N/A N/A,#N/A N/A,#N/A N/A,#N/A N/A,#N/A N/A,#N/A N/A,#N/A N/A,5639.2088,2788.957,1251.5338,GENESIS ENERGY L.P.,122.579,10.21,3193.534,7.93,6365.992
GEL US Equity 2023,#N/A N/A,#N/A N/A,#N/A N/A,#N/A N/A,#N/A N/A,#N/A N/A,#N/A N/A,#N/A N/A,#N/A N/A,#N/A N/A,#N/A N/A,#N/A N/A,#N/A N/A,#N/A N/A,#N/A N/A,#N/A N/A,#N/A N/A,#N/A N/A,#N/A N/A,6276.3318,3176.996,1418.1368,GENESIS ENERGY L.P.,122.535,11.58,3606.07,9.234,7018.778
GEL US Equity 2024,#N/A N/A,#N/A N/A,#N/A N/A,#N/A N/A,#N/A N/A,#N/A N/A,#N/A N/A,#N/A N/A,#N/A N/A,#N/A N/A,#N/A N/A,#N/A N/A,#N/A N/A,#N/A N/A,#N/A N/A,#N/A N/A,#N/A N/A,#N/A N/A,#N/A N/A,6414.1223,2966.216,1238.1143,GENESIS ENERGY L.P.,122.4643,10.11,3960.35,10.748,7037.692
GEKTERNA GA Equity 2018,610.967,#N/A N/A,#N/A N/A,#N/A N/A,#N/A N/A,#N/A N/A,#N/A N/A,#N/A N/A,#N/A N/A,#N/A N/A,#N/A N/A,#N/A N/A,#N/A N/A,#N/A N/A,#N/A N/A,#N/A N/A,#N/A N/A,#N/A N/A,#N/A N/A,2041.9571,1402.7,471.7901,GEK TERNA SA,98.1026,4.8,1850.666,523.242,4009.848
GEKTERNA GA Equity 2019,664.867,#N/A N/A,#N/A N/A,#N/A N/A,#N/A N/A,#N/A N/A,#N/A N/A,#N/A N/A,#N/A N/A,#N/A N/A,#N/A N/A,#N/A N/A,#N/A N/A,#N/A N/A,#N/A N/A,#N/A N/A,#N/A N/A,#N/A N/A,#N/A N/A,2461.2157,1155.739,736.6497,GEK TERNA SA,97.9959,7.57,2048.283,594.671,4309.269
GEKTERNA GA Equity 2020,#N/A N/A,#N/A N/A,#N/A N/A,#N/A N/A,#N/A N/A,#N/A N/A,#N/A N/A,#N/A N/A,#N/A N/A,#N/A N/A,#N/A N/A,#N/A N/A,#N/A N/A,#N/A N/A,#N/A N/A,#N/A N/A,#N/A N/A,#N/A N/A,#N/A N/A,2410.7214,971.305,763.3594,GEK TERNA SA,96.9456,7.88,2444.151,1108.417,4634.803
GEKTERNA GA Equity 2021,813.239,64.535,4035.68,457.657,160.164,2820.3799,3.346,11.574,0.174,1.331,#N/A N/A,#N/A N/A,39.098,511.428,18.769,#N/A N/A,#N/A N/A,11.765,#N/A N/A,2445.0872,#N/A N/A,915.2332,GEK TERNA SA,96.2401,9.51,2623.284,1364.351,4812.438
GEKTERNA GA Equity 2022,880.184,32.346,1676.22,626.326,139.174,202.744,11.8128,2.8646,0.729,1.028,#N/A N/A,#N/A N/A,43.5236,628.911,19.1097,#N/A N/A,#N/A N/A,#N/A N/A,#N/A N/A,2917.9705,3938.278,1042.6375,GEK TERNA SA,95.8586,10.9,3031.655,1491.703,5977.511
GEKTERNA GA Equity 2023,570.78,22.973,4166.44,706.691,184.216,1941.8199,25.2105,33.0903,0.878,1.0613,#N/A N/A,#N/A N/A,37.6591,1227.86,7.9549,#N/A N/A,#N/A N/A,#N/A N/A,#N/A N/A,3388.5182,3499.207,1256.1872,GEK TERNA SA,94.146,13.16,3108.468,1310.649,6054.329
GEKTERNA GA Equity 2024,801.371,57.541,6434.24,877.869,875.263,2375.6001,26.1492,44.0115,1.634,1.7531,#N/A N/A,#N/A N/A,37.6837,2184.8201,9.4554,#N/A N/A,#N/A N/A,#N/A N/A,#N/A N/A,5234.9403,3249.861,1853.8583,GEK TERNA SA,98.9447,18.48,4884.39,1517.445,8388.186
GALP PL Equity 2018,3700.19,140.199,84096,5935.5801,#N/A N/A,1198.9,657.97,#N/A N/A,11.149,#N/A N/A,#N/A N/A,51.917,14443.5,61174.3984,#N/A N/A,#N/A N/A,#N/A N/A,622.534,#N/A N/A,14636.5125,17182,11439.5125,GALP ENERGIA SGPS SA,829.2506,13.795,3245,1508,12687
GALP PL Equity 2019,3745.54,103.343,58434.199,6466.5801,#N/A N/A,935.716,669.161,#N/A N/A,6.204,#N/A N/A,#N/A N/A,64.913,1604.39,48444.8008,#N/A N/A,#N/A N/A,#N/A N/A,242.4,#N/A N/A,16207.8345,16570,12355.8345,GALP ENERGIA SGPS SA,829.2506,14.9,4118,1503,13770
GALP PL Equity 2020,3591.89,80.286,47265.301,4605.75,#N/A N/A,968.125,255.354,#N/A N/A,1.823,#N/A N/A,#N/A N/A,39.046,1518.49,39634.3008,#N/A N/A,#N/A N/A,#N/A N/A,242.4,#N/A N/A,10810.2601,11381,7259.2601,GALP ENERGIA SGPS SA,829.2506,8.754,4331,1720,12492
GALP PL Equity 2021,3198.74,55.808,46253.602,5581.8501,#N/A N/A,1116.4301,206.795,#N/A N/A,0.504,#N/A N/A,#N/A N/A,88.463,1447.64,37812,#N/A N/A,#N/A N/A,#N/A N/A,#N/A N/A,#N/A N/A,11520.2154,16117,7065.2154,GALP ENERGIA SGPS SA,829.2506,8.52,5479,1942,14912
GALP PL Equity 2022,3442.51,#N/A N/A,46244,4660,#N/A N/A,1020,610,#N/A N/A,2,#N/A N/A,#N/A N/A,#N/A N/A,1340,38610,#N/A N/A,#N/A N/A,#N/A N/A,#N/A N/A,2,14031.5566,26840,10278.5566,GALP ENERGIA SGPS SA,815.1115,12.61,5264,2467,16096
GALP PL Equity 2023,3013.84,35.855,39547.301,4145.8398,#N/A N/A,963.146,707.705,#N/A N/A,6.514,#N/A N/A,#N/A N/A,#N/A N/A,1166.33,32557.6992,#N/A N/A,#N/A N/A,#N/A N/A,#N/A N/A,#N/A N/A,14400.9236,20679,10312.9236,GALP ENERGIA SGPS SA,773.0827,13.34,5410,2242,16605
GALP PL Equity 2024,3128.18,24.421,42717.898,3525.8401,#N/A N/A,1781.71,576.15,#N/A N/A,7.229,#N/A N/A,#N/A N/A,#N/A N/A,1166.58,35660.3984,#N/A N/A,#N/A N/A,#N/A N/A,#N/A N/A,#N/A N/A,15551.2478,21311,12018.2478,GALP ENERGIA SGPS SA,753,15.95,4907,2324,16817
GAIL IN Equity 2018,2928.78,733.843,0.865,#N/A N/A,#N/A N/A,#N/A N/A,#N/A N/A,#N/A N/A,#N/A N/A,#N/A N/A,#N/A N/A,#N/A N/A,#N/A N/A,#N/A N/A,#N/A N/A,#N/A N/A,#N/A N/A,#N/A N/A,#N/A N/A,729855.655,546943.1,740903.555,GAIL INDIA LTD,6765.2128,109.52,20963,32400.1,613341.4
GAIL IN Equity 2019,3424.27,396.616,0.989,#N/A N/A,#N/A N/A,#N/A N/A,#N/A N/A,#N/A N/A,0.989,#N/A N/A,#N/A N/A,#N/A N/A,#N/A N/A,#N/A N/A,#N/A N/A,#N/A N/A,#N/A N/A,#N/A N/A,#N/A N/A,805239.1099,762341.7,783975.4099,GAIL INDIA LTD,6765.2128,115.88,34669.7,13865.5,684074
GAIL IN Equity 2020,3956.93,387.358,1.07,#N/A N/A,#N/A N/A,#N/A N/A,#N/A N/A,#N/A N/A,1.07,#N/A N/A,#N/A N/A,#N/A N/A,#N/A N/A,#N/A N/A,#N/A N/A,#N/A N/A,#N/A N/A,#N/A N/A,#N/A N/A,414424.9598,725677,345251.3598,GAIL INDIA LTD,6765.2128,51.03,80404.6,12101.4,749141.8
GAIL IN Equity 2021,3281.06,419.125,24348.301,0,0,0,0,0,477.417,0,0,0,0,23870.9,0,0,0,0,#N/A N/A,656441.998,574282.6,601672.198,GAIL INDIA LTD,6763.0602,90.33,78726.1,24931.2,810098.9
GAIL IN Equity 2022,4133.25,434.135,24006.5,0,0,0,0,0,0,0,0,0,0,24006.5,0,0,0,0,#N/A N/A,757174.6603,928738.2,691145.9603,GAIL INDIA LTD,6660.5778,103.77,92157.2,28040.3,965594
GAIL IN Equity 2023,3656.18,319.38,23423.801,0,0,0,0,0,0,2342.38,0,0,0,21081.4,0,0,0,0,#N/A N/A,860299.3275,1456683,691371.7275,GAIL INDIA LTD,6594.0688,105.15,178161.8,11029.7,1077807.5
GAIL IN Equity 2024,3467.99,386.108,29508.801,#N/A N/A,#N/A N/A,#N/A N/A,#N/A N/A,#N/A N/A,#N/A N/A,1475.44,#N/A N/A,#N/A N/A,#N/A N/A,28033.4,#N/A N/A,#N/A N/A,#N/A N/A,#N/A N/A,#N/A N/A,1393224.19,1332284.6,1190421.79,GAIL INDIA LTD,6575.1,181.05,217937.7,17121.3,1247172.3
