NMGBSZ CH Equity 2018,#N/A N/A,#N/A N/A,#N/A N/A,#N/A N/A,#N/A N/A,#N/A N/A,#N/A N/A,#N/A N/A,#N/A N/A,#N/A N/A,#N/A N/A,#N/A N/A,#N/A N/A,#N/A N/A,#N/A N/A,#N/A N/A,#N/A N/A,#N/A N/A,#N/A N/A,#N/A N/A,#N/A N/A,#N/A N/A,INNER MONGOLIAN ZHUNGER BAIS,#N/A N/A,#N/A N/A,#N/A N/A,#N/A N/A,#N/A N/A
NMGBSZ CH Equity 2019,#N/A N/A,#N/A N/A,#N/A N/A,#N/A N/A,#N/A N/A,#N/A N/A,#N/A N/A,#N/A N/A,#N/A N/A,#N/A N/A,#N/A N/A,#N/A N/A,#N/A N/A,#N/A N/A,#N/A N/A,#N/A N/A,#N/A N/A,#N/A N/A,#N/A N/A,#N/A N/A,#N/A N/A,#N/A N/A,INNER MONGOLIAN ZHUNGER BAIS,#N/A N/A,#N/A N/A,#N/A N/A,#N/A N/A,#N/A N/A
NMGBSZ CH Equity 2020,#N/A N/A,#N/A N/A,#N/A N/A,#N/A N/A,#N/A N/A,#N/A N/A,#N/A N/A,#N/A N/A,#N/A N/A,#N/A N/A,#N/A N/A,#N/A N/A,#N/A N/A,#N/A N/A,#N/A N/A,#N/A N/A,#N/A N/A,#N/A N/A,#N/A N/A,#N/A N/A,#N/A N/A,#N/A N/A,INNER MONGOLIAN ZHUNGER BAIS,#N/A N/A,#N/A N/A,#N/A N/A,#N/A N/A,#N/A N/A
NMGBSZ CH Equity 2021,#N/A N/A,#N/A N/A,#N/A N/A,#N/A N/A,#N/A N/A,#N/A N/A,#N/A N/A,#N/A N/A,#N/A N/A,#N/A N/A,#N/A N/A,#N/A N/A,#N/A N/A,#N/A N/A,#N/A N/A,#N/A N/A,#N/A N/A,#N/A N/A,#N/A N/A,#N/A N/A,#N/A N/A,#N/A N/A,INNER MONGOLIAN ZHUNGER BAIS,#N/A N/A,#N/A N/A,#N/A N/A,#N/A N/A,#N/A N/A
NMGBSZ CH Equity 2022,#N/A N/A,#N/A N/A,#N/A N/A,#N/A N/A,#N/A N/A,#N/A N/A,#N/A N/A,#N/A N/A,#N/A N/A,#N/A N/A,#N/A N/A,#N/A N/A,#N/A N/A,#N/A N/A,#N/A N/A,#N/A N/A,#N/A N/A,#N/A N/A,#N/A N/A,#N/A N/A,#N/A N/A,#N/A N/A,INNER MONGOLIAN ZHUNGER BAIS,#N/A N/A,#N/A N/A,#N/A N/A,#N/A N/A,#N/A N/A
NMGBSZ CH Equity 2023,#N/A N/A,#N/A N/A,#N/A N/A,#N/A N/A,#N/A N/A,#N/A N/A,#N/A N/A,#N/A N/A,#N/A N/A,#N/A N/A,#N/A N/A,#N/A N/A,#N/A N/A,#N/A N/A,#N/A N/A,#N/A N/A,#N/A N/A,#N/A N/A,#N/A N/A,#N/A N/A,#N/A N/A,#N/A N/A,INNER MONGOLIAN ZHUNGER BAIS,#N/A N/A,#N/A N/A,#N/A N/A,#N/A N/A,#N/A N/A
NMGBSZ CH Equity 2024,#N/A N/A,#N/A N/A,#N/A N/A,#N/A N/A,#N/A N/A,#N/A N/A,#N/A N/A,#N/A N/A,#N/A N/A,#N/A N/A,#N/A N/A,#N/A N/A,#N/A N/A,#N/A N/A,#N/A N/A,#N/A N/A,#N/A N/A,#N/A N/A,#N/A N/A,#N/A N/A,#N/A N/A,#N/A N/A,INNER MONGOLIAN ZHUNGER BAIS,#N/A N/A,#N/A N/A,#N/A N/A,#N/A N/A,#N/A N/A
NHC AU Equity 2018,#N/A N/A,#N/A N/A,#N/A N/A,#N/A N/A,#N/A N/A,#N/A N/A,#N/A N/A,#N/A N/A,#N/A N/A,#N/A N/A,#N/A N/A,#N/A N/A,#N/A N/A,#N/A N/A,#N/A N/A,#N/A N/A,#N/A N/A,#N/A N/A,#N/A N/A,2386.6305,1078.573,2651.3735,NEW HOPE CORP LTD,831.142,3.19,10.232,274.975,2338.367
NHC AU Equity 2019,#N/A N/A,#N/A N/A,#N/A N/A,#N/A N/A,#N/A N/A,#N/A N/A,#N/A N/A,#N/A N/A,#N/A N/A,#N/A N/A,#N/A N/A,#N/A N/A,#N/A N/A,#N/A N/A,#N/A N/A,#N/A N/A,#N/A N/A,#N/A N/A,#N/A N/A,2388.3902,1306.429,2086.4792,NEW HOPE CORP LTD,831.2619,2.51,360.738,58.827,2801.413
NHC AU Equity 2020,#N/A N/A,#N/A N/A,#N/A N/A,#N/A N/A,#N/A N/A,#N/A N/A,#N/A N/A,#N/A N/A,#N/A N/A,#N/A N/A,#N/A N/A,#N/A N/A,#N/A N/A,#N/A N/A,#N/A N/A,#N/A N/A,#N/A N/A,#N/A N/A,#N/A N/A,1458.2579,1083.918,1089.5379,NEW HOPE CORP LTD,831.6818,1.31,439.097,70.377,2545.636
NHC AU Equity 2021,616.966,85.813,#N/A N/A,#N/A N/A,#N/A N/A,#N/A N/A,#N/A N/A,#N/A N/A,#N/A N/A,#N/A N/A,#N/A N/A,#N/A N/A,#N/A N/A,#N/A N/A,#N/A N/A,#N/A N/A,#N/A N/A,#N/A N/A,#N/A N/A,1832.4931,1048.239,1659.2581,NEW HOPE CORP LTD,832.3482,1.995,597.898,424.663,2775.867
NHC AU Equity 2022,500.309,68.914,#N/A N/A,#N/A N/A,#N/A N/A,#N/A N/A,#N/A N/A,#N/A N/A,#N/A N/A,#N/A N/A,#N/A N/A,#N/A N/A,#N/A N/A,#N/A N/A,#N/A N/A,#N/A N/A,#N/A N/A,#N/A N/A,#N/A N/A,3126.8546,2552.395,3654.0476,NEW HOPE CORP LTD,832.3571,4.39,288.521,815.714,3427.035
NHC AU Equity 2023,595.1,58.456,0.027,#N/A N/A,#N/A N/A,#N/A N/A,#N/A N/A,#N/A N/A,#N/A N/A,#N/A N/A,#N/A N/A,#N/A N/A,#N/A N/A,#N/A N/A,#N/A N/A,#N/A N/A,#N/A N/A,#N/A N/A,#N/A N/A,3843.0003,2754.498,4488.7313,NEW HOPE CORP LTD,863.2368,5.31,84.923,730.654,3243.307
NHC AU Equity 2024,#N/A N/A,#N/A N/A,#N/A N/A,#N/A N/A,#N/A N/A,#N/A N/A,#N/A N/A,#N/A N/A,#N/A N/A,#N/A N/A,#N/A N/A,#N/A N/A,#N/A N/A,#N/A N/A,#N/A N/A,#N/A N/A,#N/A N/A,#N/A N/A,#N/A N/A,3839.5177,1802.206,4116.7837,NEW HOPE CORP LTD,845.009,4.87,361.494,638.76,3468.571
NBC VN Equity 2018,#N/A N/A,#N/A N/A,#N/A N/A,#N/A N/A,#N/A N/A,#N/A N/A,#N/A N/A,#N/A N/A,#N/A N/A,#N/A N/A,#N/A N/A,#N/A N/A,#N/A N/A,#N/A N/A,#N/A N/A,#N/A N/A,#N/A N/A,#N/A N/A,#N/A N/A,2211013.359,#N/A N/A,251594.0432,VINACOMIN - NUI BEO COAL JSC,36.9991,6800,1962748.856,3329.5407,3133724.592
NBC VN Equity 2019,#N/A N/A,#N/A N/A,#N/A N/A,#N/A N/A,#N/A N/A,#N/A N/A,#N/A N/A,#N/A N/A,#N/A N/A,#N/A N/A,#N/A N/A,#N/A N/A,#N/A N/A,#N/A N/A,#N/A N/A,#N/A N/A,#N/A N/A,#N/A N/A,#N/A N/A,2547920.511,#N/A N/A,244194.2184,VINACOMIN - NUI BEO COAL JSC,36.9991,6600,2307156.652,3430.3597,3602416.329
NBC VN Equity 2020,#N/A N/A,#N/A N/A,#N/A N/A,#N/A N/A,#N/A N/A,#N/A N/A,#N/A N/A,#N/A N/A,#N/A N/A,#N/A N/A,#N/A N/A,#N/A N/A,#N/A N/A,#N/A N/A,#N/A N/A,#N/A N/A,#N/A N/A,#N/A N/A,#N/A N/A,2808602.883,#N/A N/A,236794.3936,VINACOMIN - NUI BEO COAL JSC,36.9991,6400,2575692.002,3883.5127,3561310.752
NBC VN Equity 2021,#N/A N/A,#N/A N/A,#N/A N/A,#N/A N/A,#N/A N/A,#N/A N/A,#N/A N/A,#N/A N/A,#N/A N/A,#N/A N/A,#N/A N/A,#N/A N/A,#N/A N/A,#N/A N/A,#N/A N/A,#N/A N/A,#N/A N/A,#N/A N/A,#N/A N/A,3073849.266,#N/A N/A,665984.232,VINACOMIN - NUI BEO COAL JSC,36.9991,18000,2410961.463,3096.429,3471005.39
NBC VN Equity 2022,#N/A N/A,#N/A N/A,#N/A N/A,#N/A N/A,#N/A N/A,#N/A N/A,#N/A N/A,#N/A N/A,#N/A N/A,#N/A N/A,#N/A N/A,#N/A N/A,#N/A N/A,#N/A N/A,#N/A N/A,#N/A N/A,#N/A N/A,#N/A N/A,#N/A N/A,2231014.109,#N/A N/A,288593.1672,VINACOMIN - NUI BEO COAL JSC,36.9991,7800,1944255.041,1834.0991,3373244.249
NBC VN Equity 2023,#N/A N/A,#N/A N/A,#N/A N/A,#N/A N/A,#N/A N/A,#N/A N/A,#N/A N/A,#N/A N/A,#N/A N/A,#N/A N/A,#N/A N/A,#N/A N/A,#N/A N/A,#N/A N/A,#N/A N/A,#N/A N/A,#N/A N/A,#N/A N/A,#N/A N/A,1826548.844,3221458.25,447689.4004,VINACOMIN - NUI BEO COAL JSC,36.9991,12100,1382136.6,3277.157,2629770.311
NBC VN Equity 2024,#N/A N/A,#N/A N/A,#N/A N/A,#N/A N/A,#N/A N/A,#N/A N/A,#N/A N/A,#N/A N/A,#N/A N/A,#N/A N/A,#N/A N/A,#N/A N/A,#N/A N/A,#N/A N/A,#N/A N/A,#N/A N/A,#N/A N/A,#N/A N/A,#N/A N/A,1407623.029,#N/A N/A,340391.9408,VINACOMIN - NUI BEO COAL JSC,36.9991,9200,1073853.051,6621.9631,2570220.921
NCR AU Equity 2018,#N/A N/A,#N/A N/A,#N/A N/A,#N/A N/A,#N/A N/A,#N/A N/A,#N/A N/A,#N/A N/A,#N/A N/A,#N/A N/A,#N/A N/A,#N/A N/A,#N/A N/A,#N/A N/A,#N/A N/A,#N/A N/A,#N/A N/A,#N/A N/A,#N/A N/A,10.9408,#N/A N/A,11.5292,NUCOAL RESOURCES LTD,768.6124,0.015,0,0.5883,5.5627
NCR AU Equity 2019,#N/A N/A,#N/A N/A,#N/A N/A,#N/A N/A,#N/A N/A,#N/A N/A,#N/A N/A,#N/A N/A,#N/A N/A,#N/A N/A,#N/A N/A,#N/A N/A,#N/A N/A,#N/A N/A,#N/A N/A,#N/A N/A,#N/A N/A,#N/A N/A,#N/A N/A,13.0708,#N/A N/A,13.835,NUCOAL RESOURCES LTD,768.6124,0.018,0,0.7642,4.8455
NCR AU Equity 2020,#N/A N/A,#N/A N/A,#N/A N/A,#N/A N/A,#N/A N/A,#N/A N/A,#N/A N/A,#N/A N/A,#N/A N/A,#N/A N/A,#N/A N/A,#N/A N/A,#N/A N/A,#N/A N/A,#N/A N/A,#N/A N/A,#N/A N/A,#N/A N/A,#N/A N/A,4.6287,#N/A N/A,5.3803,NUCOAL RESOURCES LTD,768.6124,0.007,0,0.7516,4.2785
NCR AU Equity 2021,#N/A N/A,#N/A N/A,#N/A N/A,#N/A N/A,#N/A N/A,#N/A N/A,#N/A N/A,#N/A N/A,#N/A N/A,#N/A N/A,#N/A N/A,#N/A N/A,#N/A N/A,#N/A N/A,#N/A N/A,#N/A N/A,#N/A N/A,#N/A N/A,#N/A N/A,4.065,#N/A N/A,7.6861,NUCOAL RESOURCES LTD,768.6124,0.01,0,3.6211,3.7612
NCR AU Equity 2022,#N/A N/A,#N/A N/A,#N/A N/A,#N/A N/A,#N/A N/A,#N/A N/A,#N/A N/A,#N/A N/A,#N/A N/A,#N/A N/A,#N/A N/A,#N/A N/A,#N/A N/A,#N/A N/A,#N/A N/A,#N/A N/A,#N/A N/A,#N/A N/A,#N/A N/A,5.2365,#N/A N/A,8.4547,NUCOAL RESOURCES LTD,768.6124,0.011,0,3.2183,3.3898
NCR AU Equity 2023,#N/A N/A,#N/A N/A,#N/A N/A,#N/A N/A,#N/A N/A,#N/A N/A,#N/A N/A,#N/A N/A,#N/A N/A,#N/A N/A,#N/A N/A,#N/A N/A,#N/A N/A,#N/A N/A,#N/A N/A,#N/A N/A,#N/A N/A,#N/A N/A,#N/A N/A,#N/A N/A,#N/A N/A,#N/A N/A,NUCOAL RESOURCES LTD,768.6124,0.005,0,2.82,2.9224
NCR AU Equity 2024,#N/A N/A,#N/A N/A,#N/A N/A,#N/A N/A,#N/A N/A,#N/A N/A,#N/A N/A,#N/A N/A,#N/A N/A,#N/A N/A,#N/A N/A,#N/A N/A,#N/A N/A,#N/A N/A,#N/A N/A,#N/A N/A,#N/A N/A,#N/A N/A,#N/A N/A,#N/A N/A,#N/A N/A,#N/A N/A,NUCOAL RESOURCES LTD,768.6124,#N/A N/A,0,2.425,2.5815
NTPC IN Equity 2018,231987,29.498,#N/A N/A,#N/A N/A,#N/A N/A,#N/A N/A,#N/A N/A,#N/A N/A,#N/A N/A,#N/A N/A,#N/A N/A,#N/A N/A,#N/A N/A,#N/A N/A,#N/A N/A,#N/A N/A,#N/A N/A,#N/A N/A,#N/A N/A,2665000.009,880833.1,1399255.309,NTPC LTD,9894.5573,141.42,1300143,43876,2823616.7
NTPC IN Equity 2019,240369,23.267,#N/A N/A,#N/A N/A,#N/A N/A,#N/A N/A,#N/A N/A,#N/A N/A,#N/A N/A,#N/A N/A,#N/A N/A,#N/A N/A,#N/A N/A,#N/A N/A,#N/A N/A,#N/A N/A,#N/A N/A,#N/A N/A,#N/A N/A,3062765.866,957420.3,1332796.866,NTPC LTD,9894.5573,134.7,1730221.3,29334.3,3466611.6
NTPC IN Equity 2020,226080,15.845,980.753,#N/A N/A,#N/A N/A,#N/A N/A,#N/A N/A,#N/A N/A,28,0.06,#N/A N/A,#N/A N/A,#N/A N/A,#N/A N/A,#N/A N/A,#N/A N/A,#N/A N/A,#N/A N/A,952.69,2840447.423,1094640.4,833121.723,NTPC LTD,9894.5573,84.2,2006296.7,32142.9,3784854.4
NTPC IN Equity 2021,263900,0,573.404,#N/A N/A,#N/A N/A,#N/A N/A,534.18,#N/A N/A,26.919,12.31,#N/A N/A,#N/A N/A,#N/A N/A,#N/A N/A,#N/A N/A,#N/A N/A,#N/A N/A,#N/A N/A,#N/A N/A,3122653.277,1115311.5,1033179.777,NTPC LTD,9844.6779,106.55,2101932.9,47696.5,3988876.4
NTPC IN Equity 2022,304140,0,1113.88,#N/A N/A,#N/A N/A,#N/A N/A,1099.74,#N/A N/A,2.104,12.03,#N/A N/A,#N/A N/A,#N/A N/A,#N/A N/A,#N/A N/A,#N/A N/A,#N/A N/A,#N/A N/A,#N/A N/A,3409138.828,1326692.8,1309049.928,NTPC LTD,9696.6661,135,2107065.6,44580.8,4165964.1
NTPC IN Equity 2023,336480,0,4364.55,#N/A N/A,#N/A N/A,#N/A N/A,4342.93,#N/A N/A,4.202,17.42,#N/A N/A,#N/A N/A,#N/A N/A,#N/A N/A,#N/A N/A,#N/A N/A,#N/A N/A,#N/A N/A,#N/A N/A,3916337.04,1762069.3,1697886.24,NTPC LTD,9696.6661,175.1,2229131.6,49985.3,4479132.5
NTPC IN Equity 2024,353293,0,3266.22,#N/A N/A,#N/A N/A,#N/A N/A,3231.54,#N/A N/A,5.025,29.65,#N/A N/A,#N/A N/A,#N/A N/A,#N/A N/A,#N/A N/A,#N/A N/A,#N/A N/A,#N/A N/A,#N/A N/A,5602606.988,1785008.8,3256140.488,NTPC LTD,9696.6661,335.8,2371309.8,68973.4,4801965.7
NRG US Equity 2018,49711.199,189,13.8,#N/A N/A,#N/A N/A,#N/A N/A,#N/A N/A,#N/A N/A,13,0.8,#N/A N/A,#N/A N/A,#N/A N/A,#N/A N/A,#N/A N/A,#N/A N/A,#N/A N/A,#N/A N/A,#N/A N/A,17209.5415,9478,11232.5415,NRG ENERGY INC,304,39.6,6521,563,10628
NRG US Equity 2019,42000,187,10.8,#N/A N/A,#N/A N/A,#N/A N/A,#N/A N/A,#N/A N/A,10,0.8,#N/A N/A,#N/A N/A,#N/A N/A,#N/A N/A,#N/A N/A,#N/A N/A,#N/A N/A,#N/A N/A,#N/A N/A,16019.5985,9821,9897.5985,NRG ENERGY INC,262,39.75,6447,345,12531
NRG US Equity 2020,29767.5,241.46,3.287,#N/A N/A,#N/A N/A,#N/A N/A,#N/A N/A,#N/A N/A,2.487,0.8,#N/A N/A,#N/A N/A,#N/A N/A,#N/A N/A,#N/A N/A,#N/A N/A,#N/A N/A,#N/A N/A,#N/A N/A,14304.9091,9093,9170.9091,NRG ENERGY INC,245,37.55,9039,3905,14902
NRG US Equity 2021,36557.398,176.859,1.148,#N/A N/A,#N/A N/A,#N/A N/A,#N/A N/A,#N/A N/A,1.148,#N/A N/A,#N/A N/A,#N/A N/A,#N/A N/A,#N/A N/A,#N/A N/A,#N/A N/A,#N/A N/A,#N/A N/A,#N/A N/A,18537.918,26989,10500.918,NRG ENERGY INC,245,43.08,8287,250,23182
NRG US Equity 2022,37417.602,141.831,2.432,0,0,0,0,0,2.432,0,0,0,0,0,0,0,0,0,#N/A N/A,15176.632,31543,7304.632,NRG ENERGY INC,236,31.82,8302,430,29146
NRG US Equity 2023,26835.9,145.614,4.681,#N/A N/A,#N/A N/A,#N/A N/A,#N/A N/A,#N/A N/A,4.681,#N/A N/A,#N/A N/A,#N/A N/A,#N/A N/A,#N/A N/A,#N/A N/A,#N/A N/A,0,#N/A N/A,#N/A N/A,21840.3701,28823,10760.3701,NRG ENERGY INC,228,51.7,10971,541,26038
NRG US Equity 2024,#N/A N/A,#N/A N/A,#N/A N/A,#N/A N/A,#N/A N/A,#N/A N/A,#N/A N/A,#N/A N/A,#N/A N/A,#N/A N/A,#N/A N/A,#N/A N/A,#N/A N/A,#N/A N/A,#N/A N/A,#N/A N/A,#N/A N/A,#N/A N/A,#N/A N/A,28593.0532,28130,17918.0532,NRG ENERGY INC,206,90.22,10991,966,24022
NWE US Equity 2018,2879.2,14.996,#N/A N/A,#N/A N/A,#N/A N/A,#N/A N/A,#N/A N/A,#N/A N/A,#N/A N/A,#N/A N/A,#N/A N/A,#N/A N/A,#N/A N/A,#N/A N/A,#N/A N/A,#N/A N/A,#N/A N/A,#N/A N/A,#N/A N/A,5312.4092,1192.009,3203.1622,NORTHWESTERN ENERGY GROUP IN,49.9846,59.44,2124.558,7.86,5644.376
NWE US Equity 2019,2664.49,14.439,1291.88,#N/A N/A,#N/A N/A,#N/A N/A,#N/A N/A,#N/A N/A,#N/A N/A,#N/A N/A,#N/A N/A,#N/A N/A,#N/A N/A,#N/A N/A,#N/A N/A,#N/A N/A,#N/A N/A,#N/A N/A,#N/A N/A,6114.9299,1257.91,3870.1219,NORTHWESTERN ENERGY GROUP IN,50.4286,71.67,2256.878,5.145,6083.486
NWE US Equity 2020,2160.37,10.231,1372.4,#N/A N/A,#N/A N/A,#N/A N/A,#N/A N/A,#N/A N/A,#N/A N/A,#N/A N/A,#N/A N/A,#N/A N/A,#N/A N/A,#N/A N/A,#N/A N/A,#N/A N/A,#N/A N/A,#N/A N/A,#N/A N/A,5365.0404,1198.67,2949.4364,NORTHWESTERN ENERGY GROUP IN,50.559,58.31,2432.7,5.811,6389.449
NWE US Equity 2021,2524.16,8.929,1359.77,#N/A N/A,#N/A N/A,#N/A N/A,#N/A N/A,#N/A N/A,#N/A N/A,#N/A N/A,#N/A N/A,#N/A N/A,#N/A N/A,#N/A N/A,#N/A N/A,#N/A N/A,#N/A N/A,#N/A N/A,#N/A N/A,5627.572,1372.3,3090.084,NORTHWESTERN ENERGY GROUP IN,51.709,57.16,2556.25,2.82,6780.443
NWE US Equity 2022,2745.25,9.07,1094.6,#N/A N/A,#N/A N/A,#N/A N/A,#N/A N/A,#N/A N/A,#N/A N/A,#N/A N/A,#N/A N/A,#N/A N/A,#N/A N/A,#N/A N/A,#N/A N/A,#N/A N/A,#N/A N/A,#N/A N/A,#N/A N/A,6153.5432,1477.8,3545.2272,NORTHWESTERN ENERGY GROUP IN,55.769,59.34,2630.779,8.489,7317.783
NWE US Equity 2023,2865.71,#N/A N/A,1144.86,#N/A N/A,#N/A N/A,#N/A N/A,#N/A N/A,#N/A N/A,#N/A N/A,#N/A N/A,#N/A N/A,#N/A N/A,#N/A N/A,#N/A N/A,#N/A N/A,#N/A N/A,#N/A N/A,#N/A N/A,#N/A N/A,5885.1545,1422.1,3116.9575,NORTHWESTERN ENERGY GROUP IN,60.321,50.89,2793.384,9.164,7600.652
NWE US Equity 2024,#N/A N/A,#N/A N/A,#N/A N/A,#N/A N/A,#N/A N/A,#N/A N/A,#N/A N/A,#N/A N/A,#N/A N/A,#N/A N/A,#N/A N/A,#N/A N/A,#N/A N/A,#N/A N/A,#N/A N/A,#N/A N/A,#N/A N/A,#N/A N/A,#N/A N/A,6349.954,1513.9,3278.217,NORTHWESTERN ENERGY GROUP IN,61.293,53.46,3100.754,4.283,7997.524
NMDC IN Equity 2018,35.523,61.258,512.91,#N/A N/A,#N/A N/A,#N/A N/A,#N/A N/A,#N/A N/A,#N/A N/A,#N/A N/A,#N/A N/A,#N/A N/A,#N/A N/A,#N/A N/A,#N/A N/A,#N/A N/A,#N/A N/A,#N/A N/A,#N/A N/A,325584.1157,116149,375079.2157,NMDC LTD,9491.6714,28.32,5000.9,54644.9,286913.2
NMDC IN Equity 2019,29.603,60.323,#N/A N/A,#N/A N/A,#N/A N/A,#N/A N/A,#N/A N/A,#N/A N/A,#N/A N/A,#N/A N/A,#N/A N/A,#N/A N/A,#N/A N/A,#N/A N/A,#N/A N/A,#N/A N/A,#N/A N/A,#N/A N/A,#N/A N/A,288018.26,121526.7,330468.36,NMDC LTD,9185.549,24.95,3641.5,46230.5,298912.3
NMDC IN Equity 2020,29.004,63.671,1.957,#N/A N/A,#N/A N/A,1.96,#N/A N/A,#N/A N/A,#N/A N/A,#N/A N/A,#N/A N/A,#N/A N/A,#N/A N/A,#N/A N/A,#N/A N/A,#N/A N/A,#N/A N/A,#N/A N/A,#N/A N/A,226250.6727,116992.2,244947.9727,NMDC LTD,9185.549,19.11,5655.7,24433.5,312944.3
NMDC IN Equity 2021,32.563,61.488,1.716,#N/A N/A,#N/A N/A,1.72,#N/A N/A,#N/A N/A,#N/A N/A,#N/A N/A,#N/A N/A,#N/A N/A,#N/A N/A,#N/A N/A,#N/A N/A,#N/A N/A,#N/A N/A,#N/A N/A,#N/A N/A,375905.5513,153700.6,414421.3513,NMDC LTD,8791.8176,32.33,20002.8,58654,369297.9
NMDC IN Equity 2022,57.896,55.247,#N/A N/A,#N/A N/A,#N/A N/A,#N/A N/A,#N/A N/A,#N/A N/A,#N/A N/A,#N/A N/A,#N/A N/A,#N/A N/A,#N/A N/A,#N/A N/A,#N/A N/A,#N/A N/A,#N/A N/A,#N/A N/A,#N/A N/A,414670.1809,258817.3,476369.9809,NMDC LTD,8791.8176,38.83,17999.4,79833.7,249123.4
NMDC IN Equity 2023,62.562,54.111,#N/A N/A,#N/A N/A,#N/A N/A,#N/A N/A,#N/A N/A,#N/A N/A,#N/A N/A,#N/A N/A,#N/A N/A,#N/A N/A,#N/A N/A,#N/A N/A,#N/A N/A,#N/A N/A,#N/A N/A,#N/A N/A,#N/A N/A,277295.0826,176668.8,326909.0826,NMDC LTD,8791.8176,37.18,21278.7,71035,299529.2
NMDC IN Equity 2024,75.176,59.15,69532,89.15,41.55,33.99,#N/A N/A,0.02,#N/A N/A,#N/A N/A,#N/A N/A,4050.83,65166,#N/A N/A,150.4,#N/A N/A,#N/A N/A,#N/A N/A,#N/A N/A,501322.2302,213078.5,591249.7302,NMDC LTD,8791.8176,67.25,33587.8,123685.4,356610.3
NLC IN Equity 2018,#N/A N/A,#N/A N/A,#N/A N/A,#N/A N/A,#N/A N/A,#N/A N/A,#N/A N/A,#N/A N/A,#N/A N/A,#N/A N/A,#N/A N/A,#N/A N/A,#N/A N/A,#N/A N/A,#N/A N/A,#N/A N/A,#N/A N/A,#N/A N/A,#N/A N/A,246298.4058,112883.9,128017.6058,NLC INDIA LTD,1528.5684,83.75,115108.7,3684.7,384403.6
NLC IN Equity 2019,#N/A N/A,#N/A N/A,#N/A N/A,#N/A N/A,#N/A N/A,#N/A N/A,#N/A N/A,#N/A N/A,#N/A N/A,#N/A N/A,#N/A N/A,#N/A N/A,#N/A N/A,#N/A N/A,#N/A N/A,#N/A N/A,#N/A N/A,#N/A N/A,#N/A N/A,291177.5807,#N/A N/A,96232.5807,NLC INDIA LTD,1483.4613,69.4,189238.2,5310.7,452802.9
NLC IN Equity 2020,#N/A N/A,#N/A N/A,#N/A N/A,#N/A N/A,#N/A N/A,#N/A N/A,#N/A N/A,#N/A N/A,#N/A N/A,#N/A N/A,#N/A N/A,#N/A N/A,#N/A N/A,#N/A N/A,#N/A N/A,#N/A N/A,#N/A N/A,#N/A N/A,#N/A N/A,323900.4471,103205.6,60873.3471,NLC INDIA LTD,1386.6366,43.9,249680.2,4326.8,526202.4
NLC IN Equity 2021,20000,630,#N/A N/A,#N/A N/A,#N/A N/A,#N/A N/A,#N/A N/A,#N/A N/A,#N/A N/A,#N/A N/A,#N/A N/A,#N/A N/A,#N/A N/A,#N/A N/A,#N/A N/A,#N/A N/A,#N/A N/A,#N/A N/A,#N/A N/A,353352.0851,98460.9,69886.4851,NLC INDIA LTD,1386.6366,50.4,272342.8,7845.6,532918.6
NLC IN Equity 2022,28522.9,0.213,#N/A N/A,#N/A N/A,#N/A N/A,#N/A N/A,#N/A N/A,#N/A N/A,#N/A N/A,#N/A N/A,#N/A N/A,#N/A N/A,#N/A N/A,#N/A N/A,#N/A N/A,#N/A N/A,#N/A N/A,#N/A N/A,#N/A N/A,321755.7199,119479.4,86734.1199,NLC INDIA LTD,1386.6366,62.55,220860.7,7690.4,497854.4
NLC IN Equity 2023,27978,0.324,#N/A N/A,#N/A N/A,#N/A N/A,#N/A N/A,#N/A N/A,#N/A N/A,#N/A N/A,#N/A N/A,#N/A N/A,#N/A N/A,#N/A N/A,#N/A N/A,#N/A N/A,#N/A N/A,#N/A N/A,#N/A N/A,#N/A N/A,352364.1144,1616524,106979.0144,NLC INDIA LTD,1386.6366,77.15,223331.4,2514.5,530677
NLC IN Equity 2024,25154.9,0.303,#N/A N/A,#N/A N/A,#N/A N/A,#N/A N/A,#N/A N/A,#N/A N/A,#N/A N/A,#N/A N/A,#N/A N/A,#N/A N/A,#N/A N/A,#N/A N/A,#N/A N/A,#N/A N/A,#N/A N/A,#N/A N/A,#N/A N/A,561342.5105,129990.3,316291.8105,NLC INDIA LTD,1386.6366,228.1,224154.9,7455.9,549418.1
NI1 US Equity 2018,#N/A N/A,#N/A N/A,#N/A N/A,#N/A N/A,#N/A N/A,#N/A N/A,#N/A N/A,#N/A N/A,#N/A N/A,#N/A N/A,#N/A N/A,#N/A N/A,#N/A N/A,#N/A N/A,#N/A N/A,#N/A N/A,#N/A N/A,#N/A N/A,#N/A N/A,#N/A N/A,#N/A N/A,#N/A N/A,NORTHERN INDIANA PUBLIC SERV,#N/A N/A,#N/A N/A,#N/A N/A,#N/A N/A,#N/A N/A
NI1 US Equity 2019,#N/A N/A,#N/A N/A,#N/A N/A,#N/A N/A,#N/A N/A,#N/A N/A,#N/A N/A,#N/A N/A,#N/A N/A,#N/A N/A,#N/A N/A,#N/A N/A,#N/A N/A,#N/A N/A,#N/A N/A,#N/A N/A,#N/A N/A,#N/A N/A,#N/A N/A,#N/A N/A,#N/A N/A,#N/A N/A,NORTHERN INDIANA PUBLIC SERV,#N/A N/A,#N/A N/A,#N/A N/A,#N/A N/A,#N/A N/A
NI1 US Equity 2020,#N/A N/A,#N/A N/A,#N/A N/A,#N/A N/A,#N/A N/A,#N/A N/A,#N/A N/A,#N/A N/A,#N/A N/A,#N/A N/A,#N/A N/A,#N/A N/A,#N/A N/A,#N/A N/A,#N/A N/A,#N/A N/A,#N/A N/A,#N/A N/A,#N/A N/A,#N/A N/A,#N/A N/A,#N/A N/A,NORTHERN INDIANA PUBLIC SERV,#N/A N/A,#N/A N/A,#N/A N/A,#N/A N/A,#N/A N/A
NI1 US Equity 2021,#N/A N/A,#N/A N/A,#N/A N/A,#N/A N/A,#N/A N/A,#N/A N/A,#N/A N/A,#N/A N/A,#N/A N/A,#N/A N/A,#N/A N/A,#N/A N/A,#N/A N/A,#N/A N/A,#N/A N/A,#N/A N/A,#N/A N/A,#N/A N/A,#N/A N/A,#N/A N/A,#N/A N/A,#N/A N/A,NORTHERN INDIANA PUBLIC SERV,#N/A N/A,#N/A N/A,#N/A N/A,#N/A N/A,#N/A N/A
NI1 US Equity 2022,#N/A N/A,#N/A N/A,#N/A N/A,#N/A N/A,#N/A N/A,#N/A N/A,#N/A N/A,#N/A N/A,#N/A N/A,#N/A N/A,#N/A N/A,#N/A N/A,#N/A N/A,#N/A N/A,#N/A N/A,#N/A N/A,#N/A N/A,#N/A N/A,#N/A N/A,#N/A N/A,#N/A N/A,#N/A N/A,NORTHERN INDIANA PUBLIC SERV,#N/A N/A,#N/A N/A,#N/A N/A,#N/A N/A,#N/A N/A
NI1 US Equity 2023,#N/A N/A,#N/A N/A,#N/A N/A,#N/A N/A,#N/A N/A,#N/A N/A,#N/A N/A,#N/A N/A,#N/A N/A,#N/A N/A,#N/A N/A,#N/A N/A,#N/A N/A,#N/A N/A,#N/A N/A,#N/A N/A,#N/A N/A,#N/A N/A,#N/A N/A,#N/A N/A,#N/A N/A,#N/A N/A,NORTHERN INDIANA PUBLIC SERV,#N/A N/A,#N/A N/A,#N/A N/A,#N/A N/A,#N/A N/A
NI1 US Equity 2024,#N/A N/A,#N/A N/A,#N/A N/A,#N/A N/A,#N/A N/A,#N/A N/A,#N/A N/A,#N/A N/A,#N/A N/A,#N/A N/A,#N/A N/A,#N/A N/A,#N/A N/A,#N/A N/A,#N/A N/A,#N/A N/A,#N/A N/A,#N/A N/A,#N/A N/A,#N/A N/A,#N/A N/A,#N/A N/A,NORTHERN INDIANA PUBLIC SERV,#N/A N/A,#N/A N/A,#N/A N/A,#N/A N/A,#N/A N/A
NI US Equity 2018,12580.8,43.669,2892.25,#N/A N/A,#N/A N/A,2892.25,#N/A N/A,#N/A N/A,#N/A N/A,#N/A N/A,#N/A N/A,#N/A N/A,#N/A N/A,#N/A N/A,#N/A N/A,#N/A N/A,#N/A N/A,#N/A N/A,#N/A N/A,19330.9187,5114.5,9439.4187,NISOURCE INC,356.5,25.35,9132.6,112.8,21804
NI US Equity 2019,10133.1,40.419,53819.801,#N/A N/A,#N/A N/A,#N/A N/A,#N/A N/A,#N/A N/A,#N/A N/A,#N/A N/A,#N/A N/A,#N/A N/A,#N/A N/A,#N/A N/A,#N/A N/A,#N/A N/A,#N/A N/A,#N/A N/A,#N/A N/A,21077.8573,5184.1,10638.6573,NISOURCE INC,374.6,27.84,9707.6,139.3,22659.8
NI US Equity 2020,7272.08,82.615,51336.102,#N/A N/A,#N/A N/A,2583.98,#N/A N/A,#N/A N/A,#N/A N/A,#N/A N/A,#N/A N/A,#N/A N/A,#N/A N/A,48750.1992,#N/A N/A,#N/A N/A,#N/A N/A,#N/A N/A,#N/A N/A,19613.2756,4696.7,8986.9756,NISOURCE INC,384.3,22.94,9786.3,116.5,22040.5
NI US Equity 2021,8270.92,72.123,14725.3,#N/A N/A,#N/A N/A,5583.5498,#N/A N/A,#N/A N/A,#N/A N/A,#N/A N/A,#N/A N/A,#N/A N/A,#N/A N/A,9141.7695,#N/A N/A,#N/A N/A,#N/A N/A,#N/A N/A,#N/A N/A,22803.7165,4899.6,11190.4165,NISOURCE INC,393.6,27.61,9836.1,84.2,24156.9
NI US Equity 2022,6350.41,76.591,14771.7,#N/A N/A,#N/A N/A,5655.96,#N/A N/A,#N/A N/A,#N/A N/A,#N/A N/A,#N/A N/A,#N/A N/A,#N/A N/A,10104,#N/A N/A,#N/A N/A,#N/A N/A,#N/A N/A,#N/A N/A,24450.6501,5833.7,11300.9501,NISOURCE INC,407.1,27.42,11352.2,40.8,26736.6
NI US Equity 2023,5492.28,59.78,13422.3,#N/A N/A,#N/A N/A,4545.2998,#N/A N/A,#N/A N/A,#N/A N/A,#N/A N/A,#N/A N/A,#N/A N/A,#N/A N/A,8877,#N/A N/A,#N/A N/A,#N/A N/A,#N/A N/A,#N/A N/A,26111.6834,5566,11877.9834,NISOURCE INC,416.1,26.55,14162,2245.4,31077.2
NI US Equity 2024,#N/A N/A,#N/A N/A,#N/A N/A,#N/A N/A,#N/A N/A,#N/A N/A,#N/A N/A,#N/A N/A,#N/A N/A,#N/A N/A,#N/A N/A,#N/A N/A,#N/A N/A,#N/A N/A,#N/A N/A,#N/A N/A,#N/A N/A,#N/A N/A,#N/A N/A,33043.7741,5455.1,17270.6741,NISOURCE INC,454.2,36.76,13987.6,156.6,31788.1
NHWSEZ CH Equity 2018,#N/A N/A,#N/A N/A,#N/A N/A,#N/A N/A,#N/A N/A,#N/A N/A,#N/A N/A,#N/A N/A,#N/A N/A,#N/A N/A,#N/A N/A,#N/A N/A,#N/A N/A,#N/A N/A,#N/A N/A,#N/A N/A,#N/A N/A,#N/A N/A,#N/A N/A,#N/A N/A,#N/A N/A,#N/A N/A,NINGXIA ZHONGNING POWER GENE,#N/A N/A,#N/A N/A,#N/A N/A,#N/A N/A,#N/A N/A
NHWSEZ CH Equity 2019,#N/A N/A,#N/A N/A,#N/A N/A,#N/A N/A,#N/A N/A,#N/A N/A,#N/A N/A,#N/A N/A,#N/A N/A,#N/A N/A,#N/A N/A,#N/A N/A,#N/A N/A,#N/A N/A,#N/A N/A,#N/A N/A,#N/A N/A,#N/A N/A,#N/A N/A,#N/A N/A,#N/A N/A,#N/A N/A,NINGXIA ZHONGNING POWER GENE,#N/A N/A,#N/A N/A,#N/A N/A,#N/A N/A,#N/A N/A
NHWSEZ CH Equity 2020,#N/A N/A,#N/A N/A,#N/A N/A,#N/A N/A,#N/A N/A,#N/A N/A,#N/A N/A,#N/A N/A,#N/A N/A,#N/A N/A,#N/A N/A,#N/A N/A,#N/A N/A,#N/A N/A,#N/A N/A,#N/A N/A,#N/A N/A,#N/A N/A,#N/A N/A,#N/A N/A,#N/A N/A,#N/A N/A,NINGXIA ZHONGNING POWER GENE,#N/A N/A,#N/A N/A,#N/A N/A,#N/A N/A,#N/A N/A
NHWSEZ CH Equity 2021,#N/A N/A,#N/A N/A,#N/A N/A,#N/A N/A,#N/A N/A,#N/A N/A,#N/A N/A,#N/A N/A,#N/A N/A,#N/A N/A,#N/A N/A,#N/A N/A,#N/A N/A,#N/A N/A,#N/A N/A,#N/A N/A,#N/A N/A,#N/A N/A,#N/A N/A,#N/A N/A,#N/A N/A,#N/A N/A,NINGXIA ZHONGNING POWER GENE,#N/A N/A,#N/A N/A,#N/A N/A,#N/A N/A,#N/A N/A
NHWSEZ CH Equity 2022,#N/A N/A,#N/A N/A,#N/A N/A,#N/A N/A,#N/A N/A,#N/A N/A,#N/A N/A,#N/A N/A,#N/A N/A,#N/A N/A,#N/A N/A,#N/A N/A,#N/A N/A,#N/A N/A,#N/A N/A,#N/A N/A,#N/A N/A,#N/A N/A,#N/A N/A,#N/A N/A,#N/A N/A,#N/A N/A,NINGXIA ZHONGNING POWER GENE,#N/A N/A,#N/A N/A,#N/A N/A,#N/A N/A,#N/A N/A
NHWSEZ CH Equity 2023,#N/A N/A,#N/A N/A,#N/A N/A,#N/A N/A,#N/A N/A,#N/A N/A,#N/A N/A,#N/A N/A,#N/A N/A,#N/A N/A,#N/A N/A,#N/A N/A,#N/A N/A,#N/A N/A,#N/A N/A,#N/A N/A,#N/A N/A,#N/A N/A,#N/A N/A,#N/A N/A,#N/A N/A,#N/A N/A,NINGXIA ZHONGNING POWER GENE,#N/A N/A,#N/A N/A,#N/A N/A,#N/A N/A,#N/A N/A
NHWSEZ CH Equity 2024,#N/A N/A,#N/A N/A,#N/A N/A,#N/A N/A,#N/A N/A,#N/A N/A,#N/A N/A,#N/A N/A,#N/A N/A,#N/A N/A,#N/A N/A,#N/A N/A,#N/A N/A,#N/A N/A,#N/A N/A,#N/A N/A,#N/A N/A,#N/A N/A,#N/A N/A,#N/A N/A,#N/A N/A,#N/A N/A,NINGXIA ZHONGNING POWER GENE,#N/A N/A,#N/A N/A,#N/A N/A,#N/A N/A,#N/A N/A
NINELPOZ CH Equity 2018,#N/A N/A,#N/A N/A,#N/A N/A,#N/A N/A,#N/A N/A,#N/A N/A,#N/A N/A,#N/A N/A,#N/A N/A,#N/A N/A,#N/A N/A,#N/A N/A,#N/A N/A,#N/A N/A,#N/A N/A,#N/A N/A,#N/A N/A,#N/A N/A,#N/A N/A,#N/A N/A,#N/A N/A,#N/A N/A,NINGXIA ELECTRIC POWER DEVEL,#N/A N/A,#N/A N/A,#N/A N/A,#N/A N/A,#N/A N/A
NINELPOZ CH Equity 2019,#N/A N/A,#N/A N/A,#N/A N/A,#N/A N/A,#N/A N/A,#N/A N/A,#N/A N/A,#N/A N/A,#N/A N/A,#N/A N/A,#N/A N/A,#N/A N/A,#N/A N/A,#N/A N/A,#N/A N/A,#N/A N/A,#N/A N/A,#N/A N/A,#N/A N/A,#N/A N/A,#N/A N/A,#N/A N/A,NINGXIA ELECTRIC POWER DEVEL,#N/A N/A,#N/A N/A,#N/A N/A,#N/A N/A,#N/A N/A
NINELPOZ CH Equity 2020,#N/A N/A,#N/A N/A,#N/A N/A,#N/A N/A,#N/A N/A,#N/A N/A,#N/A N/A,#N/A N/A,#N/A N/A,#N/A N/A,#N/A N/A,#N/A N/A,#N/A N/A,#N/A N/A,#N/A N/A,#N/A N/A,#N/A N/A,#N/A N/A,#N/A N/A,#N/A N/A,#N/A N/A,#N/A N/A,NINGXIA ELECTRIC POWER DEVEL,#N/A N/A,#N/A N/A,#N/A N/A,#N/A N/A,#N/A N/A
NINELPOZ CH Equity 2021,#N/A N/A,#N/A N/A,#N/A N/A,#N/A N/A,#N/A N/A,#N/A N/A,#N/A N/A,#N/A N/A,#N/A N/A,#N/A N/A,#N/A N/A,#N/A N/A,#N/A N/A,#N/A N/A,#N/A N/A,#N/A N/A,#N/A N/A,#N/A N/A,#N/A N/A,#N/A N/A,#N/A N/A,#N/A N/A,NINGXIA ELECTRIC POWER DEVEL,#N/A N/A,#N/A N/A,#N/A N/A,#N/A N/A,#N/A N/A
NINELPOZ CH Equity 2022,#N/A N/A,#N/A N/A,#N/A N/A,#N/A N/A,#N/A N/A,#N/A N/A,#N/A N/A,#N/A N/A,#N/A N/A,#N/A N/A,#N/A N/A,#N/A N/A,#N/A N/A,#N/A N/A,#N/A N/A,#N/A N/A,#N/A N/A,#N/A N/A,#N/A N/A,#N/A N/A,#N/A N/A,#N/A N/A,NINGXIA ELECTRIC POWER DEVEL,#N/A N/A,#N/A N/A,#N/A N/A,#N/A N/A,#N/A N/A
NINELPOZ CH Equity 2023,#N/A N/A,#N/A N/A,#N/A N/A,#N/A N/A,#N/A N/A,#N/A N/A,#N/A N/A,#N/A N/A,#N/A N/A,#N/A N/A,#N/A N/A,#N/A N/A,#N/A N/A,#N/A N/A,#N/A N/A,#N/A N/A,#N/A N/A,#N/A N/A,#N/A N/A,#N/A N/A,#N/A N/A,#N/A N/A,NINGXIA ELECTRIC POWER DEVEL,#N/A N/A,#N/A N/A,#N/A N/A,#N/A N/A,#N/A N/A
NINELPOZ CH Equity 2024,#N/A N/A,#N/A N/A,#N/A N/A,#N/A N/A,#N/A N/A,#N/A N/A,#N/A N/A,#N/A N/A,#N/A N/A,#N/A N/A,#N/A N/A,#N/A N/A,#N/A N/A,#N/A N/A,#N/A N/A,#N/A N/A,#N/A N/A,#N/A N/A,#N/A N/A,#N/A N/A,#N/A N/A,#N/A N/A,NINGXIA ELECTRIC POWER DEVEL,#N/A N/A,#N/A N/A,#N/A N/A,#N/A N/A,#N/A N/A
NHC AU Equity 2018,#N/A N/A,#N/A N/A,#N/A N/A,#N/A N/A,#N/A N/A,#N/A N/A,#N/A N/A,#N/A N/A,#N/A N/A,#N/A N/A,#N/A N/A,#N/A N/A,#N/A N/A,#N/A N/A,#N/A N/A,#N/A N/A,#N/A N/A,#N/A N/A,#N/A N/A,2386.6305,1078.573,2651.3735,NEW HOPE CORP LTD,831.142,3.19,10.232,274.975,2338.367
NHC AU Equity 2019,#N/A N/A,#N/A N/A,#N/A N/A,#N/A N/A,#N/A N/A,#N/A N/A,#N/A N/A,#N/A N/A,#N/A N/A,#N/A N/A,#N/A N/A,#N/A N/A,#N/A N/A,#N/A N/A,#N/A N/A,#N/A N/A,#N/A N/A,#N/A N/A,#N/A N/A,2388.3902,1306.429,2086.4792,NEW HOPE CORP LTD,831.2619,2.51,360.738,58.827,2801.413
NHC AU Equity 2020,#N/A N/A,#N/A N/A,#N/A N/A,#N/A N/A,#N/A N/A,#N/A N/A,#N/A N/A,#N/A N/A,#N/A N/A,#N/A N/A,#N/A N/A,#N/A N/A,#N/A N/A,#N/A N/A,#N/A N/A,#N/A N/A,#N/A N/A,#N/A N/A,#N/A N/A,1458.2579,1083.918,1089.5379,NEW HOPE CORP LTD,831.6818,1.31,439.097,70.377,2545.636
NHC AU Equity 2021,616.966,85.813,#N/A N/A,#N/A N/A,#N/A N/A,#N/A N/A,#N/A N/A,#N/A N/A,#N/A N/A,#N/A N/A,#N/A N/A,#N/A N/A,#N/A N/A,#N/A N/A,#N/A N/A,#N/A N/A,#N/A N/A,#N/A N/A,#N/A N/A,1832.4931,1048.239,1659.2581,NEW HOPE CORP LTD,832.3482,1.995,597.898,424.663,2775.867
NHC AU Equity 2022,500.309,68.914,#N/A N/A,#N/A N/A,#N/A N/A,#N/A N/A,#N/A N/A,#N/A N/A,#N/A N/A,#N/A N/A,#N/A N/A,#N/A N/A,#N/A N/A,#N/A N/A,#N/A N/A,#N/A N/A,#N/A N/A,#N/A N/A,#N/A N/A,3126.8546,2552.395,3654.0476,NEW HOPE CORP LTD,832.3571,4.39,288.521,815.714,3427.035
NHC AU Equity 2023,595.1,58.456,0.027,#N/A N/A,#N/A N/A,#N/A N/A,#N/A N/A,#N/A N/A,#N/A N/A,#N/A N/A,#N/A N/A,#N/A N/A,#N/A N/A,#N/A N/A,#N/A N/A,#N/A N/A,#N/A N/A,#N/A N/A,#N/A N/A,3843.0003,2754.498,4488.7313,NEW HOPE CORP LTD,863.2368,5.31,84.923,730.654,3243.307
NHC AU Equity 2024,#N/A N/A,#N/A N/A,#N/A N/A,#N/A N/A,#N/A N/A,#N/A N/A,#N/A N/A,#N/A N/A,#N/A N/A,#N/A N/A,#N/A N/A,#N/A N/A,#N/A N/A,#N/A N/A,#N/A N/A,#N/A N/A,#N/A N/A,#N/A N/A,#N/A N/A,3839.5177,1802.206,4116.7837,NEW HOPE CORP LTD,845.009,4.87,361.494,638.76,3468.571
NBVL IN Equity 2018,#N/A N/A,#N/A N/A,#N/A N/A,#N/A N/A,#N/A N/A,#N/A N/A,#N/A N/A,#N/A N/A,#N/A N/A,#N/A N/A,#N/A N/A,#N/A N/A,#N/A N/A,#N/A N/A,#N/A N/A,#N/A N/A,#N/A N/A,#N/A N/A,#N/A N/A,56957.9064,#N/A N/A,#N/A N/A,NAVA BHARAT VENTURES LTD,#N/A N/A,#N/A N/A,34491.145,4773.353,82311.239
NBVL IN Equity 2019,#N/A N/A,#N/A N/A,#N/A N/A,#N/A N/A,#N/A N/A,#N/A N/A,#N/A N/A,#N/A N/A,#N/A N/A,#N/A N/A,#N/A N/A,#N/A N/A,#N/A N/A,#N/A N/A,#N/A N/A,#N/A N/A,#N/A N/A,#N/A N/A,#N/A N/A,52637.3265,31034.636,#N/A N/A,NAVA BHARAT VENTURES LTD,#N/A N/A,#N/A N/A,34376.39,3933.515,84719.758
NBVL IN Equity 2020,#N/A N/A,#N/A N/A,#N/A N/A,#N/A N/A,#N/A N/A,#N/A N/A,#N/A N/A,#N/A N/A,#N/A N/A,#N/A N/A,#N/A N/A,#N/A N/A,#N/A N/A,#N/A N/A,#N/A N/A,#N/A N/A,#N/A N/A,#N/A N/A,#N/A N/A,42410.5771,#N/A N/A,#N/A N/A,NAVA BHARAT VENTURES LTD,#N/A N/A,#N/A N/A,34919.165,4042.282,93659.055
NBVL IN Equity 2021,#N/A N/A,#N/A N/A,#N/A N/A,#N/A N/A,#N/A N/A,#N/A N/A,#N/A N/A,#N/A N/A,#N/A N/A,#N/A N/A,#N/A N/A,#N/A N/A,#N/A N/A,#N/A N/A,#N/A N/A,#N/A N/A,#N/A N/A,#N/A N/A,#N/A N/A,33656.231,25485.046,#N/A N/A,NAVA BHARAT VENTURES LTD,#N/A N/A,#N/A N/A,23293.28,6559.657,96899.741
NBVL IN Equity 2022,#N/A N/A,#N/A N/A,#N/A N/A,#N/A N/A,#N/A N/A,#N/A N/A,#N/A N/A,#N/A N/A,#N/A N/A,#N/A N/A,#N/A N/A,#N/A N/A,#N/A N/A,#N/A N/A,#N/A N/A,#N/A N/A,#N/A N/A,#N/A N/A,#N/A N/A,55145.1659,33476.609,#N/A N/A,NAVA BHARAT VENTURES LTD,#N/A N/A,#N/A N/A,35869.289,8398.816,107458.288
NBVL IN Equity 2023,#N/A N/A,#N/A N/A,#N/A N/A,#N/A N/A,#N/A N/A,#N/A N/A,#N/A N/A,#N/A N/A,#N/A N/A,#N/A N/A,#N/A N/A,#N/A N/A,#N/A N/A,#N/A N/A,#N/A N/A,#N/A N/A,#N/A N/A,#N/A N/A,#N/A N/A,64738.1101,35281.458,#N/A N/A,NAVA BHARAT VENTURES LTD,#N/A N/A,#N/A N/A,30744.528,8467.635,111599.811
NBVL IN Equity 2024,#N/A N/A,#N/A N/A,#N/A N/A,#N/A N/A,#N/A N/A,#N/A N/A,#N/A N/A,#N/A N/A,#N/A N/A,#N/A N/A,#N/A N/A,#N/A N/A,#N/A N/A,#N/A N/A,#N/A N/A,#N/A N/A,#N/A N/A,#N/A N/A,#N/A N/A,80986.9447,38181.166,#N/A N/A,NAVA BHARAT VENTURES LTD,#N/A N/A,#N/A N/A,4136.558,7857.823,96980.973
NRP US Equity 2018,#N/A N/A,#N/A N/A,#N/A N/A,#N/A N/A,#N/A N/A,#N/A N/A,#N/A N/A,#N/A N/A,#N/A N/A,#N/A N/A,#N/A N/A,#N/A N/A,#N/A N/A,#N/A N/A,#N/A N/A,#N/A N/A,#N/A N/A,#N/A N/A,#N/A N/A,1286.4037,278.512,468.4197,NATURAL RESOURCE PARTNERS LP,12.2401,38.24,672.758,101.839,1341.647
NRP US Equity 2019,#N/A N/A,#N/A N/A,#N/A N/A,#N/A N/A,#N/A N/A,#N/A N/A,#N/A N/A,#N/A N/A,#N/A N/A,#N/A N/A,#N/A N/A,#N/A N/A,#N/A N/A,#N/A N/A,#N/A N/A,#N/A N/A,#N/A N/A,#N/A N/A,#N/A N/A,911.5707,#N/A N/A,246.5727,NATURAL RESOURCE PARTNERS LP,12.26,20.11,516.198,98.265,1085.907
NRP US Equity 2020,#N/A N/A,#N/A N/A,#N/A N/A,#N/A N/A,#N/A N/A,#N/A N/A,#N/A N/A,#N/A N/A,#N/A N/A,#N/A N/A,#N/A N/A,#N/A N/A,#N/A N/A,#N/A N/A,#N/A N/A,#N/A N/A,#N/A N/A,#N/A N/A,#N/A N/A,794.0505,#N/A N/A,168.5915,NATURAL RESOURCE PARTNERS LP,12.261,13.75,471.499,99.79,921.877
NRP US Equity 2021,#N/A N/A,#N/A N/A,#N/A N/A,#N/A N/A,#N/A N/A,#N/A N/A,#N/A N/A,#N/A N/A,#N/A N/A,#N/A N/A,#N/A N/A,#N/A N/A,#N/A N/A,#N/A N/A,#N/A N/A,#N/A N/A,#N/A N/A,#N/A N/A,#N/A N/A,980.1266,216.364,412.7806,NATURAL RESOURCE PARTNERS LP,12.337,33.42,433.545,135.52,953.823
NRP US Equity 2022,#N/A N/A,#N/A N/A,#N/A N/A,#N/A N/A,#N/A N/A,#N/A N/A,#N/A N/A,#N/A N/A,#N/A N/A,#N/A N/A,#N/A N/A,#N/A N/A,#N/A N/A,#N/A N/A,#N/A N/A,#N/A N/A,#N/A N/A,#N/A N/A,#N/A N/A,1062.1108,#N/A N/A,679.4508,NATURAL RESOURCE PARTNERS LP,12.484,54.33,171.751,39.091,877.131
NRP US Equity 2023,#N/A N/A,#N/A N/A,#N/A N/A,#N/A N/A,#N/A N/A,#N/A N/A,#N/A N/A,#N/A N/A,#N/A N/A,#N/A N/A,#N/A N/A,#N/A N/A,#N/A N/A,#N/A N/A,#N/A N/A,#N/A N/A,#N/A N/A,#N/A N/A,#N/A N/A,1449.4346,#N/A N/A,1169.4625,NATURAL RESOURCE PARTNERS LP,12.619,92.56,159.379,11.989,797.876
NRP US Equity 2024,#N/A N/A,#N/A N/A,#N/A N/A,#N/A N/A,#N/A N/A,#N/A N/A,#N/A N/A,#N/A N/A,#N/A N/A,#N/A N/A,#N/A N/A,#N/A N/A,#N/A N/A,#N/A N/A,#N/A N/A,#N/A N/A,#N/A N/A,#N/A N/A,#N/A N/A,1564.4437,268.007,1448.4527,NATURAL RESOURCE PARTNERS LP,12.9866,111,146.435,30.444,772.907
NSGRPZ CH Equity 2018,#N/A N/A,#N/A N/A,#N/A N/A,#N/A N/A,#N/A N/A,#N/A N/A,#N/A N/A,#N/A N/A,#N/A N/A,#N/A N/A,#N/A N/A,#N/A N/A,#N/A N/A,#N/A N/A,#N/A N/A,#N/A N/A,#N/A N/A,#N/A N/A,#N/A N/A,#N/A N/A,#N/A N/A,#N/A N/A,NANSHAN GROUP CO LTD,#N/A N/A,#N/A N/A,50449.2178,12559.9658,132929.8408
NSGRPZ CH Equity 2019,#N/A N/A,#N/A N/A,#N/A N/A,#N/A N/A,#N/A N/A,#N/A N/A,#N/A N/A,#N/A N/A,#N/A N/A,#N/A N/A,#N/A N/A,#N/A N/A,#N/A N/A,#N/A N/A,#N/A N/A,#N/A N/A,#N/A N/A,#N/A N/A,#N/A N/A,#N/A N/A,#N/A N/A,#N/A N/A,NANSHAN GROUP CO LTD,#N/A N/A,#N/A N/A,51767.2175,17077.4827,135673.7525
NSGRPZ CH Equity 2020,#N/A N/A,#N/A N/A,#N/A N/A,#N/A N/A,#N/A N/A,#N/A N/A,#N/A N/A,#N/A N/A,#N/A N/A,#N/A N/A,#N/A N/A,#N/A N/A,#N/A N/A,#N/A N/A,#N/A N/A,#N/A N/A,#N/A N/A,#N/A N/A,#N/A N/A,#N/A N/A,#N/A N/A,#N/A N/A,NANSHAN GROUP CO LTD,#N/A N/A,#N/A N/A,48006.4252,15460.148,138663.7493
NSGRPZ CH Equity 2021,#N/A N/A,#N/A N/A,#N/A N/A,#N/A N/A,#N/A N/A,#N/A N/A,#N/A N/A,#N/A N/A,#N/A N/A,#N/A N/A,#N/A N/A,#N/A N/A,#N/A N/A,#N/A N/A,#N/A N/A,#N/A N/A,#N/A N/A,#N/A N/A,#N/A N/A,#N/A N/A,#N/A N/A,#N/A N/A,NANSHAN GROUP CO LTD,#N/A N/A,#N/A N/A,46631.0702,16285.3802,149282.4923
NSGRPZ CH Equity 2022,#N/A N/A,#N/A N/A,#N/A N/A,#N/A N/A,#N/A N/A,#N/A N/A,#N/A N/A,#N/A N/A,#N/A N/A,#N/A N/A,#N/A N/A,#N/A N/A,#N/A N/A,#N/A N/A,#N/A N/A,#N/A N/A,#N/A N/A,#N/A N/A,#N/A N/A,#N/A N/A,#N/A N/A,#N/A N/A,NANSHAN GROUP CO LTD,#N/A N/A,#N/A N/A,58328.8279,21188.4326,179609.2767
NSGRPZ CH Equity 2023,#N/A N/A,#N/A N/A,#N/A N/A,#N/A N/A,#N/A N/A,#N/A N/A,#N/A N/A,#N/A N/A,#N/A N/A,#N/A N/A,#N/A N/A,#N/A N/A,#N/A N/A,#N/A N/A,#N/A N/A,#N/A N/A,#N/A N/A,#N/A N/A,#N/A N/A,#N/A N/A,#N/A N/A,#N/A N/A,NANSHAN GROUP CO LTD,#N/A N/A,#N/A N/A,90190.6256,16571.8871,225026.3903
NSGRPZ CH Equity 2024,#N/A N/A,#N/A N/A,#N/A N/A,#N/A N/A,#N/A N/A,#N/A N/A,#N/A N/A,#N/A N/A,#N/A N/A,#N/A N/A,#N/A N/A,#N/A N/A,#N/A N/A,#N/A N/A,#N/A N/A,#N/A N/A,#N/A N/A,#N/A N/A,#N/A N/A,#N/A N/A,#N/A N/A,#N/A N/A,NANSHAN GROUP CO LTD,#N/A N/A,#N/A N/A,#N/A N/A,#N/A N/A,#N/A N/A
NC US Equity 2018,#N/A N/A,#N/A N/A,#N/A N/A,#N/A N/A,#N/A N/A,#N/A N/A,#N/A N/A,#N/A N/A,#N/A N/A,#N/A N/A,#N/A N/A,#N/A N/A,#N/A N/A,#N/A N/A,#N/A N/A,#N/A N/A,#N/A N/A,#N/A N/A,#N/A N/A,160.3995,#N/A N/A,234.6355,NACCO INDUSTRIES-CL A,6.924,33.9,11.021,85.257,376.991
NC US Equity 2019,#N/A N/A,#N/A N/A,#N/A N/A,#N/A N/A,#N/A N/A,#N/A N/A,#N/A N/A,#N/A N/A,#N/A N/A,#N/A N/A,#N/A N/A,#N/A N/A,#N/A N/A,#N/A N/A,#N/A N/A,#N/A N/A,#N/A N/A,#N/A N/A,#N/A N/A,242.0408,#N/A N/A,326.2238,NACCO INDUSTRIES-CL A,6.974,46.83,38.709,122.892,444.773
NC US Equity 2020,#N/A N/A,#N/A N/A,#N/A N/A,#N/A N/A,#N/A N/A,#N/A N/A,#N/A N/A,#N/A N/A,#N/A N/A,#N/A N/A,#N/A N/A,#N/A N/A,#N/A N/A,#N/A N/A,#N/A N/A,#N/A N/A,#N/A N/A,#N/A N/A,#N/A N/A,156.2888,#N/A N/A,185.6208,NACCO INDUSTRIES-CL A,7.026,26.3,59.118,88.45,476.179
NC US Equity 2021,#N/A N/A,#N/A N/A,#N/A N/A,#N/A N/A,#N/A N/A,#N/A N/A,#N/A N/A,#N/A N/A,#N/A N/A,#N/A N/A,#N/A N/A,#N/A N/A,#N/A N/A,#N/A N/A,#N/A N/A,#N/A N/A,#N/A N/A,#N/A N/A,#N/A N/A,206.5786,#N/A N/A,260.6776,NACCO INDUSTRIES-CL A,7.146,36.29,31.906,86.005,507.22
NC US Equity 2022,#N/A N/A,#N/A N/A,#N/A N/A,#N/A N/A,#N/A N/A,#N/A N/A,#N/A N/A,#N/A N/A,#N/A N/A,#N/A N/A,#N/A N/A,#N/A N/A,#N/A N/A,#N/A N/A,#N/A N/A,#N/A N/A,#N/A N/A,#N/A N/A,#N/A N/A,196.7518,#N/A N/A,279.2648,NACCO INDUSTRIES-CL A,7.312,38,28.235,110.748,568.072
NC US Equity 2023,#N/A N/A,#N/A N/A,#N/A N/A,#N/A N/A,#N/A N/A,#N/A N/A,#N/A N/A,#N/A N/A,#N/A N/A,#N/A N/A,#N/A N/A,#N/A N/A,#N/A N/A,#N/A N/A,#N/A N/A,#N/A N/A,#N/A N/A,#N/A N/A,#N/A N/A,232.9902,#N/A N/A,271.8762,NACCO INDUSTRIES-CL A,7.478,36.5,46.223,85.109,539.708
NC US Equity 2024,#N/A N/A,#N/A N/A,#N/A N/A,#N/A N/A,#N/A N/A,#N/A N/A,#N/A N/A,#N/A N/A,#N/A N/A,#N/A N/A,#N/A N/A,#N/A N/A,#N/A N/A,#N/A N/A,#N/A N/A,#N/A N/A,#N/A N/A,#N/A N/A,#N/A N/A,255.2576,237.708,217.5616,NACCO INDUSTRIES-CL A,7.363,29.82,110.529,72.833,631.687
NPBELZ CH Equity 2018,#N/A N/A,#N/A N/A,#N/A N/A,#N/A N/A,#N/A N/A,#N/A N/A,#N/A N/A,#N/A N/A,#N/A N/A,#N/A N/A,#N/A N/A,#N/A N/A,#N/A N/A,#N/A N/A,#N/A N/A,#N/A N/A,#N/A N/A,#N/A N/A,#N/A N/A,#N/A N/A,#N/A N/A,#N/A N/A,JILIN PROVINCE NEW TIAN LONG,#N/A N/A,#N/A N/A,#N/A N/A,#N/A N/A,#N/A N/A
NPBELZ CH Equity 2019,#N/A N/A,#N/A N/A,#N/A N/A,#N/A N/A,#N/A N/A,#N/A N/A,#N/A N/A,#N/A N/A,#N/A N/A,#N/A N/A,#N/A N/A,#N/A N/A,#N/A N/A,#N/A N/A,#N/A N/A,#N/A N/A,#N/A N/A,#N/A N/A,#N/A N/A,#N/A N/A,#N/A N/A,#N/A N/A,JILIN PROVINCE NEW TIAN LONG,#N/A N/A,#N/A N/A,#N/A N/A,#N/A N/A,#N/A N/A
NPBELZ CH Equity 2020,#N/A N/A,#N/A N/A,#N/A N/A,#N/A N/A,#N/A N/A,#N/A N/A,#N/A N/A,#N/A N/A,#N/A N/A,#N/A N/A,#N/A N/A,#N/A N/A,#N/A N/A,#N/A N/A,#N/A N/A,#N/A N/A,#N/A N/A,#N/A N/A,#N/A N/A,#N/A N/A,#N/A N/A,#N/A N/A,JILIN PROVINCE NEW TIAN LONG,#N/A N/A,#N/A N/A,#N/A N/A,#N/A N/A,#N/A N/A
NPBELZ CH Equity 2021,#N/A N/A,#N/A N/A,#N/A N/A,#N/A N/A,#N/A N/A,#N/A N/A,#N/A N/A,#N/A N/A,#N/A N/A,#N/A N/A,#N/A N/A,#N/A N/A,#N/A N/A,#N/A N/A,#N/A N/A,#N/A N/A,#N/A N/A,#N/A N/A,#N/A N/A,#N/A N/A,#N/A N/A,#N/A N/A,JILIN PROVINCE NEW TIAN LONG,#N/A N/A,#N/A N/A,#N/A N/A,#N/A N/A,#N/A N/A
NPBELZ CH Equity 2022,#N/A N/A,#N/A N/A,#N/A N/A,#N/A N/A,#N/A N/A,#N/A N/A,#N/A N/A,#N/A N/A,#N/A N/A,#N/A N/A,#N/A N/A,#N/A N/A,#N/A N/A,#N/A N/A,#N/A N/A,#N/A N/A,#N/A N/A,#N/A N/A,#N/A N/A,#N/A N/A,#N/A N/A,#N/A N/A,JILIN PROVINCE NEW TIAN LONG,#N/A N/A,#N/A N/A,#N/A N/A,#N/A N/A,#N/A N/A
NPBELZ CH Equity 2023,#N/A N/A,#N/A N/A,#N/A N/A,#N/A N/A,#N/A N/A,#N/A N/A,#N/A N/A,#N/A N/A,#N/A N/A,#N/A N/A,#N/A N/A,#N/A N/A,#N/A N/A,#N/A N/A,#N/A N/A,#N/A N/A,#N/A N/A,#N/A N/A,#N/A N/A,#N/A N/A,#N/A N/A,#N/A N/A,JILIN PROVINCE NEW TIAN LONG,#N/A N/A,#N/A N/A,#N/A N/A,#N/A N/A,#N/A N/A
NPBELZ CH Equity 2024,#N/A N/A,#N/A N/A,#N/A N/A,#N/A N/A,#N/A N/A,#N/A N/A,#N/A N/A,#N/A N/A,#N/A N/A,#N/A N/A,#N/A N/A,#N/A N/A,#N/A N/A,#N/A N/A,#N/A N/A,#N/A N/A,#N/A N/A,#N/A N/A,#N/A N/A,#N/A N/A,#N/A N/A,#N/A N/A,JILIN PROVINCE NEW TIAN LONG,#N/A N/A,#N/A N/A,#N/A N/A,#N/A N/A,#N/A N/A
NMGJDZ CH Equity 2018,#N/A N/A,#N/A N/A,#N/A N/A,#N/A N/A,#N/A N/A,#N/A N/A,#N/A N/A,#N/A N/A,#N/A N/A,#N/A N/A,#N/A N/A,#N/A N/A,#N/A N/A,#N/A N/A,#N/A N/A,#N/A N/A,#N/A N/A,#N/A N/A,#N/A N/A,#N/A N/A,#N/A N/A,#N/A N/A,INNER MONGOLIA JUDA POWER GE,#N/A N/A,#N/A N/A,#N/A N/A,#N/A N/A,#N/A N/A
NMGJDZ CH Equity 2019,#N/A N/A,#N/A N/A,#N/A N/A,#N/A N/A,#N/A N/A,#N/A N/A,#N/A N/A,#N/A N/A,#N/A N/A,#N/A N/A,#N/A N/A,#N/A N/A,#N/A N/A,#N/A N/A,#N/A N/A,#N/A N/A,#N/A N/A,#N/A N/A,#N/A N/A,#N/A N/A,#N/A N/A,#N/A N/A,INNER MONGOLIA JUDA POWER GE,#N/A N/A,#N/A N/A,#N/A N/A,#N/A N/A,#N/A N/A
NMGJDZ CH Equity 2020,#N/A N/A,#N/A N/A,#N/A N/A,#N/A N/A,#N/A N/A,#N/A N/A,#N/A N/A,#N/A N/A,#N/A N/A,#N/A N/A,#N/A N/A,#N/A N/A,#N/A N/A,#N/A N/A,#N/A N/A,#N/A N/A,#N/A N/A,#N/A N/A,#N/A N/A,#N/A N/A,#N/A N/A,#N/A N/A,INNER MONGOLIA JUDA POWER GE,#N/A N/A,#N/A N/A,#N/A N/A,#N/A N/A,#N/A N/A
NMGJDZ CH Equity 2021,#N/A N/A,#N/A N/A,#N/A N/A,#N/A N/A,#N/A N/A,#N/A N/A,#N/A N/A,#N/A N/A,#N/A N/A,#N/A N/A,#N/A N/A,#N/A N/A,#N/A N/A,#N/A N/A,#N/A N/A,#N/A N/A,#N/A N/A,#N/A N/A,#N/A N/A,#N/A N/A,#N/A N/A,#N/A N/A,INNER MONGOLIA JUDA POWER GE,#N/A N/A,#N/A N/A,#N/A N/A,#N/A N/A,#N/A N/A
NMGJDZ CH Equity 2022,#N/A N/A,#N/A N/A,#N/A N/A,#N/A N/A,#N/A N/A,#N/A N/A,#N/A N/A,#N/A N/A,#N/A N/A,#N/A N/A,#N/A N/A,#N/A N/A,#N/A N/A,#N/A N/A,#N/A N/A,#N/A N/A,#N/A N/A,#N/A N/A,#N/A N/A,#N/A N/A,#N/A N/A,#N/A N/A,INNER MONGOLIA JUDA POWER GE,#N/A N/A,#N/A N/A,#N/A N/A,#N/A N/A,#N/A N/A
NMGJDZ CH Equity 2023,#N/A N/A,#N/A N/A,#N/A N/A,#N/A N/A,#N/A N/A,#N/A N/A,#N/A N/A,#N/A N/A,#N/A N/A,#N/A N/A,#N/A N/A,#N/A N/A,#N/A N/A,#N/A N/A,#N/A N/A,#N/A N/A,#N/A N/A,#N/A N/A,#N/A N/A,#N/A N/A,#N/A N/A,#N/A N/A,INNER MONGOLIA JUDA POWER GE,#N/A N/A,#N/A N/A,#N/A N/A,#N/A N/A,#N/A N/A
NMGJDZ CH Equity 2024,#N/A N/A,#N/A N/A,#N/A N/A,#N/A N/A,#N/A N/A,#N/A N/A,#N/A N/A,#N/A N/A,#N/A N/A,#N/A N/A,#N/A N/A,#N/A N/A,#N/A N/A,#N/A N/A,#N/A N/A,#N/A N/A,#N/A N/A,#N/A N/A,#N/A N/A,#N/A N/A,#N/A N/A,#N/A N/A,INNER MONGOLIA JUDA POWER GE,#N/A N/A,#N/A N/A,#N/A N/A,#N/A N/A,#N/A N/A
NUPCLZ CH Equity 2018,#N/A N/A,#N/A N/A,#N/A N/A,#N/A N/A,#N/A N/A,#N/A N/A,#N/A N/A,#N/A N/A,#N/A N/A,#N/A N/A,#N/A N/A,#N/A N/A,#N/A N/A,#N/A N/A,#N/A N/A,#N/A N/A,#N/A N/A,#N/A N/A,#N/A N/A,#N/A N/A,#N/A N/A,#N/A N/A,NORTH UNITED POWER CORP LTD,#N/A N/A,#N/A N/A,48930.0611,3996.0846,74362.9065
NUPCLZ CH Equity 2019,#N/A N/A,#N/A N/A,#N/A N/A,#N/A N/A,#N/A N/A,#N/A N/A,#N/A N/A,#N/A N/A,#N/A N/A,#N/A N/A,#N/A N/A,#N/A N/A,#N/A N/A,#N/A N/A,#N/A N/A,#N/A N/A,#N/A N/A,#N/A N/A,#N/A N/A,#N/A N/A,#N/A N/A,#N/A N/A,NORTH UNITED POWER CORP LTD,#N/A N/A,#N/A N/A,49382.1812,1613.2202,74361.5118
NUPCLZ CH Equity 2020,#N/A N/A,#N/A N/A,#N/A N/A,#N/A N/A,#N/A N/A,#N/A N/A,#N/A N/A,#N/A N/A,#N/A N/A,#N/A N/A,#N/A N/A,#N/A N/A,#N/A N/A,#N/A N/A,#N/A N/A,#N/A N/A,#N/A N/A,#N/A N/A,#N/A N/A,#N/A N/A,#N/A N/A,#N/A N/A,NORTH UNITED POWER CORP LTD,10000,#N/A N/A,49632.0666,1017.5787,77402.5242
NUPCLZ CH Equity 2021,#N/A N/A,#N/A N/A,#N/A N/A,#N/A N/A,#N/A N/A,#N/A N/A,#N/A N/A,#N/A N/A,#N/A N/A,#N/A N/A,#N/A N/A,#N/A N/A,#N/A N/A,#N/A N/A,#N/A N/A,#N/A N/A,#N/A N/A,#N/A N/A,#N/A N/A,#N/A N/A,#N/A N/A,#N/A N/A,NORTH UNITED POWER CORP LTD,#N/A N/A,#N/A N/A,51554.6967,1729.5187,79355.3099
NUPCLZ CH Equity 2022,#N/A N/A,#N/A N/A,#N/A N/A,#N/A N/A,#N/A N/A,#N/A N/A,#N/A N/A,#N/A N/A,#N/A N/A,#N/A N/A,#N/A N/A,#N/A N/A,#N/A N/A,#N/A N/A,#N/A N/A,#N/A N/A,#N/A N/A,#N/A N/A,#N/A N/A,#N/A N/A,#N/A N/A,#N/A N/A,NORTH UNITED POWER CORP LTD,#N/A N/A,#N/A N/A,43800.8018,2741.8159,83097.5933
NUPCLZ CH Equity 2023,#N/A N/A,#N/A N/A,#N/A N/A,#N/A N/A,#N/A N/A,#N/A N/A,#N/A N/A,#N/A N/A,#N/A N/A,#N/A N/A,#N/A N/A,#N/A N/A,#N/A N/A,#N/A N/A,#N/A N/A,#N/A N/A,#N/A N/A,#N/A N/A,#N/A N/A,#N/A N/A,#N/A N/A,#N/A N/A,NORTH UNITED POWER CORP LTD,#N/A N/A,#N/A N/A,40005.1287,3454.9384,81251.2212
NUPCLZ CH Equity 2024,#N/A N/A,#N/A N/A,#N/A N/A,#N/A N/A,#N/A N/A,#N/A N/A,#N/A N/A,#N/A N/A,#N/A N/A,#N/A N/A,#N/A N/A,#N/A N/A,#N/A N/A,#N/A N/A,#N/A N/A,#N/A N/A,#N/A N/A,#N/A N/A,#N/A N/A,#N/A N/A,#N/A N/A,#N/A N/A,NORTH UNITED POWER CORP LTD,#N/A N/A,#N/A N/A,37967.6416,2702.652,88681.5478
NPEC RU Equity 2018,#N/A N/A,#N/A N/A,#N/A N/A,#N/A N/A,#N/A N/A,#N/A N/A,#N/A N/A,#N/A N/A,#N/A N/A,#N/A N/A,#N/A N/A,#N/A N/A,#N/A N/A,#N/A N/A,#N/A N/A,#N/A N/A,#N/A N/A,#N/A N/A,#N/A N/A,#N/A N/A,#N/A N/A,#N/A N/A,NPK OAO,1.032,#N/A N/A,10247.008,1669.341,41097.102
NPEC RU Equity 2019,#N/A N/A,#N/A N/A,#N/A N/A,#N/A N/A,#N/A N/A,#N/A N/A,#N/A N/A,#N/A N/A,#N/A N/A,#N/A N/A,#N/A N/A,#N/A N/A,#N/A N/A,#N/A N/A,#N/A N/A,#N/A N/A,#N/A N/A,#N/A N/A,#N/A N/A,#N/A N/A,#N/A N/A,#N/A N/A,NPK OAO,1.032,#N/A N/A,15236.777,1041.193,47963.811
NPEC RU Equity 2020,#N/A N/A,#N/A N/A,#N/A N/A,#N/A N/A,#N/A N/A,#N/A N/A,#N/A N/A,#N/A N/A,#N/A N/A,#N/A N/A,#N/A N/A,#N/A N/A,#N/A N/A,#N/A N/A,#N/A N/A,#N/A N/A,#N/A N/A,#N/A N/A,#N/A N/A,#N/A N/A,#N/A N/A,#N/A N/A,NPK OAO,1.032,#N/A N/A,26131.712,1265.466,49955.567
NPEC RU Equity 2021,#N/A N/A,#N/A N/A,#N/A N/A,#N/A N/A,#N/A N/A,#N/A N/A,#N/A N/A,#N/A N/A,#N/A N/A,#N/A N/A,#N/A N/A,#N/A N/A,#N/A N/A,#N/A N/A,#N/A N/A,#N/A N/A,#N/A N/A,#N/A N/A,#N/A N/A,#N/A N/A,#N/A N/A,#N/A N/A,NPK OAO,1.032,#N/A N/A,25988.746,8208.945,59086.752
NPEC RU Equity 2022,#N/A N/A,#N/A N/A,#N/A N/A,#N/A N/A,#N/A N/A,#N/A N/A,#N/A N/A,#N/A N/A,#N/A N/A,#N/A N/A,#N/A N/A,#N/A N/A,#N/A N/A,#N/A N/A,#N/A N/A,#N/A N/A,#N/A N/A,#N/A N/A,#N/A N/A,#N/A N/A,#N/A N/A,#N/A N/A,NPK OAO,1.032,#N/A N/A,26143.214,7579.5,76360.881
NPEC RU Equity 2023,#N/A N/A,#N/A N/A,#N/A N/A,#N/A N/A,#N/A N/A,#N/A N/A,#N/A N/A,#N/A N/A,#N/A N/A,#N/A N/A,#N/A N/A,#N/A N/A,#N/A N/A,#N/A N/A,#N/A N/A,#N/A N/A,#N/A N/A,#N/A N/A,#N/A N/A,#N/A N/A,#N/A N/A,#N/A N/A,NPK OAO,#N/A N/A,#N/A N/A,#N/A N/A,#N/A N/A,#N/A N/A
NPEC RU Equity 2024,#N/A N/A,#N/A N/A,#N/A N/A,#N/A N/A,#N/A N/A,#N/A N/A,#N/A N/A,#N/A N/A,#N/A N/A,#N/A N/A,#N/A N/A,#N/A N/A,#N/A N/A,#N/A N/A,#N/A N/A,#N/A N/A,#N/A N/A,#N/A N/A,#N/A N/A,#N/A N/A,#N/A N/A,#N/A N/A,NPK OAO,#N/A N/A,#N/A N/A,#N/A N/A,#N/A N/A,#N/A N/A
NSI-U CN Equity 2018,#N/A N/A,#N/A N/A,#N/A N/A,#N/A N/A,#N/A N/A,#N/A N/A,#N/A N/A,#N/A N/A,#N/A N/A,#N/A N/A,#N/A N/A,#N/A N/A,#N/A N/A,#N/A N/A,#N/A N/A,#N/A N/A,#N/A N/A,#N/A N/A,#N/A N/A,#N/A N/A,#N/A N/A,#N/A N/A,NOVA SCOTIA POWER INC-UTS,#N/A N/A,#N/A N/A,2566,0,5143
NSI-U CN Equity 2019,#N/A N/A,#N/A N/A,#N/A N/A,#N/A N/A,#N/A N/A,#N/A N/A,#N/A N/A,#N/A N/A,#N/A N/A,#N/A N/A,#N/A N/A,#N/A N/A,#N/A N/A,#N/A N/A,#N/A N/A,#N/A N/A,#N/A N/A,#N/A N/A,#N/A N/A,#N/A N/A,#N/A N/A,#N/A N/A,NOVA SCOTIA POWER INC-UTS,#N/A N/A,#N/A N/A,2681,0,5510
NSI-U CN Equity 2020,#N/A N/A,#N/A N/A,#N/A N/A,#N/A N/A,#N/A N/A,#N/A N/A,#N/A N/A,#N/A N/A,#N/A N/A,#N/A N/A,#N/A N/A,#N/A N/A,#N/A N/A,#N/A N/A,#N/A N/A,#N/A N/A,#N/A N/A,#N/A N/A,#N/A N/A,#N/A N/A,#N/A N/A,#N/A N/A,NOVA SCOTIA POWER INC-UTS,#N/A N/A,#N/A N/A,2964,0,5493
NSI-U CN Equity 2021,#N/A N/A,#N/A N/A,#N/A N/A,#N/A N/A,#N/A N/A,#N/A N/A,#N/A N/A,#N/A N/A,#N/A N/A,#N/A N/A,#N/A N/A,#N/A N/A,#N/A N/A,#N/A N/A,#N/A N/A,#N/A N/A,#N/A N/A,#N/A N/A,#N/A N/A,#N/A N/A,#N/A N/A,#N/A N/A,NOVA SCOTIA POWER INC-UTS,#N/A N/A,#N/A N/A,3049,0,6087
NSI-U CN Equity 2022,#N/A N/A,#N/A N/A,#N/A N/A,#N/A N/A,#N/A N/A,#N/A N/A,#N/A N/A,#N/A N/A,#N/A N/A,#N/A N/A,#N/A N/A,#N/A N/A,#N/A N/A,#N/A N/A,#N/A N/A,#N/A N/A,#N/A N/A,#N/A N/A,#N/A N/A,#N/A N/A,#N/A N/A,#N/A N/A,NOVA SCOTIA POWER INC-UTS,#N/A N/A,#N/A N/A,3553,2,6842
NSI-U CN Equity 2023,#N/A N/A,#N/A N/A,#N/A N/A,#N/A N/A,#N/A N/A,#N/A N/A,#N/A N/A,#N/A N/A,#N/A N/A,#N/A N/A,#N/A N/A,#N/A N/A,#N/A N/A,#N/A N/A,#N/A N/A,#N/A N/A,#N/A N/A,#N/A N/A,#N/A N/A,#N/A N/A,#N/A N/A,#N/A N/A,NOVA SCOTIA POWER INC-UTS,#N/A N/A,#N/A N/A,3890,78,7221
NSI-U CN Equity 2024,#N/A N/A,#N/A N/A,#N/A N/A,#N/A N/A,#N/A N/A,#N/A N/A,#N/A N/A,#N/A N/A,#N/A N/A,#N/A N/A,#N/A N/A,#N/A N/A,#N/A N/A,#N/A N/A,#N/A N/A,#N/A N/A,#N/A N/A,#N/A N/A,#N/A N/A,#N/A N/A,#N/A N/A,#N/A N/A,NOVA SCOTIA POWER INC-UTS,48.87,#N/A N/A,3365,0,7117
NUPCLZ CH Equity 2018,#N/A N/A,#N/A N/A,#N/A N/A,#N/A N/A,#N/A N/A,#N/A N/A,#N/A N/A,#N/A N/A,#N/A N/A,#N/A N/A,#N/A N/A,#N/A N/A,#N/A N/A,#N/A N/A,#N/A N/A,#N/A N/A,#N/A N/A,#N/A N/A,#N/A N/A,#N/A N/A,#N/A N/A,#N/A N/A,NORTH UNITED POWER CORP LTD,#N/A N/A,#N/A N/A,48930.0611,3996.0846,74362.9065
NUPCLZ CH Equity 2019,#N/A N/A,#N/A N/A,#N/A N/A,#N/A N/A,#N/A N/A,#N/A N/A,#N/A N/A,#N/A N/A,#N/A N/A,#N/A N/A,#N/A N/A,#N/A N/A,#N/A N/A,#N/A N/A,#N/A N/A,#N/A N/A,#N/A N/A,#N/A N/A,#N/A N/A,#N/A N/A,#N/A N/A,#N/A N/A,NORTH UNITED POWER CORP LTD,#N/A N/A,#N/A N/A,49382.1812,1613.2202,74361.5118
NUPCLZ CH Equity 2020,#N/A N/A,#N/A N/A,#N/A N/A,#N/A N/A,#N/A N/A,#N/A N/A,#N/A N/A,#N/A N/A,#N/A N/A,#N/A N/A,#N/A N/A,#N/A N/A,#N/A N/A,#N/A N/A,#N/A N/A,#N/A N/A,#N/A N/A,#N/A N/A,#N/A N/A,#N/A N/A,#N/A N/A,#N/A N/A,NORTH UNITED POWER CORP LTD,10000,#N/A N/A,49632.0666,1017.5787,77402.5242
NUPCLZ CH Equity 2021,#N/A N/A,#N/A N/A,#N/A N/A,#N/A N/A,#N/A N/A,#N/A N/A,#N/A N/A,#N/A N/A,#N/A N/A,#N/A N/A,#N/A N/A,#N/A N/A,#N/A N/A,#N/A N/A,#N/A N/A,#N/A N/A,#N/A N/A,#N/A N/A,#N/A N/A,#N/A N/A,#N/A N/A,#N/A N/A,NORTH UNITED POWER CORP LTD,#N/A N/A,#N/A N/A,51554.6967,1729.5187,79355.3099
NUPCLZ CH Equity 2022,#N/A N/A,#N/A N/A,#N/A N/A,#N/A N/A,#N/A N/A,#N/A N/A,#N/A N/A,#N/A N/A,#N/A N/A,#N/A N/A,#N/A N/A,#N/A N/A,#N/A N/A,#N/A N/A,#N/A N/A,#N/A N/A,#N/A N/A,#N/A N/A,#N/A N/A,#N/A N/A,#N/A N/A,#N/A N/A,NORTH UNITED POWER CORP LTD,#N/A N/A,#N/A N/A,43800.8018,2741.8159,83097.5933
NUPCLZ CH Equity 2023,#N/A N/A,#N/A N/A,#N/A N/A,#N/A N/A,#N/A N/A,#N/A N/A,#N/A N/A,#N/A N/A,#N/A N/A,#N/A N/A,#N/A N/A,#N/A N/A,#N/A N/A,#N/A N/A,#N/A N/A,#N/A N/A,#N/A N/A,#N/A N/A,#N/A N/A,#N/A N/A,#N/A N/A,#N/A N/A,NORTH UNITED POWER CORP LTD,#N/A N/A,#N/A N/A,40005.1287,3454.9384,81251.2212
NUPCLZ CH Equity 2024,#N/A N/A,#N/A N/A,#N/A N/A,#N/A N/A,#N/A N/A,#N/A N/A,#N/A N/A,#N/A N/A,#N/A N/A,#N/A N/A,#N/A N/A,#N/A N/A,#N/A N/A,#N/A N/A,#N/A N/A,#N/A N/A,#N/A N/A,#N/A N/A,#N/A N/A,#N/A N/A,#N/A N/A,#N/A N/A,NORTH UNITED POWER CORP LTD,#N/A N/A,#N/A N/A,37967.6416,2702.652,88681.5478
NUODIZ CH Equity 2018,#N/A N/A,#N/A N/A,#N/A N/A,#N/A N/A,#N/A N/A,#N/A N/A,#N/A N/A,#N/A N/A,#N/A N/A,#N/A N/A,#N/A N/A,#N/A N/A,#N/A N/A,#N/A N/A,#N/A N/A,#N/A N/A,#N/A N/A,#N/A N/A,#N/A N/A,#N/A N/A,#N/A N/A,#N/A N/A,GUONENG FUZHOU THERMAL POWER,#N/A N/A,#N/A N/A,#N/A N/A,#N/A N/A,#N/A N/A
NUODIZ CH Equity 2019,#N/A N/A,#N/A N/A,#N/A N/A,#N/A N/A,#N/A N/A,#N/A N/A,#N/A N/A,#N/A N/A,#N/A N/A,#N/A N/A,#N/A N/A,#N/A N/A,#N/A N/A,#N/A N/A,#N/A N/A,#N/A N/A,#N/A N/A,#N/A N/A,#N/A N/A,#N/A N/A,#N/A N/A,#N/A N/A,GUONENG FUZHOU THERMAL POWER,#N/A N/A,#N/A N/A,#N/A N/A,#N/A N/A,#N/A N/A
NUODIZ CH Equity 2020,#N/A N/A,#N/A N/A,#N/A N/A,#N/A N/A,#N/A N/A,#N/A N/A,#N/A N/A,#N/A N/A,#N/A N/A,#N/A N/A,#N/A N/A,#N/A N/A,#N/A N/A,#N/A N/A,#N/A N/A,#N/A N/A,#N/A N/A,#N/A N/A,#N/A N/A,#N/A N/A,#N/A N/A,#N/A N/A,GUONENG FUZHOU THERMAL POWER,#N/A N/A,#N/A N/A,#N/A N/A,#N/A N/A,#N/A N/A
NUODIZ CH Equity 2021,#N/A N/A,#N/A N/A,#N/A N/A,#N/A N/A,#N/A N/A,#N/A N/A,#N/A N/A,#N/A N/A,#N/A N/A,#N/A N/A,#N/A N/A,#N/A N/A,#N/A N/A,#N/A N/A,#N/A N/A,#N/A N/A,#N/A N/A,#N/A N/A,#N/A N/A,#N/A N/A,#N/A N/A,#N/A N/A,GUONENG FUZHOU THERMAL POWER,#N/A N/A,#N/A N/A,#N/A N/A,#N/A N/A,#N/A N/A
NUODIZ CH Equity 2022,#N/A N/A,#N/A N/A,#N/A N/A,#N/A N/A,#N/A N/A,#N/A N/A,#N/A N/A,#N/A N/A,#N/A N/A,#N/A N/A,#N/A N/A,#N/A N/A,#N/A N/A,#N/A N/A,#N/A N/A,#N/A N/A,#N/A N/A,#N/A N/A,#N/A N/A,#N/A N/A,#N/A N/A,#N/A N/A,GUONENG FUZHOU THERMAL POWER,#N/A N/A,#N/A N/A,#N/A N/A,#N/A N/A,#N/A N/A
NUODIZ CH Equity 2023,#N/A N/A,#N/A N/A,#N/A N/A,#N/A N/A,#N/A N/A,#N/A N/A,#N/A N/A,#N/A N/A,#N/A N/A,#N/A N/A,#N/A N/A,#N/A N/A,#N/A N/A,#N/A N/A,#N/A N/A,#N/A N/A,#N/A N/A,#N/A N/A,#N/A N/A,#N/A N/A,#N/A N/A,#N/A N/A,GUONENG FUZHOU THERMAL POWER,#N/A N/A,#N/A N/A,#N/A N/A,#N/A N/A,#N/A N/A
NUODIZ CH Equity 2024,#N/A N/A,#N/A N/A,#N/A N/A,#N/A N/A,#N/A N/A,#N/A N/A,#N/A N/A,#N/A N/A,#N/A N/A,#N/A N/A,#N/A N/A,#N/A N/A,#N/A N/A,#N/A N/A,#N/A N/A,#N/A N/A,#N/A N/A,#N/A N/A,#N/A N/A,#N/A N/A,#N/A N/A,#N/A N/A,GUONENG FUZHOU THERMAL POWER,#N/A N/A,#N/A N/A,#N/A N/A,#N/A N/A,#N/A N/A
NCGZ CH Equity 2018,#N/A N/A,#N/A N/A,#N/A N/A,#N/A N/A,#N/A N/A,#N/A N/A,#N/A N/A,#N/A N/A,#N/A N/A,#N/A N/A,#N/A N/A,#N/A N/A,#N/A N/A,#N/A N/A,#N/A N/A,#N/A N/A,#N/A N/A,#N/A N/A,#N/A N/A,#N/A N/A,#N/A N/A,#N/A N/A,CHINA NATIONAL COAL GROUP,#N/A N/A,#N/A N/A,182700.6669,25878.0686,386823.204
NCGZ CH Equity 2019,#N/A N/A,#N/A N/A,#N/A N/A,#N/A N/A,#N/A N/A,#N/A N/A,#N/A N/A,#N/A N/A,#N/A N/A,#N/A N/A,#N/A N/A,#N/A N/A,#N/A N/A,#N/A N/A,#N/A N/A,#N/A N/A,#N/A N/A,#N/A N/A,#N/A N/A,#N/A N/A,#N/A N/A,#N/A N/A,CHINA NATIONAL COAL GROUP,#N/A N/A,#N/A N/A,169963.3325,26790.1348,395934.6613
NCGZ CH Equity 2020,#N/A N/A,#N/A N/A,#N/A N/A,#N/A N/A,#N/A N/A,#N/A N/A,#N/A N/A,#N/A N/A,#N/A N/A,#N/A N/A,#N/A N/A,#N/A N/A,#N/A N/A,#N/A N/A,#N/A N/A,#N/A N/A,#N/A N/A,#N/A N/A,#N/A N/A,#N/A N/A,#N/A N/A,#N/A N/A,CHINA NATIONAL COAL GROUP,#N/A N/A,#N/A N/A,172184.6202,34614.1915,411938.6731
NCGZ CH Equity 2021,#N/A N/A,#N/A N/A,#N/A N/A,#N/A N/A,#N/A N/A,#N/A N/A,#N/A N/A,#N/A N/A,#N/A N/A,#N/A N/A,#N/A N/A,#N/A N/A,#N/A N/A,#N/A N/A,#N/A N/A,#N/A N/A,#N/A N/A,#N/A N/A,#N/A N/A,#N/A N/A,#N/A N/A,#N/A N/A,CHINA NATIONAL COAL GROUP,#N/A N/A,#N/A N/A,173253.3987,71274.5668,444264.9041
NCGZ CH Equity 2022,#N/A N/A,#N/A N/A,#N/A N/A,#N/A N/A,#N/A N/A,#N/A N/A,#N/A N/A,#N/A N/A,#N/A N/A,#N/A N/A,#N/A N/A,#N/A N/A,#N/A N/A,#N/A N/A,#N/A N/A,#N/A N/A,#N/A N/A,#N/A N/A,#N/A N/A,#N/A N/A,#N/A N/A,#N/A N/A,CHINA NATIONAL COAL GROUP,#N/A N/A,#N/A N/A,173045.8766,87542.9834,486281.0828
NCGZ CH Equity 2023,#N/A N/A,#N/A N/A,#N/A N/A,#N/A N/A,#N/A N/A,#N/A N/A,#N/A N/A,#N/A N/A,#N/A N/A,#N/A N/A,#N/A N/A,#N/A N/A,#N/A N/A,#N/A N/A,#N/A N/A,#N/A N/A,#N/A N/A,#N/A N/A,#N/A N/A,#N/A N/A,#N/A N/A,#N/A N/A,CHINA NATIONAL COAL GROUP,#N/A N/A,#N/A N/A,165469.4455,92164.8455,525201.0886
NCGZ CH Equity 2024,#N/A N/A,#N/A N/A,#N/A N/A,#N/A N/A,#N/A N/A,#N/A N/A,#N/A N/A,#N/A N/A,#N/A N/A,#N/A N/A,#N/A N/A,#N/A N/A,#N/A N/A,#N/A N/A,#N/A N/A,#N/A N/A,#N/A N/A,#N/A N/A,#N/A N/A,#N/A N/A,#N/A N/A,#N/A N/A,CHINA NATIONAL COAL GROUP,#N/A N/A,#N/A N/A,177037.4035,83468.0677,560256.0307
NUPCLZ CH Equity 2018,#N/A N/A,#N/A N/A,#N/A N/A,#N/A N/A,#N/A N/A,#N/A N/A,#N/A N/A,#N/A N/A,#N/A N/A,#N/A N/A,#N/A N/A,#N/A N/A,#N/A N/A,#N/A N/A,#N/A N/A,#N/A N/A,#N/A N/A,#N/A N/A,#N/A N/A,#N/A N/A,#N/A N/A,#N/A N/A,NORTH UNITED POWER CORP LTD,#N/A N/A,#N/A N/A,48930.0611,3996.0846,74362.9065
NUPCLZ CH Equity 2019,#N/A N/A,#N/A N/A,#N/A N/A,#N/A N/A,#N/A N/A,#N/A N/A,#N/A N/A,#N/A N/A,#N/A N/A,#N/A N/A,#N/A N/A,#N/A N/A,#N/A N/A,#N/A N/A,#N/A N/A,#N/A N/A,#N/A N/A,#N/A N/A,#N/A N/A,#N/A N/A,#N/A N/A,#N/A N/A,NORTH UNITED POWER CORP LTD,#N/A N/A,#N/A N/A,49382.1812,1613.2202,74361.5118
NUPCLZ CH Equity 2020,#N/A N/A,#N/A N/A,#N/A N/A,#N/A N/A,#N/A N/A,#N/A N/A,#N/A N/A,#N/A N/A,#N/A N/A,#N/A N/A,#N/A N/A,#N/A N/A,#N/A N/A,#N/A N/A,#N/A N/A,#N/A N/A,#N/A N/A,#N/A N/A,#N/A N/A,#N/A N/A,#N/A N/A,#N/A N/A,NORTH UNITED POWER CORP LTD,10000,#N/A N/A,49632.0666,1017.5787,77402.5242
NUPCLZ CH Equity 2021,#N/A N/A,#N/A N/A,#N/A N/A,#N/A N/A,#N/A N/A,#N/A N/A,#N/A N/A,#N/A N/A,#N/A N/A,#N/A N/A,#N/A N/A,#N/A N/A,#N/A N/A,#N/A N/A,#N/A N/A,#N/A N/A,#N/A N/A,#N/A N/A,#N/A N/A,#N/A N/A,#N/A N/A,#N/A N/A,NORTH UNITED POWER CORP LTD,#N/A N/A,#N/A N/A,51554.6967,1729.5187,79355.3099
NUPCLZ CH Equity 2022,#N/A N/A,#N/A N/A,#N/A N/A,#N/A N/A,#N/A N/A,#N/A N/A,#N/A N/A,#N/A N/A,#N/A N/A,#N/A N/A,#N/A N/A,#N/A N/A,#N/A N/A,#N/A N/A,#N/A N/A,#N/A N/A,#N/A N/A,#N/A N/A,#N/A N/A,#N/A N/A,#N/A N/A,#N/A N/A,NORTH UNITED POWER CORP LTD,#N/A N/A,#N/A N/A,43800.8018,2741.8159,83097.5933
NUPCLZ CH Equity 2023,#N/A N/A,#N/A N/A,#N/A N/A,#N/A N/A,#N/A N/A,#N/A N/A,#N/A N/A,#N/A N/A,#N/A N/A,#N/A N/A,#N/A N/A,#N/A N/A,#N/A N/A,#N/A N/A,#N/A N/A,#N/A N/A,#N/A N/A,#N/A N/A,#N/A N/A,#N/A N/A,#N/A N/A,#N/A N/A,NORTH UNITED POWER CORP LTD,#N/A N/A,#N/A N/A,40005.1287,3454.9384,81251.2212
NUPCLZ CH Equity 2024,#N/A N/A,#N/A N/A,#N/A N/A,#N/A N/A,#N/A N/A,#N/A N/A,#N/A N/A,#N/A N/A,#N/A N/A,#N/A N/A,#N/A N/A,#N/A N/A,#N/A N/A,#N/A N/A,#N/A N/A,#N/A N/A,#N/A N/A,#N/A N/A,#N/A N/A,#N/A N/A,#N/A N/A,#N/A N/A,NORTH UNITED POWER CORP LTD,#N/A N/A,#N/A N/A,37967.6416,2702.652,88681.5478
NXELEZ CH Equity 2018,#N/A N/A,#N/A N/A,#N/A N/A,#N/A N/A,#N/A N/A,#N/A N/A,#N/A N/A,#N/A N/A,#N/A N/A,#N/A N/A,#N/A N/A,#N/A N/A,#N/A N/A,#N/A N/A,#N/A N/A,#N/A N/A,#N/A N/A,#N/A N/A,#N/A N/A,#N/A N/A,#N/A N/A,#N/A N/A,CHALCO NINGXIA ENERGY GROUP,5025.8,#N/A N/A,22062.5748,1133.5933,32765.5875
NXELEZ CH Equity 2019,#N/A N/A,#N/A N/A,#N/A N/A,#N/A N/A,#N/A N/A,#N/A N/A,#N/A N/A,#N/A N/A,#N/A N/A,#N/A N/A,#N/A N/A,#N/A N/A,#N/A N/A,#N/A N/A,#N/A N/A,#N/A N/A,#N/A N/A,#N/A N/A,#N/A N/A,#N/A N/A,#N/A N/A,#N/A N/A,CHALCO NINGXIA ENERGY GROUP,5025.8,#N/A N/A,21395.9403,844.0779,32319.6892
NXELEZ CH Equity 2020,#N/A N/A,#N/A N/A,#N/A N/A,#N/A N/A,#N/A N/A,#N/A N/A,#N/A N/A,#N/A N/A,#N/A N/A,#N/A N/A,#N/A N/A,#N/A N/A,#N/A N/A,#N/A N/A,#N/A N/A,#N/A N/A,#N/A N/A,#N/A N/A,#N/A N/A,#N/A N/A,#N/A N/A,#N/A N/A,CHALCO NINGXIA ENERGY GROUP,#N/A N/A,#N/A N/A,#N/A N/A,#N/A N/A,#N/A N/A
NXELEZ CH Equity 2021,#N/A N/A,#N/A N/A,#N/A N/A,#N/A N/A,#N/A N/A,#N/A N/A,#N/A N/A,#N/A N/A,#N/A N/A,#N/A N/A,#N/A N/A,#N/A N/A,#N/A N/A,#N/A N/A,#N/A N/A,#N/A N/A,#N/A N/A,#N/A N/A,#N/A N/A,#N/A N/A,#N/A N/A,#N/A N/A,CHALCO NINGXIA ENERGY GROUP,#N/A N/A,#N/A N/A,#N/A N/A,#N/A N/A,#N/A N/A
NXELEZ CH Equity 2022,#N/A N/A,#N/A N/A,#N/A N/A,#N/A N/A,#N/A N/A,#N/A N/A,#N/A N/A,#N/A N/A,#N/A N/A,#N/A N/A,#N/A N/A,#N/A N/A,#N/A N/A,#N/A N/A,#N/A N/A,#N/A N/A,#N/A N/A,#N/A N/A,#N/A N/A,#N/A N/A,#N/A N/A,#N/A N/A,CHALCO NINGXIA ENERGY GROUP,#N/A N/A,#N/A N/A,#N/A N/A,#N/A N/A,#N/A N/A
NXELEZ CH Equity 2023,#N/A N/A,#N/A N/A,#N/A N/A,#N/A N/A,#N/A N/A,#N/A N/A,#N/A N/A,#N/A N/A,#N/A N/A,#N/A N/A,#N/A N/A,#N/A N/A,#N/A N/A,#N/A N/A,#N/A N/A,#N/A N/A,#N/A N/A,#N/A N/A,#N/A N/A,#N/A N/A,#N/A N/A,#N/A N/A,CHALCO NINGXIA ENERGY GROUP,#N/A N/A,#N/A N/A,#N/A N/A,#N/A N/A,#N/A N/A
NXELEZ CH Equity 2024,#N/A N/A,#N/A N/A,#N/A N/A,#N/A N/A,#N/A N/A,#N/A N/A,#N/A N/A,#N/A N/A,#N/A N/A,#N/A N/A,#N/A N/A,#N/A N/A,#N/A N/A,#N/A N/A,#N/A N/A,#N/A N/A,#N/A N/A,#N/A N/A,#N/A N/A,#N/A N/A,#N/A N/A,#N/A N/A,CHALCO NINGXIA ENERGY GROUP,#N/A N/A,#N/A N/A,#N/A N/A,#N/A N/A,#N/A N/A
NXELEZ CH Equity 2018,#N/A N/A,#N/A N/A,#N/A N/A,#N/A N/A,#N/A N/A,#N/A N/A,#N/A N/A,#N/A N/A,#N/A N/A,#N/A N/A,#N/A N/A,#N/A N/A,#N/A N/A,#N/A N/A,#N/A N/A,#N/A N/A,#N/A N/A,#N/A N/A,#N/A N/A,#N/A N/A,#N/A N/A,#N/A N/A,CHALCO NINGXIA ENERGY GROUP,5025.8,#N/A N/A,22062.5748,1133.5933,32765.5875
NXELEZ CH Equity 2019,#N/A N/A,#N/A N/A,#N/A N/A,#N/A N/A,#N/A N/A,#N/A N/A,#N/A N/A,#N/A N/A,#N/A N/A,#N/A N/A,#N/A N/A,#N/A N/A,#N/A N/A,#N/A N/A,#N/A N/A,#N/A N/A,#N/A N/A,#N/A N/A,#N/A N/A,#N/A N/A,#N/A N/A,#N/A N/A,CHALCO NINGXIA ENERGY GROUP,5025.8,#N/A N/A,21395.9403,844.0779,32319.6892
NXELEZ CH Equity 2020,#N/A N/A,#N/A N/A,#N/A N/A,#N/A N/A,#N/A N/A,#N/A N/A,#N/A N/A,#N/A N/A,#N/A N/A,#N/A N/A,#N/A N/A,#N/A N/A,#N/A N/A,#N/A N/A,#N/A N/A,#N/A N/A,#N/A N/A,#N/A N/A,#N/A N/A,#N/A N/A,#N/A N/A,#N/A N/A,CHALCO NINGXIA ENERGY GROUP,#N/A N/A,#N/A N/A,#N/A N/A,#N/A N/A,#N/A N/A
NXELEZ CH Equity 2021,#N/A N/A,#N/A N/A,#N/A N/A,#N/A N/A,#N/A N/A,#N/A N/A,#N/A N/A,#N/A N/A,#N/A N/A,#N/A N/A,#N/A N/A,#N/A N/A,#N/A N/A,#N/A N/A,#N/A N/A,#N/A N/A,#N/A N/A,#N/A N/A,#N/A N/A,#N/A N/A,#N/A N/A,#N/A N/A,CHALCO NINGXIA ENERGY GROUP,#N/A N/A,#N/A N/A,#N/A N/A,#N/A N/A,#N/A N/A
NXELEZ CH Equity 2022,#N/A N/A,#N/A N/A,#N/A N/A,#N/A N/A,#N/A N/A,#N/A N/A,#N/A N/A,#N/A N/A,#N/A N/A,#N/A N/A,#N/A N/A,#N/A N/A,#N/A N/A,#N/A N/A,#N/A N/A,#N/A N/A,#N/A N/A,#N/A N/A,#N/A N/A,#N/A N/A,#N/A N/A,#N/A N/A,CHALCO NINGXIA ENERGY GROUP,#N/A N/A,#N/A N/A,#N/A N/A,#N/A N/A,#N/A N/A
NXELEZ CH Equity 2023,#N/A N/A,#N/A N/A,#N/A N/A,#N/A N/A,#N/A N/A,#N/A N/A,#N/A N/A,#N/A N/A,#N/A N/A,#N/A N/A,#N/A N/A,#N/A N/A,#N/A N/A,#N/A N/A,#N/A N/A,#N/A N/A,#N/A N/A,#N/A N/A,#N/A N/A,#N/A N/A,#N/A N/A,#N/A N/A,CHALCO NINGXIA ENERGY GROUP,#N/A N/A,#N/A N/A,#N/A N/A,#N/A N/A,#N/A N/A
NXELEZ CH Equity 2024,#N/A N/A,#N/A N/A,#N/A N/A,#N/A N/A,#N/A N/A,#N/A N/A,#N/A N/A,#N/A N/A,#N/A N/A,#N/A N/A,#N/A N/A,#N/A N/A,#N/A N/A,#N/A N/A,#N/A N/A,#N/A N/A,#N/A N/A,#N/A N/A,#N/A N/A,#N/A N/A,#N/A N/A,#N/A N/A,CHALCO NINGXIA ENERGY GROUP,#N/A N/A,#N/A N/A,#N/A N/A,#N/A N/A,#N/A N/A
NVTK RU Equity 2018,7737.14,199.7,#N/A N/A,#N/A N/A,#N/A N/A,#N/A N/A,#N/A N/A,#N/A N/A,#N/A N/A,#N/A N/A,#N/A N/A,#N/A N/A,#N/A N/A,#N/A N/A,#N/A N/A,#N/A N/A,#N/A N/A,#N/A N/A,#N/A N/A,3568140.392,831758,3437098.392,NOVATEK PJSC,3013.8,#N/A N/A,181961,69260,1216370
NVTK RU Equity 2019,11114.9,204.8,#N/A N/A,#N/A N/A,#N/A N/A,#N/A N/A,#N/A N/A,#N/A N/A,#N/A N/A,#N/A N/A,#N/A N/A,#N/A N/A,#N/A N/A,#N/A N/A,#N/A N/A,#N/A N/A,#N/A N/A,#N/A N/A,#N/A N/A,3844655.972,862803,3800141.972,NOVATEK PJSC,3011.5,#N/A N/A,162561,137614,2012867
NVTK RU Equity 2020,9055.8,228.5,173251,#N/A N/A,#N/A N/A,#N/A N/A,#N/A N/A,#N/A N/A,#N/A N/A,#N/A N/A,#N/A N/A,#N/A N/A,#N/A N/A,#N/A N/A,#N/A N/A,#N/A N/A,#N/A N/A,#N/A N/A,#N/A N/A,3848305.315,711812,3781133.315,NOVATEK PJSC,3004.5,#N/A N/A,232608,183899,2059178
NVTK RU Equity 2021,10048,270,177815,#N/A N/A,#N/A N/A,#N/A N/A,#N/A N/A,#N/A N/A,#N/A N/A,#N/A N/A,#N/A N/A,#N/A N/A,#N/A N/A,#N/A N/A,#N/A N/A,#N/A N/A,#N/A N/A,#N/A N/A,#N/A N/A,5250205.32,1156724,5152442.32,NOVATEK PJSC,3001.5,#N/A N/A,187058,106362,2457664
NVTK RU Equity 2022,#N/A N/A,#N/A N/A,#N/A N/A,#N/A N/A,#N/A N/A,#N/A N/A,#N/A N/A,#N/A N/A,#N/A N/A,#N/A N/A,#N/A N/A,#N/A N/A,#N/A N/A,#N/A N/A,#N/A N/A,#N/A N/A,#N/A N/A,#N/A N/A,#N/A N/A,#N/A N/A,#N/A N/A,#N/A N/A,NOVATEK PJSC,#N/A N/A,#N/A N/A,#N/A N/A,#N/A N/A,#N/A N/A
NVTK RU Equity 2023,9482,173,176397,#N/A N/A,#N/A N/A,#N/A N/A,#N/A N/A,#N/A N/A,#N/A N/A,#N/A N/A,#N/A N/A,6366,#N/A N/A,170031,#N/A N/A,#N/A N/A,#N/A N/A,#N/A N/A,#N/A N/A,4520972.506,#N/A N/A,4446366.506,NOVATEK PJSC,3001.5,#N/A N/A,220176,157661,3219153
NVTK RU Equity 2024,#N/A N/A,#N/A N/A,#N/A N/A,#N/A N/A,#N/A N/A,#N/A N/A,#N/A N/A,#N/A N/A,#N/A N/A,#N/A N/A,#N/A N/A,#N/A N/A,#N/A N/A,#N/A N/A,#N/A N/A,#N/A N/A,#N/A N/A,#N/A N/A,#N/A N/A,#N/A N/A,#N/A N/A,#N/A N/A,NOVATEK PJSC,3036.306,#N/A N/A,320043,178436,3740785
NVA CN Equity 2018,281.59,32.218,242.918,#N/A N/A,#N/A N/A,#N/A N/A,#N/A N/A,#N/A N/A,#N/A N/A,#N/A N/A,#N/A N/A,#N/A N/A,#N/A N/A,#N/A N/A,#N/A N/A,#N/A N/A,#N/A N/A,#N/A N/A,#N/A N/A,1392.5357,555.849,919.2487,NUVISTA ENERGY LTD,190.568,4.08,473.287,0,2180.874
NVA CN Equity 2019,326.329,102.758,277.13,#N/A N/A,#N/A N/A,#N/A N/A,#N/A N/A,#N/A N/A,#N/A N/A,#N/A N/A,#N/A N/A,#N/A N/A,#N/A N/A,#N/A N/A,#N/A N/A,#N/A N/A,#N/A N/A,#N/A N/A,#N/A N/A,1361.9896,561.095,719.6376,NUVISTA ENERGY LTD,225.429,3.19,642.352,0,2331.361
NVA CN Equity 2020,331.043,94.812,320.041,#N/A N/A,#N/A N/A,#N/A N/A,#N/A N/A,#N/A N/A,#N/A N/A,#N/A N/A,#N/A N/A,#N/A N/A,#N/A N/A,#N/A N/A,#N/A N/A,#N/A N/A,#N/A N/A,#N/A N/A,#N/A N/A,914.1259,424.637,207.7699,NUVISTA ENERGY LTD,225.683,0.92,706.356,0,2157.83
NVA CN Equity 2021,277.146,92.89,308.436,55.672,#N/A N/A,#N/A N/A,#N/A N/A,0.242,0.009,#N/A N/A,0.837,#N/A N/A,251.676,#N/A N/A,#N/A N/A,#N/A N/A,#N/A N/A,#N/A N/A,#N/A N/A,2125.2082,885.29,1583.9452,NUVISTA ENERGY LTD,226.288,6.96,541.263,0,2391.984
NVA CN Equity 2022,292.872,91.509,370.931,58.258,#N/A N/A,#N/A N/A,0,0.548,0.023,0,0,0,312.102,0,0,0,0,#N/A N/A,#N/A N/A,3027.6745,1745.975,2737.4425,NUVISTA ENERGY LTD,226.733,12.48,332.122,41.89,2821.666
NVA CN Equity 2023,319.098,74.429,#N/A N/A,#N/A N/A,#N/A N/A,#N/A N/A,#N/A N/A,#N/A N/A,#N/A N/A,#N/A N/A,#N/A N/A,#N/A N/A,#N/A N/A,#N/A N/A,#N/A N/A,#N/A N/A,#N/A N/A,#N/A N/A,#N/A N/A,2596.7825,1398.097,2291.7295,NUVISTA ENERGY LTD,216.144,11.04,305.053,0,3058.053
NVA CN Equity 2024,#N/A N/A,#N/A N/A,#N/A N/A,#N/A N/A,#N/A N/A,#N/A N/A,#N/A N/A,#N/A N/A,#N/A N/A,#N/A N/A,#N/A N/A,#N/A N/A,#N/A N/A,#N/A N/A,#N/A N/A,#N/A N/A,#N/A N/A,#N/A N/A,#N/A N/A,3099.4962,1215.234,2811.4232,NUVISTA ENERGY LTD,206.02,13.82,288.073,0,3450.419
NOG LN Equity 2018,254.156,0.559,#N/A N/A,#N/A N/A,#N/A N/A,#N/A N/A,#N/A N/A,#N/A N/A,#N/A N/A,#N/A N/A,#N/A N/A,#N/A N/A,#N/A N/A,#N/A N/A,#N/A N/A,#N/A N/A,#N/A N/A,#N/A N/A,#N/A N/A,1257.3403,389.927,243.1823,NOSTRUM OIL & GAS PLC,18.5234,1030,1135.911,121.753,2199.472
NOG LN Equity 2019,222.062,0.297,#N/A N/A,#N/A N/A,#N/A N/A,#N/A N/A,#N/A N/A,#N/A N/A,#N/A N/A,#N/A N/A,#N/A N/A,#N/A N/A,#N/A N/A,#N/A N/A,#N/A N/A,#N/A N/A,#N/A N/A,#N/A N/A,#N/A N/A,1097.2405,322.128,41.6175,NOSTRUM OIL & GAS PLC,18.5234,169.4,1149.563,93.94,846.294
NOG LN Equity 2020,187.596,0.068,#N/A N/A,#N/A N/A,#N/A N/A,#N/A N/A,#N/A N/A,#N/A N/A,#N/A N/A,#N/A N/A,#N/A N/A,#N/A N/A,#N/A N/A,#N/A N/A,#N/A N/A,#N/A N/A,#N/A N/A,#N/A N/A,#N/A N/A,1139.3466,175.939,22.9726,NOSTRUM OIL & GAS PLC,18.5234,90.85,1194.957,78.583,463.772
NOG LN Equity 2021,187.466,0.012,#N/A N/A,#N/A N/A,#N/A N/A,#N/A N/A,#N/A N/A,#N/A N/A,#N/A N/A,#N/A N/A,#N/A N/A,#N/A N/A,#N/A N/A,#N/A N/A,#N/A N/A,#N/A N/A,#N/A N/A,#N/A N/A,#N/A N/A,1145.7711,195.285,15.8201,NOSTRUM OIL & GAS PLC,18.5234,63.1,1295.197,165.246,565.308
NOG LN Equity 2022,169.625,0.005,0.352,#N/A N/A,#N/A N/A,#N/A N/A,#N/A N/A,0.352,#N/A N/A,#N/A N/A,#N/A N/A,#N/A N/A,#N/A N/A,#N/A N/A,#N/A N/A,#N/A N/A,#N/A N/A,#N/A N/A,#N/A N/A,1174.1286,#N/A N/A,6.1626,NOSTRUM OIL & GAS PLC,16.9087,27.5,1401.55,233.584,590.117
NOG LN Equity 2023,180.136,0.021,1.869,1.43,0.15,#N/A N/A,#N/A N/A,0.289,#N/A N/A,#N/A N/A,#N/A N/A,#N/A N/A,#N/A N/A,#N/A N/A,#N/A N/A,#N/A N/A,#N/A N/A,#N/A N/A,#N/A N/A,335.2099,119.629,20.0159,NOSTRUM OIL & GAS PLC,169.3816,9.275,476.403,161.711,519.341
NOG LN Equity 2024,256.082,0.007,2.801,1.304,0.184,#N/A N/A,#N/A N/A,1.313,#N/A N/A,#N/A N/A,#N/A N/A,#N/A N/A,#N/A N/A,#N/A N/A,#N/A N/A,#N/A N/A,#N/A N/A,#N/A N/A,#N/A N/A,431.3661,137.076,6.1281,NOSTRUM OIL & GAS PLC,169.0867,2.895,575.602,150.419,605.998
NOG US Equity 2018,#N/A N/A,#N/A N/A,#N/A N/A,#N/A N/A,#N/A N/A,#N/A N/A,#N/A N/A,#N/A N/A,#N/A N/A,#N/A N/A,#N/A N/A,#N/A N/A,#N/A N/A,#N/A N/A,#N/A N/A,#N/A N/A,#N/A N/A,#N/A N/A,#N/A N/A,1682.8782,493.9093,855.0327,NORTHERN OIL AND GAS INC,23.6206,22.6,830.2033,2.3579,1503.6453
NOG US Equity 2019,#N/A N/A,#N/A N/A,#N/A N/A,#N/A N/A,#N/A N/A,#N/A N/A,#N/A N/A,#N/A N/A,#N/A N/A,#N/A N/A,#N/A N/A,#N/A N/A,#N/A N/A,#N/A N/A,#N/A N/A,#N/A N/A,#N/A N/A,#N/A N/A,#N/A N/A,2202.3323,472.402,950.2393,NORTHERN OIL AND GAS INC,38.7085,23.4,1118.161,16.068,1905.465
NOG US Equity 2020,#N/A N/A,#N/A N/A,#N/A N/A,#N/A N/A,#N/A N/A,#N/A N/A,#N/A N/A,#N/A N/A,#N/A N/A,#N/A N/A,#N/A N/A,#N/A N/A,#N/A N/A,#N/A N/A,#N/A N/A,#N/A N/A,#N/A N/A,#N/A N/A,#N/A N/A,1567.4759,324.052,402.1609,NORTHERN OIL AND GAS INC,42.7446,8.76,944.843,1.428,872.089
NOG US Equity 2021,#N/A N/A,#N/A N/A,#N/A N/A,#N/A N/A,#N/A N/A,#N/A N/A,#N/A N/A,#N/A N/A,#N/A N/A,#N/A N/A,#N/A N/A,#N/A N/A,#N/A N/A,#N/A N/A,#N/A N/A,#N/A N/A,#N/A N/A,#N/A N/A,#N/A N/A,2607.5147,975.1,1591.6967,NORTHERN OIL AND GAS INC,62.9895,20.58,803.437,9.519,1522.866
NOG US Equity 2022,0.008,0.175,12988.4,1.468,0.488,0.045,0.015,0.051,0.165,0.0002,#N/A N/A,#N/A N/A,#N/A N/A,10367.5,#N/A N/A,#N/A N/A,#N/A N/A,423.825,2194.9099,4147.6952,1985.798,2624.8102,NORTHERN OIL AND GAS INC,78.5572,30.82,1525.413,2.528,2875.178
NOG US Equity 2023,0.014,0.212,17261,3.228,0.377,0.058,0.037,0.055,0.272,0.071,#N/A N/A,#N/A N/A,#N/A N/A,13650.5996,#N/A N/A,#N/A N/A,#N/A N/A,435.615,3170.7,5562.5748,1897.779,3735.2158,NORTHERN OIL AND GAS INC,91.4837,37.07,1835.554,8.195,4484.255
NOG US Equity 2024,0.017,0.208,21573.301,1.342,0.149,0.184,0.02,0.006,0.177,0.081,#N/A N/A,#N/A N/A,#N/A N/A,17101.5996,0.341,#N/A N/A,#N/A N/A,531.291,3938.1399,6104.6453,2152.079,3744.2843,NORTHERN OIL AND GAS INC,99.8525,37.16,2369.294,8.933,5603.822
NI US Equity 2018,12580.8,43.669,2892.25,#N/A N/A,#N/A N/A,2892.25,#N/A N/A,#N/A N/A,#N/A N/A,#N/A N/A,#N/A N/A,#N/A N/A,#N/A N/A,#N/A N/A,#N/A N/A,#N/A N/A,#N/A N/A,#N/A N/A,#N/A N/A,19330.9187,5114.5,9439.4187,NISOURCE INC,356.5,25.35,9132.6,112.8,21804
NI US Equity 2019,10133.1,40.419,53819.801,#N/A N/A,#N/A N/A,#N/A N/A,#N/A N/A,#N/A N/A,#N/A N/A,#N/A N/A,#N/A N/A,#N/A N/A,#N/A N/A,#N/A N/A,#N/A N/A,#N/A N/A,#N/A N/A,#N/A N/A,#N/A N/A,21077.8573,5184.1,10638.6573,NISOURCE INC,374.6,27.84,9707.6,139.3,22659.8
NI US Equity 2020,7272.08,82.615,51336.102,#N/A N/A,#N/A N/A,2583.98,#N/A N/A,#N/A N/A,#N/A N/A,#N/A N/A,#N/A N/A,#N/A N/A,#N/A N/A,48750.1992,#N/A N/A,#N/A N/A,#N/A N/A,#N/A N/A,#N/A N/A,19613.2756,4696.7,8986.9756,NISOURCE INC,384.3,22.94,9786.3,116.5,22040.5
NI US Equity 2021,8270.92,72.123,14725.3,#N/A N/A,#N/A N/A,5583.5498,#N/A N/A,#N/A N/A,#N/A N/A,#N/A N/A,#N/A N/A,#N/A N/A,#N/A N/A,9141.7695,#N/A N/A,#N/A N/A,#N/A N/A,#N/A N/A,#N/A N/A,22803.7165,4899.6,11190.4165,NISOURCE INC,393.6,27.61,9836.1,84.2,24156.9
NI US Equity 2022,6350.41,76.591,14771.7,#N/A N/A,#N/A N/A,5655.96,#N/A N/A,#N/A N/A,#N/A N/A,#N/A N/A,#N/A N/A,#N/A N/A,#N/A N/A,10104,#N/A N/A,#N/A N/A,#N/A N/A,#N/A N/A,#N/A N/A,24450.6501,5833.7,11300.9501,NISOURCE INC,407.1,27.42,11352.2,40.8,26736.6
NI US Equity 2023,5492.28,59.78,13422.3,#N/A N/A,#N/A N/A,4545.2998,#N/A N/A,#N/A N/A,#N/A N/A,#N/A N/A,#N/A N/A,#N/A N/A,#N/A N/A,8877,#N/A N/A,#N/A N/A,#N/A N/A,#N/A N/A,#N/A N/A,26111.6834,5566,11877.9834,NISOURCE INC,416.1,26.55,14162,2245.4,31077.2
NI US Equity 2024,#N/A N/A,#N/A N/A,#N/A N/A,#N/A N/A,#N/A N/A,#N/A N/A,#N/A N/A,#N/A N/A,#N/A N/A,#N/A N/A,#N/A N/A,#N/A N/A,#N/A N/A,#N/A N/A,#N/A N/A,#N/A N/A,#N/A N/A,#N/A N/A,#N/A N/A,33043.7741,5455.1,17270.6741,NISOURCE INC,454.2,36.76,13987.6,156.6,31788.1
NEE US Equity 2018,#N/A N/A,#N/A N/A,#N/A N/A,#N/A N/A,#N/A N/A,#N/A N/A,#N/A N/A,#N/A N/A,#N/A N/A,#N/A N/A,#N/A N/A,#N/A N/A,#N/A N/A,#N/A N/A,#N/A N/A,#N/A N/A,#N/A N/A,#N/A N/A,#N/A N/A,123896.96,16727,83085.96,NEXTERA ENERGY INC,1892.8,43.455,37712,638,103702
NEE US Equity 2019,45645.699,#N/A N/A,#N/A N/A,#N/A N/A,#N/A N/A,#N/A N/A,#N/A N/A,#N/A N/A,#N/A N/A,#N/A N/A,#N/A N/A,#N/A N/A,#N/A N/A,#N/A N/A,#N/A N/A,#N/A N/A,#N/A N/A,#N/A N/A,#N/A N/A,165739.24,19204,118416.24,NEXTERA ENERGY INC,1927.9,60.54,43081,600,117691
NEE US Equity 2020,43311.602,14.539,2766.01,#N/A N/A,#N/A N/A,2172.1599,#N/A N/A,#N/A N/A,6.017,#N/A N/A,#N/A N/A,#N/A N/A,#N/A N/A,587.834,#N/A N/A,#N/A N/A,#N/A N/A,#N/A N/A,#N/A N/A,207157,17997,151214,NEXTERA ENERGY INC,1959,77.15,48632,1105,127684
NEE US Equity 2021,43046.699,17.201,2392.32,#N/A N/A,#N/A N/A,1736.58,#N/A N/A,#N/A N/A,7.404,#N/A N/A,#N/A N/A,#N/A N/A,#N/A N/A,648.335,#N/A N/A,#N/A N/A,#N/A N/A,#N/A N/A,#N/A N/A,246475.68,17069,183265.68,NEXTERA ENERGY INC,1962.5,93.36,55382,639,140912
NEE US Equity 2022,41986,14.409,3106.4,#N/A N/A,#N/A N/A,2441.29,#N/A N/A,#N/A N/A,11.869,#N/A N/A,#N/A N/A,#N/A N/A,#N/A N/A,653.238,#N/A N/A,#N/A N/A,#N/A N/A,#N/A N/A,#N/A N/A,240085.2,20956,166113.2,NEXTERA ENERGY INC,1972.6,83.6,65366,1601,158935
NEE US Equity 2023,42287.801,15.879,2671.31,#N/A N/A,#N/A N/A,2008.21,#N/A N/A,#N/A N/A,15.461,#N/A N/A,#N/A N/A,#N/A N/A,#N/A N/A,647.636,#N/A N/A,#N/A N/A,#N/A N/A,#N/A N/A,#N/A N/A,207127.48,28114,124638.48,NEXTERA ENERGY INC,2026.1,60.74,73623,2690,177489
NEE US Equity 2024,#N/A N/A,#N/A N/A,#N/A N/A,#N/A N/A,#N/A N/A,#N/A N/A,#N/A N/A,#N/A N/A,#N/A N/A,#N/A N/A,#N/A N/A,#N/A N/A,#N/A N/A,#N/A N/A,#N/A N/A,#N/A N/A,#N/A N/A,#N/A N/A,#N/A N/A,239459.33,24753,147466.33,NEXTERA ENERGY INC,2052.9,71.69,82720,1487,190144
NEXT US Equity 2018,#N/A N/A,#N/A N/A,#N/A N/A,#N/A N/A,#N/A N/A,#N/A N/A,#N/A N/A,#N/A N/A,#N/A N/A,#N/A N/A,#N/A N/A,#N/A N/A,#N/A N/A,#N/A N/A,#N/A N/A,#N/A N/A,#N/A N/A,#N/A N/A,#N/A N/A,567.888,0,577.26,NEXTDECADE CORP,106.564,5.4,0,75.622,169.002
NEXT US Equity 2019,#N/A N/A,#N/A N/A,#N/A N/A,#N/A N/A,#N/A N/A,#N/A N/A,#N/A N/A,#N/A N/A,#N/A N/A,#N/A N/A,#N/A N/A,#N/A N/A,#N/A N/A,#N/A N/A,#N/A N/A,#N/A N/A,#N/A N/A,#N/A N/A,#N/A N/A,740.878,0,720.222,NEXTDECADE CORP,109.057,6.14,0.701,77.943,221.195
NEXT US Equity 2020,#N/A N/A,#N/A N/A,#N/A N/A,#N/A N/A,#N/A N/A,#N/A N/A,#N/A N/A,#N/A N/A,#N/A N/A,#N/A N/A,#N/A N/A,#N/A N/A,#N/A N/A,#N/A N/A,#N/A N/A,#N/A N/A,#N/A N/A,#N/A N/A,#N/A N/A,339.619,0,246.202,NEXTDECADE CORP,117.524,2.09,3.722,22.608,201.668
NEXT US Equity 2021,#N/A N/A,#N/A N/A,#N/A N/A,#N/A N/A,#N/A N/A,#N/A N/A,#N/A N/A,#N/A N/A,#N/A N/A,#N/A N/A,#N/A N/A,#N/A N/A,#N/A N/A,#N/A N/A,#N/A N/A,#N/A N/A,#N/A N/A,#N/A N/A,#N/A N/A,489.1,0,344.28,NEXTDECADE CORP,119.201,2.85,1.972,25.552,222.105
NEXT US Equity 2022,#N/A N/A,#N/A N/A,#N/A N/A,#N/A N/A,#N/A N/A,#N/A N/A,#N/A N/A,#N/A N/A,#N/A N/A,#N/A N/A,#N/A N/A,#N/A N/A,#N/A N/A,#N/A N/A,#N/A N/A,#N/A N/A,#N/A N/A,#N/A N/A,#N/A N/A,850.102,0,708.89,NEXTDECADE CORP,130.136,4.94,1.558,62.789,312.43
NEXT US Equity 2023,#N/A N/A,#N/A N/A,#N/A N/A,#N/A N/A,#N/A N/A,#N/A N/A,#N/A N/A,#N/A N/A,#N/A N/A,#N/A N/A,#N/A N/A,#N/A N/A,#N/A N/A,#N/A N/A,#N/A N/A,#N/A N/A,#N/A N/A,#N/A N/A,#N/A N/A,1793.731,0,1223.505,NEXTDECADE CORP,194.595,4.77,155.956,38.241,3323.801
NEXT US Equity 2024,#N/A N/A,#N/A N/A,#N/A N/A,#N/A N/A,#N/A N/A,#N/A N/A,#N/A N/A,#N/A N/A,#N/A N/A,#N/A N/A,#N/A N/A,#N/A N/A,#N/A N/A,#N/A N/A,#N/A N/A,#N/A N/A,#N/A N/A,#N/A N/A,#N/A N/A,3371.795,0,2006.142,NEXTDECADE CORP,258.535,7.71,147.045,148.137,6404.059
NFE US Equity 2018,#N/A N/A,#N/A N/A,#N/A N/A,#N/A N/A,#N/A N/A,#N/A N/A,#N/A N/A,#N/A N/A,#N/A N/A,#N/A N/A,#N/A N/A,#N/A N/A,#N/A N/A,#N/A N/A,#N/A N/A,#N/A N/A,#N/A N/A,#N/A N/A,#N/A N/A,#N/A N/A,112.301,#N/A N/A,NEW FORTRESS ENERGY INC,67.9328,#N/A N/A,272.192,78.301,699.402
NFE US Equity 2019,#N/A N/A,#N/A N/A,#N/A N/A,#N/A N/A,#N/A N/A,#N/A N/A,#N/A N/A,#N/A N/A,#N/A N/A,#N/A N/A,#N/A N/A,#N/A N/A,#N/A N/A,#N/A N/A,#N/A N/A,#N/A N/A,#N/A N/A,#N/A N/A,#N/A N/A,3526.2493,189.125,2631.7713,NEW FORTRESS ENERGY INC,20.8626,15.67,619.057,27.098,1123.814
NFE US Equity 2020,967.889,47.142,1979.58,#N/A N/A,#N/A N/A,#N/A N/A,#N/A N/A,#N/A N/A,#N/A N/A,#N/A N/A,#N/A N/A,#N/A N/A,#N/A N/A,#N/A N/A,#N/A N/A,#N/A N/A,#N/A N/A,#N/A N/A,#N/A N/A,10122.784,451.65,9356.814,NEW FORTRESS ENERGY INC,106.6549,53.59,1359.365,601.522,1908.091
NFE US Equity 2021,1102.03,19.421,2106.42,#N/A N/A,#N/A N/A,#N/A N/A,#N/A N/A,#N/A N/A,#N/A N/A,#N/A N/A,#N/A N/A,#N/A N/A,#N/A N/A,#N/A N/A,#N/A N/A,#N/A N/A,#N/A N/A,#N/A N/A,#N/A N/A,9145.84,1322.81,4994.566,NEW FORTRESS ENERGY INC,198.593,24.14,4136.304,187.509,6876.492
NFE US Equity 2022,740.182,22.531,3907.66,#N/A N/A,#N/A N/A,#N/A N/A,#N/A N/A,#N/A N/A,#N/A N/A,#N/A N/A,#N/A N/A,#N/A N/A,#N/A N/A,#N/A N/A,#N/A N/A,#N/A N/A,#N/A N/A,#N/A N/A,#N/A N/A,13226.39,2368.272,8857.296,NEW FORTRESS ENERGY INC,209.5013,42.42,4892.547,675.492,7705.082
NFE US Equity 2023,947.243,23.363,4535.24,#N/A N/A,#N/A N/A,#N/A N/A,#N/A N/A,#N/A N/A,#N/A N/A,#N/A N/A,#N/A N/A,#N/A N/A,#N/A N/A,#N/A N/A,#N/A N/A,#N/A N/A,#N/A N/A,#N/A N/A,#N/A N/A,15091.201,2413.296,7734.65,NEW FORTRESS ENERGY INC,205.9428,37.73,7374.19,155.414,10501.245
NFE US Equity 2024,#N/A N/A,#N/A N/A,#N/A N/A,#N/A N/A,#N/A N/A,#N/A N/A,#N/A N/A,#N/A N/A,#N/A N/A,#N/A N/A,#N/A N/A,#N/A N/A,#N/A N/A,#N/A N/A,#N/A N/A,#N/A N/A,#N/A N/A,#N/A N/A,#N/A N/A,13254.363,2364.86,4029.48,NEW FORTRESS ENERGY INC,217.5785,15.12,9498.358,492.881,12867.496
NRZ AU Equity 2018,#N/A N/A,#N/A N/A,#N/A N/A,#N/A N/A,#N/A N/A,#N/A N/A,#N/A N/A,#N/A N/A,#N/A N/A,#N/A N/A,#N/A N/A,#N/A N/A,#N/A N/A,#N/A N/A,#N/A N/A,#N/A N/A,#N/A N/A,#N/A N/A,#N/A N/A,71.4791,#N/A N/A,76.9727,NEURIZER LTD,392.5335,0.17,3.83,9.3236,35.5081
NRZ AU Equity 2019,#N/A N/A,#N/A N/A,#N/A N/A,#N/A N/A,#N/A N/A,#N/A N/A,#N/A N/A,#N/A N/A,#N/A N/A,#N/A N/A,#N/A N/A,#N/A N/A,#N/A N/A,#N/A N/A,#N/A N/A,#N/A N/A,#N/A N/A,#N/A N/A,#N/A N/A,144.2124,#N/A N/A,142.5173,NEURIZER LTD,433.2865,0.26,3.989,2.2939,35.0201
NRZ AU Equity 2020,#N/A N/A,#N/A N/A,#N/A N/A,#N/A N/A,#N/A N/A,#N/A N/A,#N/A N/A,#N/A N/A,#N/A N/A,#N/A N/A,#N/A N/A,#N/A N/A,#N/A N/A,#N/A N/A,#N/A N/A,#N/A N/A,#N/A N/A,#N/A N/A,#N/A N/A,37.8701,#N/A N/A,43.8624,NEURIZER LTD,567.4078,0.067,0.8221,6.8144,35.9325
NRZ AU Equity 2021,#N/A N/A,#N/A N/A,#N/A N/A,#N/A N/A,#N/A N/A,#N/A N/A,#N/A N/A,#N/A N/A,#N/A N/A,#N/A N/A,#N/A N/A,#N/A N/A,#N/A N/A,#N/A N/A,#N/A N/A,#N/A N/A,#N/A N/A,#N/A N/A,#N/A N/A,75.6118,#N/A N/A,98.1994,NEURIZER LTD,658.342,0.15,0.2248,22.8124,55.1828
NRZ AU Equity 2022,#N/A N/A,#N/A N/A,#N/A N/A,#N/A N/A,#N/A N/A,#N/A N/A,#N/A N/A,#N/A N/A,#N/A N/A,#N/A N/A,#N/A N/A,#N/A N/A,#N/A N/A,#N/A N/A,#N/A N/A,#N/A N/A,#N/A N/A,#N/A N/A,#N/A N/A,148.1655,#N/A N/A,148.287,NEURIZER LTD,823.8167,0.18,0.3218,0.4432,91.6063
NRZ AU Equity 2023,#N/A N/A,#N/A N/A,#N/A N/A,#N/A N/A,#N/A N/A,#N/A N/A,#N/A N/A,#N/A N/A,#N/A N/A,#N/A N/A,#N/A N/A,#N/A N/A,#N/A N/A,#N/A N/A,#N/A N/A,#N/A N/A,#N/A N/A,#N/A N/A,#N/A N/A,62.1379,#N/A N/A,60.9069,NEURIZER LTD,1032.3203,0.059,2.4426,1.2117,128.6673
NRZ AU Equity 2024,#N/A N/A,#N/A N/A,#N/A N/A,#N/A N/A,#N/A N/A,#N/A N/A,#N/A N/A,#N/A N/A,#N/A N/A,#N/A N/A,#N/A N/A,#N/A N/A,#N/A N/A,#N/A N/A,#N/A N/A,#N/A N/A,#N/A N/A,#N/A N/A,#N/A N/A,20.09,#N/A N/A,18.5511,NEURIZER LTD,1427.0049,0.013,2.1076,0.5687,129.3189
NVPT IT Equity 2018,#N/A N/A,#N/A N/A,#N/A N/A,#N/A N/A,#N/A N/A,#N/A N/A,#N/A N/A,#N/A N/A,#N/A N/A,#N/A N/A,#N/A N/A,#N/A N/A,#N/A N/A,#N/A N/A,#N/A N/A,#N/A N/A,#N/A N/A,#N/A N/A,#N/A N/A,291.8112,#N/A N/A,83.3092,NAVITAS PETROLEUM LP,32.921,956.6,224.048,15.546,231.71
NVPT IT Equity 2019,#N/A N/A,#N/A N/A,#N/A N/A,#N/A N/A,#N/A N/A,#N/A N/A,#N/A N/A,#N/A N/A,#N/A N/A,#N/A N/A,#N/A N/A,#N/A N/A,#N/A N/A,#N/A N/A,#N/A N/A,#N/A N/A,#N/A N/A,#N/A N/A,#N/A N/A,439.6345,#N/A N/A,222.7335,NAVITAS PETROLEUM LP,39.003,1629,240.062,23.161,282.045
NVPT IT Equity 2020,#N/A N/A,#N/A N/A,#N/A N/A,#N/A N/A,#N/A N/A,#N/A N/A,#N/A N/A,#N/A N/A,#N/A N/A,#N/A N/A,#N/A N/A,#N/A N/A,#N/A N/A,#N/A N/A,#N/A N/A,#N/A N/A,#N/A N/A,#N/A N/A,#N/A N/A,432.7641,#N/A N/A,218.7101,NAVITAS PETROLEUM LP,60.341,1153,328.857,114.803,440.787
NVPT IT Equity 2021,#N/A N/A,#N/A N/A,#N/A N/A,#N/A N/A,#N/A N/A,#N/A N/A,#N/A N/A,#N/A N/A,#N/A N/A,#N/A N/A,#N/A N/A,#N/A N/A,#N/A N/A,#N/A N/A,#N/A N/A,#N/A N/A,#N/A N/A,#N/A N/A,#N/A N/A,944.1977,#N/A N/A,511.4927,NAVITAS PETROLEUM LP,73.9811,1700,438.827,53.594,754.527
NVPT IT Equity 2022,#N/A N/A,#N/A N/A,#N/A N/A,#N/A N/A,#N/A N/A,#N/A N/A,#N/A N/A,#N/A N/A,#N/A N/A,#N/A N/A,#N/A N/A,#N/A N/A,#N/A N/A,#N/A N/A,#N/A N/A,#N/A N/A,#N/A N/A,#N/A N/A,#N/A N/A,903.1045,#N/A N/A,474.2425,NAVITAS PETROLEUM LP,93.85,1781,451.272,80.712,876.313
NVPT IT Equity 2023,#N/A N/A,#N/A N/A,#N/A N/A,#N/A N/A,#N/A N/A,#N/A N/A,#N/A N/A,#N/A N/A,#N/A N/A,#N/A N/A,#N/A N/A,#N/A N/A,#N/A N/A,#N/A N/A,#N/A N/A,#N/A N/A,#N/A N/A,#N/A N/A,#N/A N/A,1487.5901,93.791,852.2221,NAVITAS PETROLEUM LP,94.0641,3253,674.812,108.576,1127.638
NVPT IT Equity 2024,#N/A N/A,#N/A N/A,#N/A N/A,#N/A N/A,#N/A N/A,#N/A N/A,#N/A N/A,#N/A N/A,#N/A N/A,#N/A N/A,#N/A N/A,#N/A N/A,#N/A N/A,#N/A N/A,#N/A N/A,#N/A N/A,#N/A N/A,#N/A N/A,#N/A N/A,2934.2704,78.039,2014.5444,NAVITAS PETROLEUM LP,100.2401,7320,986.859,147.126,1576.449
NTGY SM Equity 2018,18305.6,1093.34,131391,#N/A N/A,#N/A N/A,29786.0996,#N/A N/A,#N/A N/A,1.568,9.985,#N/A N/A,#N/A N/A,#N/A N/A,100756,#N/A N/A,#N/A N/A,#N/A N/A,837.165,#N/A N/A,40764.3447,24339,22275.3447,NATURGY ENERGY GROUP SA,997.6638,22.26,15346,2114,40631
NTGY SM Equity 2019,15415.3,1098.66,129433,#N/A N/A,#N/A N/A,28390.3008,#N/A N/A,#N/A N/A,3.108,9.314,#N/A N/A,#N/A N/A,#N/A N/A,100960,#N/A N/A,#N/A N/A,#N/A N/A,71.197,#N/A N/A,41781.0533,23035,21899.0533,NATURGY ENERGY GROUP SA,984.1221,22.4,17860,3013,41138
NTGY SM Equity 2020,14301.9,1153.61,123218,#N/A N/A,#N/A N/A,30638.3008,#N/A N/A,#N/A N/A,0.621,8.286,#N/A N/A,#N/A N/A,#N/A N/A,92462.8984,#N/A N/A,#N/A N/A,#N/A N/A,107.846,#N/A N/A,36104.8777,15345,18383.8777,NATURGY ENERGY GROUP SA,969.6138,18.96,17359,4485,39545
NTGY SM Equity 2021,12965.2,487.067,136450,#N/A N/A,#N/A N/A,33167.8008,#N/A N/A,#N/A N/A,0.362,5.685,#N/A N/A,#N/A N/A,#N/A N/A,103276,#N/A N/A,#N/A N/A,#N/A N/A,0,#N/A N/A,44699.0431,22140,27760.0431,NATURGY ENERGY GROUP SA,969.6138,28.63,16705,4360,38249
NTGY SM Equity 2022,14741.5,363.489,110080,243.491,#N/A N/A,28990.5996,#N/A N/A,#N/A N/A,1.212,5.489,#N/A N/A,#N/A N/A,#N/A N/A,80838.7969,#N/A N/A,#N/A N/A,#N/A N/A,#N/A N/A,#N/A N/A,38969.3115,33965,23571.3115,NATURGY ENERGY GROUP SA,969.6138,24.31,16276,4393,40390
NTGY SM Equity 2023,12463.4,397.497,101726,186.131,0,25367.0996,0,0,2.068,5.408,0,0,0,76165.6016,0,0,0,0,#N/A N/A,41613.5726,22617,26179.5726,NATURGY ENERGY GROUP SA,969.6138,27,15964,4121,37893
NTGY SM Equity 2024,11482.4,453.649,107417,164.683,#N/A N/A,26902.1992,#N/A N/A,#N/A N/A,2.84,5.356,#N/A N/A,#N/A N/A,#N/A N/A,80342.3984,#N/A N/A,#N/A N/A,#N/A N/A,#N/A N/A,#N/A N/A,37346.5707,19267,22669.5707,NATURGY ENERGY GROUP SA,969.6138,23.38,17989,6097,40836
NG/ LN Equity 2018,4754.67,2898.83,31905.801,2590.25,#N/A N/A,11462.6,#N/A N/A,0.748,7.69,58.043,#N/A N/A,#N/A N/A,#N/A N/A,17786.5,#N/A N/A,#N/A N/A,#N/A N/A,#N/A N/A,#N/A N/A,52802.036,15250,29184.036,NATIONAL GRID PLC,3729.9117,744.365,26625,3023,58787
NG/ LN Equity 2019,4491.96,2520.68,32296.301,4972.51,#N/A N/A,7419.49,#N/A N/A,1.051,13.866,16.558,#N/A N/A,#N/A N/A,#N/A N/A,19872.9,#N/A N/A,#N/A N/A,#N/A N/A,#N/A N/A,#N/A N/A,57885.996,14933,31368.996,NATIONAL GRID PLC,3649.0844,789.461,28730,2233,62963
NG/ LN Equity 2020,3902.77,2580.37,34304,5400,#N/A N/A,4522,#N/A N/A,4,20,58,#N/A N/A,#N/A N/A,#N/A N/A,24300,#N/A N/A,#N/A N/A,#N/A N/A,#N/A N/A,#N/A N/A,64526.48,14540,35781.48,NATIONAL GRID PLC,3729.9117,878.354,30794,2071,67089
NG/ LN Equity 2021,4727,2216,28948,6570,#N/A N/A,4126,#N/A N/A,6,6,5,#N/A N/A,#N/A N/A,#N/A N/A,18235,#N/A N/A,#N/A N/A,#N/A N/A,#N/A N/A,#N/A N/A,61703.6,14779,32961.6,NATIONAL GRID PLC,3796.729,801.709,31220,2499,67216
NG/ LN Equity 2022,5072.96,2797.07,28139.1,3547.03,0,6952.5,0,6.521,11.355,4.401,0,0,0,17617.301,0,0,0,0,#N/A N/A,87909.496,18449,45770.496,NATIONAL GRID PLC,3878.634,1087.875,45465,3349,94860
NG/ LN Equity 2023,4407.61,2876.2,27867.199,4136.4,0,5653.19,0,45.873,38.156,21.109,0,0,0,17972.5,#N/A N/A,#N/A N/A,#N/A N/A,#N/A N/A,#N/A N/A,83048.36,21659,42807.36,NATIONAL GRID PLC,3943.2959,1017.447,42985,2768,92697
NG/ LN Equity 2024,3988.32,2863.86,27384.5,4266.19,#N/A N/A,5467.3,#N/A N/A,32.863,49.308,47.832,#N/A N/A,#N/A N/A,#N/A N/A,17521.1,#N/A N/A,#N/A N/A,#N/A N/A,#N/A N/A,#N/A N/A,84732.8,19850,41893.8,NATIONAL GRID PLC,3978.8599,989.146,47072,4258,98325
NFG US Equity 2018,#N/A N/A,#N/A N/A,#N/A N/A,#N/A N/A,#N/A N/A,#N/A N/A,#N/A N/A,#N/A N/A,#N/A N/A,#N/A N/A,#N/A N/A,#N/A N/A,#N/A N/A,#N/A N/A,#N/A N/A,#N/A N/A,#N/A N/A,#N/A N/A,#N/A N/A,6720.498,1592.668,4818.739,NATIONAL FUEL GAS CO,85.8306,56.06,2131.365,229.606,6036.486
NFG US Equity 2019,1990.49,11.355,#N/A N/A,#N/A N/A,#N/A N/A,#N/A N/A,#N/A N/A,#N/A N/A,#N/A N/A,#N/A N/A,#N/A N/A,#N/A N/A,#N/A N/A,#N/A N/A,#N/A N/A,#N/A N/A,#N/A N/A,#N/A N/A,#N/A N/A,6218.4033,1693.332,4049.9133,NATIONAL FUEL GAS CO,86.2356,46.92,2188.918,20.428,6462.157
NFG US Equity 2020,2612.34,19.437,#N/A N/A,#N/A N/A,#N/A N/A,#N/A N/A,#N/A N/A,#N/A N/A,#N/A N/A,#N/A N/A,#N/A N/A,#N/A N/A,#N/A N/A,#N/A N/A,#N/A N/A,#N/A N/A,#N/A N/A,#N/A N/A,#N/A N/A,6350.6061,1546.291,3691.8511,NATIONAL FUEL GAS CO,87.9689,40.59,2679.296,20.541,6964.935
NFG US Equity 2021,2543.1,19.52,#N/A N/A,#N/A N/A,#N/A N/A,#N/A N/A,#N/A N/A,#N/A N/A,#N/A N/A,#N/A N/A,#N/A N/A,#N/A N/A,#N/A N/A,#N/A N/A,#N/A N/A,#N/A N/A,#N/A N/A,#N/A N/A,#N/A N/A,7568.115,1742.659,4788.855,NATIONAL FUEL GAS CO,91.1309,52.52,2810.788,31.528,7464.825
NFG US Equity 2022,1708.39,7.274,#N/A N/A,#N/A N/A,#N/A N/A,#N/A N/A,#N/A N/A,#N/A N/A,#N/A N/A,#N/A N/A,#N/A N/A,#N/A N/A,#N/A N/A,#N/A N/A,#N/A N/A,#N/A N/A,#N/A N/A,#N/A N/A,#N/A N/A,8313.9558,2186.046,5630.4748,NATIONAL FUEL GAS CO,91.4106,61.55,2729.529,46.048,7896.262
NFG US Equity 2023,1590.05,6.896,#N/A N/A,#N/A N/A,#N/A N/A,#N/A N/A,#N/A N/A,#N/A N/A,#N/A N/A,#N/A N/A,#N/A N/A,#N/A N/A,#N/A N/A,#N/A N/A,#N/A N/A,#N/A N/A,#N/A N/A,#N/A N/A,#N/A N/A,7422.3623,2173.771,4766.3453,NATIONAL FUEL GAS CO,91.7489,51.91,2711.464,55.447,8280.26
NFG US Equity 2024,#N/A N/A,#N/A N/A,#N/A N/A,#N/A N/A,#N/A N/A,#N/A N/A,#N/A N/A,#N/A N/A,#N/A N/A,#N/A N/A,#N/A N/A,#N/A N/A,#N/A N/A,#N/A N/A,#N/A N/A,#N/A N/A,#N/A N/A,#N/A N/A,#N/A N/A,8300.7282,1944.81,5515.8732,NATIONAL FUEL GAS CO,91.7912,60.61,2823.077,38.222,8319.77
NWMD IT Equity 2018,#N/A N/A,#N/A N/A,#N/A N/A,#N/A N/A,#N/A N/A,#N/A N/A,#N/A N/A,#N/A N/A,#N/A N/A,#N/A N/A,#N/A N/A,#N/A N/A,#N/A N/A,#N/A N/A,#N/A N/A,#N/A N/A,#N/A N/A,#N/A N/A,#N/A N/A,5332.9569,#N/A N/A,3077.2769,NEWMED ENERGY LP,1173.815,982,2585.718,330.038,3771.375
NWMD IT Equity 2019,#N/A N/A,#N/A N/A,#N/A N/A,#N/A N/A,#N/A N/A,#N/A N/A,#N/A N/A,#N/A N/A,#N/A N/A,#N/A N/A,#N/A N/A,#N/A N/A,#N/A N/A,#N/A N/A,#N/A N/A,#N/A N/A,#N/A N/A,#N/A N/A,#N/A N/A,6020.6102,#N/A N/A,2977.0132,NEWMED ENERGY LP,1173.815,876.1,3278.102,234.505,4503.073
NWMD IT Equity 2020,#N/A N/A,#N/A N/A,#N/A N/A,#N/A N/A,#N/A N/A,#N/A N/A,#N/A N/A,#N/A N/A,#N/A N/A,#N/A N/A,#N/A N/A,#N/A N/A,#N/A N/A,#N/A N/A,#N/A N/A,#N/A N/A,#N/A N/A,#N/A N/A,#N/A N/A,4426.0781,#N/A N/A,1416.9191,NEWMED ENERGY LP,1173.815,388,3248.505,239.346,4584.687
NWMD IT Equity 2021,69.806,1.676,#N/A N/A,#N/A N/A,#N/A N/A,#N/A N/A,#N/A N/A,#N/A N/A,#N/A N/A,#N/A N/A,#N/A N/A,#N/A N/A,#N/A N/A,#N/A N/A,#N/A N/A,#N/A N/A,#N/A N/A,#N/A N/A,#N/A N/A,4421.3651,#N/A N/A,2537.3971,NEWMED ENERGY LP,1173.815,672.3,2224.813,340.845,3850.136
NWMD IT Equity 2022,52.748,0.125,#N/A N/A,#N/A N/A,#N/A N/A,#N/A N/A,#N/A N/A,#N/A N/A,#N/A N/A,#N/A N/A,#N/A N/A,#N/A N/A,#N/A N/A,#N/A N/A,#N/A N/A,#N/A N/A,#N/A N/A,#N/A N/A,#N/A N/A,4357.026,#N/A N/A,2619.526,NEWMED ENERGY LP,1173.815,785,2155.8,418.3,3939
NWMD IT Equity 2023,48.312,0.124,#N/A N/A,#N/A N/A,#N/A N/A,#N/A N/A,#N/A N/A,#N/A N/A,#N/A N/A,#N/A N/A,#N/A N/A,#N/A N/A,#N/A N/A,#N/A N/A,#N/A N/A,#N/A N/A,#N/A N/A,#N/A N/A,#N/A N/A,5025.0817,934.6,3396.6817,NEWMED ENERGY LP,1173.815,1040,1815.1,186.7,3846.2
NWMD IT Equity 2024,#N/A N/A,#N/A N/A,#N/A N/A,#N/A N/A,#N/A N/A,#N/A N/A,#N/A N/A,#N/A N/A,#N/A N/A,#N/A N/A,#N/A N/A,#N/A N/A,#N/A N/A,#N/A N/A,#N/A N/A,#N/A N/A,#N/A N/A,#N/A N/A,#N/A N/A,4831.2205,973.058,3590.1205,NEWMED ENERGY LP,1173.815,1114,1625.6,384.5,3992.3
